Ticker,Timeframe,Date,Time,Open,High,Low,Close,Volume
OFZ 26207,D1,2025-12-01,00:00:00,94.07700000,94.55100000,93.80000000,94.25000000,196965
OFZ 26207,D1,2025-12-02,00:00:00,94.25000000,94.34900000,93.90000000,94.20700000,51351
OFZ 26207,D1,2025-12-03,00:00:00,94.30000000,94.65000000,94.05000000,94.37000000,33056
OFZ 26207,D1,2025-12-04,00:00:00,94.40000000,94.47900000,94.13000000,94.37700000,49142
OFZ 26207,D1,2025-12-05,00:00:00,94.46900000,94.59900000,94.33700000,94.45800000,20408
OFZ 26207,D1,2025-12-08,00:00:00,94.46700000,94.71700000,94.21000000,94.21000000,35707
OFZ 26207,D1,2025-12-09,00:00:00,94.34200000,94.49900000,94.20700000,94.41900000,65179
OFZ 26207,D1,2025-12-10,00:00:00,94.41800000,94.69900000,94.36100000,94.68600000,51520
OFZ 26207,D1,2025-12-11,00:00:00,94.71200000,94.74900000,94.24200000,94.45100000,26133
OFZ 26207,D1,2025-12-12,00:00:00,94.42000000,94.85000000,94.41100000,94.78600000,40384
OFZ 26207,D1,2025-12-15,00:00:00,94.78600000,94.87000000,94.57500000,94.64900000,477868
OFZ 26207,D1,2025-12-16,00:00:00,94.74900000,94.74900000,94.50100000,94.61600000,136205
OFZ 26207,D1,2025-12-17,00:00:00,94.61600000,94.74900000,94.39700000,94.73900000,148818
OFZ 26207,D1,2025-12-18,00:00:00,94.73900000,94.80000000,94.36000000,94.79800000,145505
OFZ 26207,D1,2025-12-19,00:00:00,94.79800000,94.88000000,94.00000000,94.71700000,136990
OFZ 26207,D1,2025-12-22,00:00:00,94.71600000,94.99800000,94.50000000,94.56600000,35718
OFZ 26207,D1,2025-12-23,00:00:00,94.62700000,95.00000000,94.46500000,94.66000000,34052
OFZ 26207,D1,2025-12-24,00:00:00,94.73300000,94.74800000,94.58000000,94.67300000,30194
OFZ 26207,D1,2025-12-25,00:00:00,94.67400000,94.79400000,94.57000000,94.72000000,66947
OFZ 26207,D1,2025-12-26,00:00:00,94.80400000,94.93700000,94.49000000,94.91000000,47992
OFZ 26207,D1,2025-12-29,00:00:00,94.92000000,95.32100000,94.92000000,95.12900000,61080
OFZ 26207,D1,2025-12-30,00:00:00,95.21900000,95.77000000,95.00100000,95.38100000,134353
OFZ 26207,D1,2026-01-05,00:00:00,95.38100000,95.84900000,95.20200000,95.31200000,27639
OFZ 26207,D1,2026-01-06,00:00:00,95.50000000,95.79700000,95.22700000,95.58000000,32187
OFZ 26207,D1,2026-01-08,00:00:00,95.70000000,95.84900000,95.40000000,95.40900000,22725
OFZ 26207,D1,2026-01-09,00:00:00,95.50800000,95.84700000,95.35000000,95.57000000,9628
OFZ 26207,D1,2026-01-12,00:00:00,95.60000000,95.96200000,95.01800000,95.17900000,34127
OFZ 26207,D1,2026-01-13,00:00:00,95.16400000,95.44800000,95.00000000,95.19600000,41192
OFZ 26207,D1,2026-01-14,00:00:00,95.39700000,95.41900000,95.02200000,95.17000000,50998
OFZ 26207,D1,2026-01-15,00:00:00,95.29900000,95.39600000,95.02400000,95.13000000,160590
OFZ 26207,D1,2026-01-16,00:00:00,95.18000000,95.40000000,95.00300000,95.35200000,18620
OFZ 26207,D1,2026-01-19,00:00:00,95.35200000,95.59800000,95.00000000,95.16900000,25735
OFZ 26207,D1,2026-01-20,00:00:00,95.26700000,95.32400000,95.00200000,95.11000000,63321
OFZ 26207,D1,2026-01-21,00:00:00,95.17400000,95.33500000,94.45500000,94.83100000,69062
OFZ 26207,D1,2026-01-22,00:00:00,94.98900000,95.09000000,94.50100000,95.05900000,32352
OFZ 26207,D1,2026-01-23,00:00:00,95.07600000,95.25400000,94.75600000,94.99900000,18461
OFZ 26207,D1,2026-01-26,00:00:00,94.99900000,95.25700000,94.60100000,94.79200000,40218
OFZ 26207,D1,2026-01-27,00:00:00,94.79000000,94.99700000,94.67000000,94.94900000,180476
OFZ 26207,D1,2026-01-28,00:00:00,94.94900000,95.05000000,94.50000000,94.99900000,74263
OFZ 26207,D1,2026-01-29,00:00:00,94.99900000,95.29800000,94.80200000,94.99900000,76470
OFZ 26207,D1,2026-01-30,00:00:00,95.09900000,95.44700000,94.75100000,95.31800000,294690
OFZ 26207,D1,2026-02-02,00:00:00,95.31900000,95.59700000,95.16000000,95.30000000,73477
OFZ 26207,D1,2026-02-03,00:00:00,95.24500000,95.40000000,94.90100000,95.33900000,60524
OFZ 26207,D1,2026-02-04,00:00:00,95.28800000,95.28800000,94.80100000,95.03400000,122431
OFZ 26207,D1,2026-02-05,00:00:00,95.03400000,95.14800000,94.68900000,95.01700000,114431
OFZ 26207,D1,2026-02-06,00:00:00,95.05000000,95.05000000,94.82000000,94.90900000,84593
OFZ 26207,D1,2026-02-09,00:00:00,94.90900000,95.15000000,94.80000000,95.13200000,95699
OFZ 26207,D1,2026-02-10,00:00:00,95.14500000,95.14500000,94.90600000,94.99300000,134219
OFZ 26207,D1,2026-02-11,00:00:00,95.09200000,95.22400000,94.93200000,95.21400000,42864
OFZ 26207,D1,2026-02-12,00:00:00,95.22500000,95.36100000,95.07100000,95.15900000,24770
OFZ 26207,D1,2026-02-13,00:00:00,95.15300000,95.26000000,94.95200000,95.17000000,62946
OFZ 26207,D1,2026-02-16,00:00:00,95.22000000,95.26000000,95.05100000,95.20200000,38718
OFZ 26207,D1,2026-02-17,00:00:00,95.18000000,95.25900000,95.00000000,95.19900000,42503
OFZ 26207,D1,2026-02-18,00:00:00,95.20000000,95.33900000,95.00200000,95.25000000,70581
OFZ 26207,D1,2026-02-19,00:00:00,95.34400000,95.35000000,95.15500000,95.19900000,81446
OFZ 26207,D1,2026-02-20,00:00:00,95.14200000,95.53000000,95.11100000,95.34500000,428847
OFZ 26207,D1,2026-02-24,00:00:00,95.36500000,95.60600000,95.30000000,95.39000000,90882
OFZ 26207,D1,2026-02-25,00:00:00,95.38900000,95.40800000,95.20200000,95.38300000,123396
OFZ 26207,D1,2026-02-26,00:00:00,95.20200000,95.43100000,95.20200000,95.38200000,26169
OFZ 26207,D1,2026-02-27,00:00:00,95.38200000,95.66000000,95.25000000,95.55000000,73095
OFZ 26207,D1,2026-03-02,00:00:00,95.60600000,95.88000000,95.32000000,95.54100000,329796
OFZ 26207,D1,2026-03-03,00:00:00,95.54100000,95.60000000,95.35000000,95.46500000,32006
OFZ 26207,D1,2026-03-04,00:00:00,95.56000000,95.60900000,95.43800000,95.54600000,27713
OFZ 26207,D1,2026-03-05,00:00:00,95.55000000,95.60000000,95.36600000,95.51300000,25455
OFZ 26207,D1,2026-03-06,00:00:00,95.50000000,95.73000000,95.40400000,95.66800000,12931
OFZ 26207,D1,2026-03-09,00:00:00,95.66800000,95.70000000,95.46100000,95.69500000,14205
OFZ 26207,D1,2026-03-10,00:00:00,95.69900000,95.79900000,95.52400000,95.70000000,16121
OFZ 26207,D1,2026-03-11,00:00:00,95.68900000,95.84100000,95.59000000,95.84000000,46551
OFZ 26207,D1,2026-03-12,00:00:00,95.84000000,95.87000000,95.64300000,95.84300000,79186
OFZ 26207,D1,2026-03-13,00:00:00,95.85000000,96.20000000,95.73100000,96.05100000,124930
OFZ 26207,D1,2026-03-16,00:00:00,96.05100000,96.59900000,95.85100000,96.24800000,227599
OFZ 26207,D1,2026-03-17,00:00:00,96.23700000,96.29800000,96.00300000,96.13000000,80970
OFZ 26207,D1,2026-03-18,00:00:00,96.13000000,96.38900000,95.80500000,96.17400000,564155
OFZ 26207,D1,2026-03-19,00:00:00,96.17400000,96.34900000,96.10000000,96.32500000,28302
OFZ 26207,D1,2026-03-20,00:00:00,96.36000000,96.70000000,96.10100000,96.60000000,322287
OFZ 26207,D1,2026-03-23,00:00:00,96.60000000,96.99400000,95.96400000,96.32000000,346333
OFZ 26207,D1,2026-03-24,00:00:00,96.27000000,96.70000000,96.16000000,96.55900000,21826
OFZ 26207,D1,2026-03-25,00:00:00,96.55900000,96.83700000,96.29900000,96.53500000,51318
OFZ 26207,D1,2026-03-26,00:00:00,96.53500000,96.79900000,96.50000000,96.59500000,75408
OFZ 26207,D1,2026-03-27,00:00:00,96.69600000,96.74900000,96.40000000,96.59900000,29025
OFZ 26207,D1,2026-03-28,00:00:00,96.59900000,96.79000000,96.40100000,96.57600000,10735
OFZ 26207,D1,2026-03-29,00:00:00,96.40100000,96.64900000,96.40000000,96.56000000,2871
OFZ 26207,D1,2026-03-30,00:00:00,96.59900000,96.79000000,96.20300000,96.55000000,43205
OFZ 26207,D1,2026-03-31,00:00:00,96.59700000,96.59700000,96.32000000,96.54900000,15332
OFZ 26207,D1,2026-04-01,00:00:00,96.59600000,96.66700000,96.25100000,96.53200000,48841
OFZ 26207,D1,2026-04-02,00:00:00,96.48400000,96.65000000,96.30200000,96.59400000,906786
OFZ 26207,D1,2026-04-03,00:00:00,96.59100000,96.79900000,96.48100000,96.79800000,824730
OFZ 26207,D1,2026-04-04,00:00:00,96.79700000,96.93000000,96.50000000,96.91500000,3002
OFZ 26207,D1,2026-04-05,00:00:00,96.70400000,97.00000000,96.70400000,96.91900000,1113
OFZ 26207,D1,2026-04-06,00:00:00,96.79700000,97.16400000,96.50000000,96.75700000,30410
OFZ 26207,D1,2026-04-07,00:00:00,96.89900000,96.89900000,96.60000000,96.60800000,82849
OFZ 26207,D1,2026-04-08,00:00:00,96.89700000,96.89800000,96.60300000,96.71400000,68182
OFZ 26207,D1,2026-04-09,00:00:00,96.60100000,96.80000000,96.48100000,96.56000000,242742
OFZ 26207,D1,2026-04-10,00:00:00,96.56000000,96.74100000,96.50000000,96.57700000,47951
OFZ 26207,D1,2026-04-11,00:00:00,96.57700000,96.69400000,96.48100000,96.62600000,1616
OFZ 26207,D1,2026-04-12,00:00:00,96.62600000,96.62600000,96.46400000,96.61200000,1710
OFZ 26207,D1,2026-04-13,00:00:00,96.57700000,96.99000000,96.45900000,96.65800000,126944
OFZ 26207,D1,2026-04-14,00:00:00,96.65800000,96.80000000,96.55000000,96.68500000,37112
OFZ 26207,D1,2026-04-15,00:00:00,96.57300000,96.80000000,96.50200000,96.74500000,148864
OFZ 26207,D1,2026-04-16,00:00:00,96.60100000,96.88000000,96.60100000,96.74800000,44130
OFZ 26207,D1,2026-04-17,00:00:00,96.74500000,96.80600000,96.60400000,96.78600000,12382
OFZ 26207,D1,2026-04-18,00:00:00,96.84800000,96.84800000,96.71000000,96.82500000,1641
OFZ 26207,D1,2026-04-19,00:00:00,96.83000000,96.83000000,96.71000000,96.78900000,3283
OFZ 26207,D1,2026-04-20,00:00:00,96.84800000,96.88200000,96.62000000,96.84400000,70037
OFZ 26207,D1,2026-04-21,00:00:00,96.84500000,96.84500000,96.61200000,96.79900000,1001314
OFZ 26207,D1,2026-04-22,00:00:00,96.88600000,96.88600000,96.70000000,96.82700000,28218
OFZ 26207,D1,2026-04-23,00:00:00,96.83000000,96.87600000,96.69000000,96.81400000,21816
OFZ 26207,D1,2026-04-24,00:00:00,96.84000000,96.86200000,96.66000000,96.72100000,44127
OFZ 26207,D1,2026-04-25,00:00:00,96.72000000,96.83700000,96.66100000,96.77400000,1734
OFZ 26207,D1,2026-04-26,00:00:00,96.77500000,96.79200000,96.66100000,96.74500000,1788
OFZ 26207,D1,2026-04-27,00:00:00,96.72000000,98.92100000,96.66100000,96.79000000,26429
OFZ 26207,D1,2026-04-28,00:00:00,96.79000000,96.91900000,96.72200000,96.74900000,19780
OFZ 26207,D1,2026-04-29,00:00:00,96.84900000,96.86800000,96.70000000,96.70000000,24747
OFZ 26207,D1,2026-04-30,00:00:00,96.75100000,96.93000000,96.62000000,96.89500000,19227
OFZ 26207,D1,2026-05-02,00:00:00,96.87200000,96.89900000,96.68300000,96.83800000,2463
OFZ 26207,D1,2026-05-03,00:00:00,96.83800000,96.89500000,96.66300000,96.85000000,3510
OFZ 26207,D1,2026-05-04,00:00:00,96.89500000,96.92900000,96.60100000,96.82900000,21583
OFZ 26207,D1,2026-05-05,00:00:00,96.85100000,96.88700000,96.50000000,96.77100000,25034
OFZ 26207,D1,2026-05-06,00:00:00,96.88600000,96.89500000,96.65100000,96.87900000,44349
OFZ 26207,D1,2026-05-07,00:00:00,96.87000000,96.87900000,96.65900000,96.81800000,8302
OFZ 26207,D1,2026-05-08,00:00:00,96.87800000,96.89700000,96.55100000,96.81500000,26261
OFZ 26207,D1,2026-05-11,00:00:00,96.81500000,96.89600000,96.59300000,96.75900000,8336
OFZ 26207,D1,2026-05-12,00:00:00,96.75900000,96.95000000,96.68200000,96.81100000,25556
OFZ 26207,D1,2026-05-13,00:00:00,96.89800000,96.95000000,96.79000000,96.88700000,17631
OFZ 26207,D1,2026-05-14,00:00:00,96.71100000,96.98200000,96.70500000,96.95000000,18054
OFZ 26207,D1,2026-05-15,00:00:00,96.80400000,97.05800000,96.68200000,97.05800000,15930
OFZ 26207,D1,2026-05-16,00:00:00,97.06300000,97.09000000,96.78000000,97.02900000,2504
OFZ 26207,D1,2026-05-17,00:00:00,97.05800000,97.09200000,96.83200000,96.99800000,1882
OFZ 26207,D1,2026-05-18,00:00:00,97.06300000,97.39800000,96.78000000,96.91000000,228561
OFZ 26207,D1,2026-05-19,00:00:00,96.91000000,97.09900000,96.65100000,96.88500000,68760
OFZ 26207,D1,2026-05-20,00:00:00,96.88500000,96.99900000,96.75000000,96.99800000,134391
OFZ 26207,D1,2026-05-21,00:00:00,96.99800000,97.09800000,96.80400000,96.88000000,34368
OFZ 26207,D1,2026-05-22,00:00:00,96.81500000,97.10000000,96.81100000,97.04400000,15619
OFZ 26207,D1,2026-05-23,00:00:00,97.10000000,97.16900000,97.10000000,97.16700000,2038
OFZ 26207,D1,2026-05-24,00:00:00,97.04400000,97.16600000,96.91500000,97.11100000,828
OFZ 26207,D1,2026-05-25,00:00:00,97.10000000,97.17000000,96.85000000,96.95900000,54430
OFZ 26207,D1,2026-05-26,00:00:00,96.97900000,96.99200000,96.81200000,96.86200000,56530
OFZ 26207,D1,2026-05-27,00:00:00,96.96800000,97.14800000,96.85100000,97.10200000,58558
OFZ 26207,D1,2026-05-28,00:00:00,97.15500000,97.55000000,96.80000000,97.17100000,165892
OFZ 26207,D1,2026-05-29,00:00:00,97.09000000,97.31200000,96.91200000,97.09300000,62740
OFZ 26207,D1,2026-05-30,00:00:00,97.09300000,97.39700000,97.00000000,97.27000000,6314
OFZ 26207,D1,2026-05-31,00:00:00,97.22000000,97.39000000,97.22000000,97.24900000,2440
OFZ 26207,MN1,2025-12-31,00:00:00,94.07700000,95.77000000,93.80000000,95.38100000,2025567
OFZ 26207,MN1,2026-01-31,00:00:00,95.38100000,95.96200000,94.45500000,95.31800000,1272754
OFZ 26207,MN1,2026-02-28,00:00:00,95.31900000,95.66000000,94.68900000,95.55000000,1791591
OFZ 26207,MN1,2026-03-31,00:00:00,95.60600000,96.99400000,95.32000000,96.54900000,2528260
OFZ 26207,MN1,2026-04-30,00:00:00,96.59600000,98.92100000,96.25100000,96.89500000,3893505
OFZ 26207,W1,2025-12-07,00:00:00,94.07700000,94.65000000,93.80000000,94.45800000,350922
OFZ 26207,W1,2025-12-14,00:00:00,94.46700000,94.85000000,94.20700000,94.78600000,218923
OFZ 26207,W1,2025-12-21,00:00:00,94.78600000,94.88000000,94.00000000,94.71700000,1045386
OFZ 26207,W1,2025-12-28,00:00:00,94.71600000,95.00000000,94.46500000,94.91000000,214903
OFZ 26207,W1,2026-01-04,00:00:00,94.92000000,95.77000000,94.92000000,95.38100000,195433
OFZ 26207,W1,2026-01-11,00:00:00,95.38100000,95.84900000,95.20200000,95.57000000,92179
OFZ 26207,W1,2026-01-18,00:00:00,95.60000000,95.96200000,95.00000000,95.35200000,305527
OFZ 26207,W1,2026-01-25,00:00:00,95.35200000,95.59800000,94.45500000,94.99900000,208931
OFZ 26207,W1,2026-02-01,00:00:00,94.99900000,95.44700000,94.50000000,95.31800000,666117
OFZ 26207,W1,2026-02-08,00:00:00,95.31900000,95.59700000,94.68900000,94.90900000,455456
OFZ 26207,W1,2026-02-15,00:00:00,94.90900000,95.36100000,94.80000000,95.17000000,360498
OFZ 26207,W1,2026-02-22,00:00:00,95.22000000,95.53000000,95.00000000,95.34500000,662095
OFZ 26207,W1,2026-03-01,00:00:00,95.36500000,95.66000000,95.20200000,95.55000000,313542
OFZ 26207,W1,2026-03-08,00:00:00,95.60600000,95.88000000,95.32000000,95.66800000,427901
OFZ 26207,W1,2026-03-15,00:00:00,95.66800000,96.20000000,95.46100000,96.05100000,280993
OFZ 26207,W1,2026-03-22,00:00:00,96.05100000,96.70000000,95.80500000,96.60000000,1223313
OFZ 26207,W1,2026-03-29,00:00:00,96.60000000,96.99400000,95.96400000,96.56000000,537516
OFZ 26207,W1,2026-04-05,00:00:00,96.59900000,97.00000000,96.20300000,96.91900000,1843009
OFZ 26207,W1,2026-04-12,00:00:00,96.79700000,97.16400000,96.46400000,96.61200000,475460
OFZ 26207,W1,2026-04-19,00:00:00,96.57700000,96.99000000,96.45900000,96.78900000,374356
OFZ 26207,W1,2026-04-26,00:00:00,96.84800000,96.88600000,96.61200000,96.74500000,1169034
OFZ 26207,W1,2026-05-03,00:00:00,96.72000000,98.92100000,96.62000000,96.85000000,96156
OFZ 26207,W1,2026-05-10,00:00:00,96.89500000,96.92900000,96.50000000,96.81500000,125529
OFZ 26207,W1,2026-05-17,00:00:00,96.81500000,97.09200000,96.59300000,96.99800000,89893
OFZ 26207,W1,2026-05-24,00:00:00,97.06300000,97.39800000,96.65100000,97.11100000,484565
OFZ 26212,D1,2025-12-01,00:00:00,87.55000000,87.90000000,86.95000000,87.77200000,179547
OFZ 26212,D1,2025-12-02,00:00:00,87.85300000,87.95000000,87.39900000,87.89100000,17294
OFZ 26212,D1,2025-12-03,00:00:00,87.95800000,88.35000000,87.33700000,88.29000000,29424
OFZ 26212,D1,2025-12-04,00:00:00,88.34900000,88.35000000,87.80000000,88.34300000,169565
OFZ 26212,D1,2025-12-05,00:00:00,88.34600000,88.64200000,88.12700000,88.53500000,58023
OFZ 26212,D1,2025-12-08,00:00:00,88.51000000,88.63300000,88.31000000,88.36500000,153674
OFZ 26212,D1,2025-12-09,00:00:00,88.57200000,88.81200000,88.32100000,88.62800000,133022
OFZ 26212,D1,2025-12-10,00:00:00,88.62800000,88.83800000,88.31800000,88.79600000,49510
OFZ 26212,D1,2025-12-11,00:00:00,88.82000000,88.98900000,88.49600000,88.94300000,184909
OFZ 26212,D1,2025-12-12,00:00:00,88.75000000,89.17800000,88.55000000,89.06100000,75735
OFZ 26212,D1,2025-12-15,00:00:00,89.03000000,89.28000000,88.80100000,89.27300000,137643
OFZ 26212,D1,2025-12-16,00:00:00,89.25500000,89.27800000,88.97500000,89.19300000,116752
OFZ 26212,D1,2025-12-17,00:00:00,89.19300000,89.29800000,88.80300000,88.89900000,55319
OFZ 26212,D1,2025-12-18,00:00:00,88.94400000,89.11000000,88.72700000,88.85000000,66158
OFZ 26212,D1,2025-12-19,00:00:00,88.89600000,89.19000000,88.00100000,88.52700000,34598
OFZ 26212,D1,2025-12-22,00:00:00,88.52700000,88.99900000,88.11500000,88.60600000,102741
OFZ 26212,D1,2025-12-23,00:00:00,88.64600000,88.69800000,88.31000000,88.36600000,60108
OFZ 26212,D1,2025-12-24,00:00:00,88.49600000,88.60000000,88.12300000,88.59500000,138948
OFZ 26212,D1,2025-12-25,00:00:00,88.60600000,89.19300000,88.39700000,88.83300000,110436
OFZ 26212,D1,2025-12-26,00:00:00,89.04900000,89.25200000,88.42200000,89.17100000,158894
OFZ 26212,D1,2025-12-29,00:00:00,89.17400000,89.31500000,88.39000000,89.15000000,86081
OFZ 26212,D1,2025-12-30,00:00:00,89.15000000,89.15000000,88.15000000,88.52400000,212562
OFZ 26212,D1,2026-01-05,00:00:00,88.52400000,89.17000000,88.52400000,89.08500000,20856
OFZ 26212,D1,2026-01-06,00:00:00,88.93700000,89.52200000,88.84500000,88.97000000,13605
OFZ 26212,D1,2026-01-08,00:00:00,89.01500000,89.42900000,88.93900000,89.02700000,10089
OFZ 26212,D1,2026-01-09,00:00:00,89.21800000,89.30000000,88.68900000,88.99900000,6864
OFZ 26212,D1,2026-01-12,00:00:00,89.24200000,89.58800000,88.74800000,88.89100000,18601
OFZ 26212,D1,2026-01-13,00:00:00,89.08500000,89.19100000,88.72100000,89.10300000,15141
OFZ 26212,D1,2026-01-14,00:00:00,89.25900000,89.25900000,88.80000000,89.08500000,68766
OFZ 26212,D1,2026-01-15,00:00:00,89.09800000,89.13400000,88.69000000,88.87400000,16967
OFZ 26212,D1,2026-01-16,00:00:00,89.01200000,89.23200000,88.63300000,89.08500000,19257
OFZ 26212,D1,2026-01-19,00:00:00,89.10000000,89.70600000,89.00100000,89.07400000,37201
OFZ 26212,D1,2026-01-20,00:00:00,89.39000000,89.39100000,88.70000000,89.08300000,54260
OFZ 26212,D1,2026-01-21,00:00:00,89.08300000,89.11700000,88.60200000,88.69000000,43535
OFZ 26212,D1,2026-01-22,00:00:00,88.75000000,88.75000000,88.30000000,88.56800000,33716
OFZ 26212,D1,2026-01-23,00:00:00,88.58300000,88.58400000,88.30000000,88.53400000,28082
OFZ 26212,D1,2026-01-26,00:00:00,88.53400000,88.58500000,88.30000000,88.44400000,31178
OFZ 26212,D1,2026-01-27,00:00:00,88.54400000,88.54400000,87.97000000,88.54100000,15132
OFZ 26212,D1,2026-01-28,00:00:00,88.54100000,88.67500000,88.20000000,88.63300000,15245
OFZ 26212,D1,2026-01-29,00:00:00,88.65400000,88.80200000,88.32600000,88.69900000,17514
OFZ 26212,D1,2026-01-30,00:00:00,88.83900000,88.90000000,88.18400000,88.67100000,11021
OFZ 26212,D1,2026-02-02,00:00:00,88.67100000,88.95000000,88.42700000,88.75900000,44598
OFZ 26212,D1,2026-02-03,00:00:00,88.70000000,89.02000000,88.36100000,88.91200000,104519
OFZ 26212,D1,2026-02-04,00:00:00,88.91200000,89.07100000,88.75700000,88.79200000,97889
OFZ 26212,D1,2026-02-05,00:00:00,88.75700000,89.00000000,88.65700000,88.85600000,46755
OFZ 26212,D1,2026-02-06,00:00:00,88.86400000,89.00000000,88.71300000,88.80000000,15117
OFZ 26212,D1,2026-02-09,00:00:00,88.89800000,89.03900000,88.60300000,88.97200000,86949
OFZ 26212,D1,2026-02-10,00:00:00,89.00000000,89.00000000,88.60500000,88.89300000,123768
OFZ 26212,D1,2026-02-11,00:00:00,88.89800000,89.27600000,88.70300000,89.21300000,38709
OFZ 26212,D1,2026-02-12,00:00:00,89.20200000,89.27400000,88.90000000,89.15500000,22876
OFZ 26212,D1,2026-02-13,00:00:00,89.20000000,89.32900000,88.60000000,89.27800000,31999
OFZ 26212,D1,2026-02-16,00:00:00,89.27600000,89.36000000,89.00200000,89.19700000,22635
OFZ 26212,D1,2026-02-17,00:00:00,89.19100000,89.42700000,88.90200000,89.42200000,123926
OFZ 26212,D1,2026-02-18,00:00:00,89.28200000,89.57000000,88.93200000,89.54100000,66231
OFZ 26212,D1,2026-02-19,00:00:00,89.55800000,89.59900000,89.33700000,89.56200000,51117
OFZ 26212,D1,2026-02-20,00:00:00,89.56200000,89.65000000,89.40500000,89.63900000,37346
OFZ 26212,D1,2026-02-24,00:00:00,89.63900000,89.74700000,89.35900000,89.36200000,85611
OFZ 26212,D1,2026-02-25,00:00:00,89.24800000,89.74700000,89.19700000,89.44200000,18067
OFZ 26212,D1,2026-02-26,00:00:00,89.25100000,89.61000000,89.25100000,89.25800000,12238
OFZ 26212,D1,2026-02-27,00:00:00,89.35800000,89.64000000,89.25800000,89.38900000,50647
OFZ 26212,D1,2026-03-02,00:00:00,89.38500000,89.55100000,89.00000000,89.54900000,245886
OFZ 26212,D1,2026-03-03,00:00:00,89.42600000,89.65600000,89.29300000,89.65500000,54158
OFZ 26212,D1,2026-03-04,00:00:00,89.65500000,89.79000000,89.39400000,89.57400000,10934
OFZ 26212,D1,2026-03-05,00:00:00,89.79100000,89.80000000,89.50100000,89.58100000,42261
OFZ 26212,D1,2026-03-06,00:00:00,89.79900000,89.79900000,89.52600000,89.63500000,39508
OFZ 26212,D1,2026-03-09,00:00:00,89.63400000,89.87200000,89.50000000,89.70800000,16217
OFZ 26212,D1,2026-03-10,00:00:00,89.70000000,89.87200000,89.69400000,89.79900000,148027
OFZ 26212,D1,2026-03-11,00:00:00,89.87000000,89.90700000,89.65100000,89.88600000,170010
OFZ 26212,D1,2026-03-12,00:00:00,89.79900000,90.29000000,89.72300000,90.29000000,369524
OFZ 26212,D1,2026-03-13,00:00:00,90.29900000,90.87200000,90.18800000,90.78500000,25663
OFZ 26212,D1,2026-03-16,00:00:00,90.86900000,91.42600000,90.21600000,90.44500000,511882
OFZ 26212,D1,2026-03-17,00:00:00,90.40000000,90.49600000,90.20000000,90.41700000,518763
OFZ 26212,D1,2026-03-18,00:00:00,90.59900000,90.80000000,90.17800000,90.52500000,47082
OFZ 26212,D1,2026-03-19,00:00:00,90.59900000,90.87200000,90.50200000,90.67600000,31646
OFZ 26212,D1,2026-03-20,00:00:00,90.80000000,90.98900000,90.50000000,90.98800000,55628
OFZ 26212,D1,2026-03-23,00:00:00,90.98800000,91.25000000,90.59000000,91.07900000,320453
OFZ 26212,D1,2026-03-24,00:00:00,91.08300000,91.48700000,90.90000000,91.22000000,272996
OFZ 26212,D1,2026-03-25,00:00:00,91.45500000,91.55900000,91.25200000,91.46600000,14394
OFZ 26212,D1,2026-03-26,00:00:00,91.49500000,91.50400000,91.09900000,91.27300000,26150
OFZ 26212,D1,2026-03-27,00:00:00,91.26500000,91.41500000,91.00400000,91.05500000,704516
OFZ 26212,D1,2026-03-28,00:00:00,91.30000000,91.38200000,91.00000000,91.36600000,3063
OFZ 26212,D1,2026-03-29,00:00:00,91.36600000,91.48500000,91.17900000,91.26200000,1116
OFZ 26212,D1,2026-03-30,00:00:00,91.30000000,91.48500000,90.97000000,91.20000000,53146
OFZ 26212,D1,2026-03-31,00:00:00,91.19900000,91.22400000,90.90000000,91.18100000,17683
OFZ 26212,D1,2026-04-01,00:00:00,91.03600000,91.35300000,90.99100000,91.26700000,36355
OFZ 26212,D1,2026-04-02,00:00:00,91.04600000,91.40200000,91.00200000,91.29600000,50041
OFZ 26212,D1,2026-04-03,00:00:00,91.19000000,91.48800000,91.00100000,91.33200000,47667
OFZ 26212,D1,2026-04-04,00:00:00,91.48900000,91.59300000,91.16000000,91.45200000,1414
OFZ 26212,D1,2026-04-05,00:00:00,91.45200000,91.50000000,91.20800000,91.48500000,1256
OFZ 26212,D1,2026-04-06,00:00:00,91.48900000,91.59300000,91.16000000,91.49700000,45621
OFZ 26212,D1,2026-04-07,00:00:00,91.25000000,91.64400000,91.20300000,91.44700000,68805
OFZ 26212,D1,2026-04-08,00:00:00,91.50000000,91.99800000,91.35800000,91.56400000,48248
OFZ 26212,D1,2026-04-09,00:00:00,91.54500000,91.72600000,91.21300000,91.38800000,20586
OFZ 26212,D1,2026-04-10,00:00:00,91.49800000,91.54900000,91.21600000,91.54800000,81050
OFZ 26212,D1,2026-04-11,00:00:00,91.54800000,91.60000000,91.30000000,91.56600000,2572
OFZ 26212,D1,2026-04-12,00:00:00,91.56300000,91.56500000,91.33200000,91.56300000,886
OFZ 26212,D1,2026-04-13,00:00:00,91.54800000,91.60000000,91.25000000,91.41800000,17763
OFZ 26212,D1,2026-04-14,00:00:00,91.49900000,91.57900000,91.26000000,91.46000000,16698
OFZ 26212,D1,2026-04-15,00:00:00,91.46000000,91.76800000,91.20400000,91.64900000,34932
OFZ 26212,D1,2026-04-16,00:00:00,91.64900000,91.74800000,91.40400000,91.58400000,13038
OFZ 26212,D1,2026-04-17,00:00:00,91.69900000,91.69900000,91.30200000,91.64300000,10397
OFZ 26212,D1,2026-04-18,00:00:00,91.65900000,91.73400000,91.46500000,91.71900000,2488
OFZ 26212,D1,2026-04-19,00:00:00,91.64300000,91.74800000,91.52200000,91.74600000,8223
OFZ 26212,D1,2026-04-20,00:00:00,91.65900000,91.80000000,91.46500000,91.79400000,41859
OFZ 26212,D1,2026-04-21,00:00:00,91.67000000,91.80000000,91.55000000,91.71300000,29457
OFZ 26212,D1,2026-04-22,00:00:00,91.90000000,92.12400000,91.70000000,91.78800000,193220
OFZ 26212,D1,2026-04-23,00:00:00,91.78800000,91.89800000,91.60100000,91.60900000,119685
OFZ 26212,D1,2026-04-24,00:00:00,91.89900000,91.90000000,90.61200000,91.23000000,271847
OFZ 26212,D1,2026-04-25,00:00:00,91.19000000,91.40600000,91.05300000,91.35500000,1433
OFZ 26212,D1,2026-04-26,00:00:00,91.40000000,91.45400000,91.20100000,91.35000000,3990
OFZ 26212,D1,2026-04-27,00:00:00,91.19000000,91.56000000,91.05200000,91.19300000,28928
OFZ 26212,D1,2026-04-28,00:00:00,91.20000000,91.47800000,91.05100000,91.17100000,46836
OFZ 26212,D1,2026-04-29,00:00:00,91.37100000,91.60000000,91.21300000,91.52600000,806080
OFZ 26212,D1,2026-04-30,00:00:00,91.64900000,91.64900000,91.45000000,91.61200000,17784
OFZ 26212,D1,2026-05-02,00:00:00,91.74600000,91.83000000,91.40500000,91.83000000,1824
OFZ 26212,D1,2026-05-03,00:00:00,91.83000000,91.84500000,91.46600000,91.73000000,1374
OFZ 26212,D1,2026-05-04,00:00:00,91.62400000,91.84500000,91.20900000,91.57200000,267022
OFZ 26212,D1,2026-05-05,00:00:00,91.74000000,91.84600000,91.40000000,91.46000000,17695
OFZ 26212,D1,2026-05-06,00:00:00,91.69400000,91.69400000,91.40200000,91.53300000,14823
OFZ 26212,D1,2026-05-07,00:00:00,91.53300000,91.67200000,91.40000000,91.49800000,14550
OFZ 26212,D1,2026-05-08,00:00:00,91.48000000,91.66900000,91.23000000,91.47900000,47746
OFZ 26212,D1,2026-05-11,00:00:00,91.47900000,91.69900000,91.45100000,91.59900000,4463
OFZ 26212,D1,2026-05-12,00:00:00,91.69800000,91.70000000,91.45000000,91.68700000,19502
OFZ 26212,D1,2026-05-13,00:00:00,91.68900000,91.76500000,91.51300000,91.70300000,35643
OFZ 26212,D1,2026-05-14,00:00:00,91.51000000,91.89500000,91.51000000,91.73800000,12023
OFZ 26212,D1,2026-05-15,00:00:00,91.89700000,91.89700000,91.40400000,91.80000000,15226
OFZ 26212,D1,2026-05-16,00:00:00,91.89800000,91.94800000,91.60500000,91.70400000,3377
OFZ 26212,D1,2026-05-17,00:00:00,91.70400000,91.94900000,91.61300000,91.87800000,1564
OFZ 26212,D1,2026-05-18,00:00:00,91.89800000,91.94900000,91.60500000,91.69600000,24281
OFZ 26212,D1,2026-05-19,00:00:00,91.70000000,91.78100000,91.50200000,91.60800000,147688
OFZ 26212,D1,2026-05-20,00:00:00,91.77000000,91.90000000,91.50000000,91.90000000,116522
OFZ 26212,D1,2026-05-21,00:00:00,91.90500000,91.94800000,91.60300000,91.89600000,35416
OFZ 26212,D1,2026-05-22,00:00:00,91.89600000,91.94700000,91.55200000,91.65300000,15764
OFZ 26212,D1,2026-05-23,00:00:00,91.80000000,91.80000000,91.50200000,91.67800000,714
OFZ 26212,D1,2026-05-24,00:00:00,91.67800000,91.84800000,91.51000000,91.79800000,2110
OFZ 26212,D1,2026-05-25,00:00:00,91.80000000,91.84800000,91.50200000,91.60000000,45738
OFZ 26212,D1,2026-05-26,00:00:00,91.74700000,91.74800000,91.50200000,91.69900000,394120
OFZ 26212,D1,2026-05-27,00:00:00,91.50200000,91.90000000,91.50200000,91.79500000,105688
OFZ 26212,D1,2026-05-28,00:00:00,91.79500000,91.94500000,91.65000000,91.76900000,9382
OFZ 26212,D1,2026-05-29,00:00:00,91.76900000,91.99500000,91.60100000,91.74200000,24630
OFZ 26212,D1,2026-05-30,00:00:00,91.79900000,91.80000000,91.60100000,91.77200000,2065
OFZ 26212,D1,2026-05-31,00:00:00,91.74200000,91.94900000,91.70000000,91.93600000,2176
OFZ 26212,MN1,2025-12-31,00:00:00,87.55000000,89.31500000,86.95000000,88.52400000,2330943
OFZ 26212,MN1,2026-01-31,00:00:00,88.52400000,89.70600000,87.97000000,88.67100000,477030
OFZ 26212,MN1,2026-02-28,00:00:00,88.67100000,89.74700000,88.36100000,89.38900000,1080997
OFZ 26212,MN1,2026-03-31,00:00:00,89.38500000,91.55900000,89.00000000,91.18100000,3700706
OFZ 26212,MN1,2026-04-30,00:00:00,91.03600000,92.12400000,90.61200000,91.61200000,2069159
OFZ 26212,W1,2025-12-07,00:00:00,87.55000000,88.64200000,86.95000000,88.53500000,453853
OFZ 26212,W1,2025-12-14,00:00:00,88.51000000,89.17800000,88.31000000,89.06100000,596850
OFZ 26212,W1,2025-12-21,00:00:00,89.03000000,89.29800000,88.00100000,88.52700000,410470
OFZ 26212,W1,2025-12-28,00:00:00,88.52700000,89.25200000,88.11500000,89.17100000,571127
OFZ 26212,W1,2026-01-04,00:00:00,89.17400000,89.31500000,88.15000000,88.52400000,298643
OFZ 26212,W1,2026-01-11,00:00:00,88.52400000,89.52200000,88.52400000,88.99900000,51414
OFZ 26212,W1,2026-01-18,00:00:00,89.24200000,89.58800000,88.63300000,89.08500000,138732
OFZ 26212,W1,2026-01-25,00:00:00,89.10000000,89.70600000,88.30000000,88.53400000,196794
OFZ 26212,W1,2026-02-01,00:00:00,88.53400000,88.90000000,87.97000000,88.67100000,90090
OFZ 26212,W1,2026-02-08,00:00:00,88.67100000,89.07100000,88.36100000,88.80000000,308878
OFZ 26212,W1,2026-02-15,00:00:00,88.89800000,89.32900000,88.60000000,89.27800000,304301
OFZ 26212,W1,2026-02-22,00:00:00,89.27600000,89.65000000,88.90200000,89.63900000,301255
OFZ 26212,W1,2026-03-01,00:00:00,89.63900000,89.74700000,89.19700000,89.38900000,166563
OFZ 26212,W1,2026-03-08,00:00:00,89.38500000,89.80000000,89.00000000,89.63500000,392747
OFZ 26212,W1,2026-03-15,00:00:00,89.63400000,90.87200000,89.50000000,90.78500000,729441
OFZ 26212,W1,2026-03-22,00:00:00,90.86900000,91.42600000,90.17800000,90.98800000,1165001
OFZ 26212,W1,2026-03-29,00:00:00,90.98800000,91.55900000,90.59000000,91.26200000,1342688
OFZ 26212,W1,2026-04-05,00:00:00,91.30000000,91.59300000,90.90000000,91.48500000,207562
OFZ 26212,W1,2026-04-12,00:00:00,91.48900000,91.99800000,91.16000000,91.56300000,267768
OFZ 26212,W1,2026-04-19,00:00:00,91.54800000,91.76800000,91.20400000,91.74600000,103539
OFZ 26212,W1,2026-04-26,00:00:00,91.65900000,92.12400000,90.61200000,91.35000000,661491
OFZ 26212,W1,2026-05-03,00:00:00,91.19000000,91.84500000,91.05100000,91.73000000,902826
OFZ 26212,W1,2026-05-10,00:00:00,91.62400000,91.84600000,91.20900000,91.47900000,361836
OFZ 26212,W1,2026-05-17,00:00:00,91.47900000,91.94900000,91.40400000,91.87800000,91798
OFZ 26212,W1,2026-05-24,00:00:00,91.89800000,91.94900000,91.50000000,91.79800000,342495
OFZ 26218,D1,2025-12-01,00:00:00,78.20300000,78.57200000,77.50200000,78.00200000,34898
OFZ 26218,D1,2025-12-02,00:00:00,78.22700000,78.34900000,77.80100000,78.17400000,17945
OFZ 26218,D1,2025-12-03,00:00:00,78.20200000,78.50000000,77.71300000,78.49500000,68793
OFZ 26218,D1,2025-12-04,00:00:00,78.57400000,78.77900000,78.37000000,78.76400000,84495
OFZ 26218,D1,2025-12-05,00:00:00,78.77900000,79.40000000,78.66800000,79.10300000,31207
OFZ 26218,D1,2025-12-08,00:00:00,79.10300000,79.28000000,78.70200000,78.89600000,22337
OFZ 26218,D1,2025-12-09,00:00:00,78.99900000,79.10000000,78.70000000,78.96300000,72318
OFZ 26218,D1,2025-12-10,00:00:00,79.04400000,79.28900000,78.80900000,79.01500000,83914
OFZ 26218,D1,2025-12-11,00:00:00,79.02000000,79.54300000,79.00200000,79.49100000,185863
OFZ 26218,D1,2025-12-12,00:00:00,79.49200000,79.70000000,78.90200000,79.69500000,115251
OFZ 26218,D1,2025-12-15,00:00:00,79.69600000,80.10000000,79.38400000,79.98500000,28563
OFZ 26218,D1,2025-12-16,00:00:00,79.95500000,80.25700000,79.77000000,79.92000000,40438
OFZ 26218,D1,2025-12-17,00:00:00,79.91700000,80.50000000,79.50000000,80.41700000,36991
OFZ 26218,D1,2025-12-18,00:00:00,80.41800000,80.50000000,79.90100000,80.24100000,32069
OFZ 26218,D1,2025-12-19,00:00:00,80.33700000,80.50100000,79.02000000,79.50500000,31226
OFZ 26218,D1,2025-12-22,00:00:00,79.67800000,79.67800000,79.00100000,79.11200000,10934
OFZ 26218,D1,2025-12-23,00:00:00,79.10100000,79.11200000,78.62000000,78.69600000,23154
OFZ 26218,D1,2025-12-24,00:00:00,78.89900000,79.05700000,78.33400000,78.61900000,53129
OFZ 26218,D1,2025-12-25,00:00:00,78.64400000,78.88600000,78.32700000,78.55000000,17463
OFZ 26218,D1,2025-12-26,00:00:00,78.55000000,78.85200000,78.46000000,78.76200000,37449
OFZ 26218,D1,2025-12-29,00:00:00,78.80000000,79.63200000,78.79100000,79.52500000,68167
OFZ 26218,D1,2025-12-30,00:00:00,79.62500000,79.79000000,79.02100000,79.29900000,46597
OFZ 26218,D1,2026-01-05,00:00:00,79.54000000,79.64900000,79.29900000,79.55100000,10783
OFZ 26218,D1,2026-01-06,00:00:00,79.68500000,79.72600000,79.33000000,79.33000000,11929
OFZ 26218,D1,2026-01-08,00:00:00,79.41200000,79.55000000,79.15400000,79.19900000,9050
OFZ 26218,D1,2026-01-09,00:00:00,79.19900000,79.28200000,79.03300000,79.10800000,7147
OFZ 26218,D1,2026-01-12,00:00:00,79.15300000,79.19900000,78.20000000,78.36900000,34794
OFZ 26218,D1,2026-01-13,00:00:00,78.51500000,78.58400000,78.11000000,78.20100000,17635
OFZ 26218,D1,2026-01-14,00:00:00,78.18300000,78.76200000,78.10200000,78.32500000,18822
OFZ 26218,D1,2026-01-15,00:00:00,78.58900000,78.68200000,78.08000000,78.62000000,16757
OFZ 26218,D1,2026-01-16,00:00:00,78.62300000,78.95300000,78.33400000,78.95200000,11814
OFZ 26218,D1,2026-01-19,00:00:00,78.98900000,79.06200000,78.60500000,78.75800000,78601
OFZ 26218,D1,2026-01-20,00:00:00,78.78100000,78.96000000,78.50000000,78.66000000,10318
OFZ 26218,D1,2026-01-21,00:00:00,78.50200000,78.87000000,78.40000000,78.44900000,80872
OFZ 26218,D1,2026-01-22,00:00:00,78.48900000,78.80000000,78.05000000,78.78800000,30835
OFZ 26218,D1,2026-01-23,00:00:00,78.80000000,78.98900000,78.43100000,78.75900000,21269
OFZ 26218,D1,2026-01-26,00:00:00,78.75900000,78.99800000,78.05100000,78.18000000,56222
OFZ 26218,D1,2026-01-27,00:00:00,78.49500000,78.49500000,78.03800000,78.10000000,9561
OFZ 26218,D1,2026-01-28,00:00:00,78.11200000,78.89800000,78.04200000,78.88100000,85948
OFZ 26218,D1,2026-01-29,00:00:00,78.55000000,79.03900000,78.50300000,78.78400000,50352
OFZ 26218,D1,2026-01-30,00:00:00,78.78600000,78.88900000,78.52800000,78.62000000,12428
OFZ 26218,D1,2026-02-02,00:00:00,78.70400000,78.98300000,78.15400000,78.64800000,10607
OFZ 26218,D1,2026-02-03,00:00:00,78.72300000,79.00200000,78.23400000,78.71500000,350487
OFZ 26218,D1,2026-02-04,00:00:00,78.93300000,78.99400000,78.47400000,78.81100000,36713
OFZ 26218,D1,2026-02-05,00:00:00,78.99000000,79.00200000,78.40000000,78.61800000,27700
OFZ 26218,D1,2026-02-06,00:00:00,78.79800000,78.95000000,78.00300000,78.08000000,19714
OFZ 26218,D1,2026-02-09,00:00:00,78.08000000,78.37700000,77.93100000,77.93200000,325407
OFZ 26218,D1,2026-02-10,00:00:00,77.99700000,78.40900000,77.53900000,77.76000000,71383
OFZ 26218,D1,2026-02-11,00:00:00,77.66000000,78.33900000,77.53900000,78.24600000,113796
OFZ 26218,D1,2026-02-12,00:00:00,78.24500000,78.75800000,77.85000000,78.38500000,140294
OFZ 26218,D1,2026-02-13,00:00:00,78.39900000,79.35800000,78.09700000,79.08000000,142734
OFZ 26218,D1,2026-02-16,00:00:00,79.08300000,79.49000000,78.70000000,78.94900000,71649
OFZ 26218,D1,2026-02-17,00:00:00,78.94900000,79.20000000,78.73200000,79.14000000,64968
OFZ 26218,D1,2026-02-18,00:00:00,79.14500000,79.50000000,79.03900000,79.38000000,542613
OFZ 26218,D1,2026-02-19,00:00:00,79.47800000,79.49500000,78.94300000,79.19800000,1503580
OFZ 26218,D1,2026-02-20,00:00:00,79.14900000,79.33100000,78.81000000,79.14800000,521492
OFZ 26218,D1,2026-02-24,00:00:00,79.14800000,79.37900000,78.85100000,78.98800000,241060
OFZ 26218,D1,2026-02-25,00:00:00,79.03000000,79.13100000,78.56000000,78.74200000,1205544
OFZ 26218,D1,2026-02-26,00:00:00,78.85000000,78.93000000,78.50000000,78.68000000,119018
OFZ 26218,D1,2026-02-27,00:00:00,78.68000000,79.19700000,78.50100000,78.84900000,459801
OFZ 26218,D1,2026-03-02,00:00:00,78.90100000,79.09200000,78.10500000,78.86700000,396005
OFZ 26218,D1,2026-03-03,00:00:00,78.91900000,78.91900000,78.46200000,78.64900000,1143066
OFZ 26218,D1,2026-03-04,00:00:00,78.72300000,78.77400000,78.49000000,78.63900000,828357
OFZ 26218,D1,2026-03-05,00:00:00,78.86600000,78.93000000,78.63900000,78.82000000,3556928
OFZ 26218,D1,2026-03-06,00:00:00,78.82000000,79.33000000,78.80000000,79.01000000,86965
OFZ 26218,D1,2026-03-09,00:00:00,78.97900000,79.60000000,78.90000000,79.03500000,29912
OFZ 26218,D1,2026-03-10,00:00:00,79.01000000,79.40000000,78.86600000,79.11900000,501242
OFZ 26218,D1,2026-03-11,00:00:00,79.19900000,79.28000000,78.90100000,79.08600000,308257
OFZ 26218,D1,2026-03-12,00:00:00,79.05700000,80.46700000,78.93100000,80.39900000,564430
OFZ 26218,D1,2026-03-13,00:00:00,80.12200000,80.66600000,80.12200000,80.39500000,845253
OFZ 26218,D1,2026-03-16,00:00:00,80.39600000,80.78300000,80.15300000,80.48500000,506903
OFZ 26218,D1,2026-03-17,00:00:00,80.59900000,80.76000000,80.38100000,80.69800000,125102
OFZ 26218,D1,2026-03-18,00:00:00,80.76000000,81.20000000,80.63400000,80.85900000,2388127
OFZ 26218,D1,2026-03-19,00:00:00,80.99800000,81.00000000,80.62900000,80.75000000,208003
OFZ 26218,D1,2026-03-20,00:00:00,80.99900000,81.50000000,80.60100000,80.75900000,84623
OFZ 26218,D1,2026-03-23,00:00:00,80.75900000,80.93600000,80.36200000,80.80000000,494962
OFZ 26218,D1,2026-03-24,00:00:00,80.50000000,81.24800000,80.40000000,81.09900000,61557
OFZ 26218,D1,2026-03-25,00:00:00,81.54800000,81.54800000,80.70000000,80.84900000,593480
OFZ 26218,D1,2026-03-26,00:00:00,80.84300000,80.85000000,80.50700000,80.75100000,641949
OFZ 26218,D1,2026-03-27,00:00:00,80.75500000,80.93900000,80.40000000,80.69900000,873179
OFZ 26218,D1,2026-03-28,00:00:00,80.69900000,81.00000000,80.62000000,80.73900000,2948
OFZ 26218,D1,2026-03-29,00:00:00,80.74000000,81.16600000,80.60000000,80.84300000,5755
OFZ 26218,D1,2026-03-30,00:00:00,80.69900000,81.18800000,80.60000000,80.71200000,62826
OFZ 26218,D1,2026-03-31,00:00:00,80.90000000,80.97400000,80.53200000,80.74900000,321837
OFZ 26218,D1,2026-04-01,00:00:00,80.94900000,80.94900000,80.25000000,80.53000000,684519
OFZ 26218,D1,2026-04-02,00:00:00,80.53000000,80.69900000,80.28400000,80.47400000,307745
OFZ 26218,D1,2026-04-03,00:00:00,80.42000000,80.69800000,80.30100000,80.49600000,56828
OFZ 26218,D1,2026-04-04,00:00:00,80.49600000,80.54600000,80.25100000,80.47100000,3735
OFZ 26218,D1,2026-04-05,00:00:00,80.49600000,80.54900000,80.25000000,80.48500000,3724
OFZ 26218,D1,2026-04-06,00:00:00,80.49600000,80.54900000,80.24800000,80.37400000,351731
OFZ 26218,D1,2026-04-07,00:00:00,80.37400000,80.49400000,80.20000000,80.30000000,3281974
OFZ 26218,D1,2026-04-08,00:00:00,80.30000000,80.50000000,80.25400000,80.35100000,1593345
OFZ 26218,D1,2026-04-09,00:00:00,80.27400000,80.56000000,80.25000000,80.49900000,529465
OFZ 26218,D1,2026-04-10,00:00:00,80.59200000,80.82900000,80.30700000,80.82900000,1083842
OFZ 26218,D1,2026-04-11,00:00:00,80.60000000,80.98900000,80.60000000,80.80100000,7772
OFZ 26218,D1,2026-04-12,00:00:00,80.98900000,80.98900000,80.68200000,80.89300000,3458
OFZ 26218,D1,2026-04-13,00:00:00,80.60000000,80.98900000,80.58200000,80.72900000,71762
OFZ 26218,D1,2026-04-14,00:00:00,80.80000000,80.95300000,80.50000000,80.63400000,263465
OFZ 26218,D1,2026-04-15,00:00:00,80.79200000,81.28300000,80.59300000,81.24200000,212924
OFZ 26218,D1,2026-04-16,00:00:00,81.27800000,81.33100000,81.01400000,81.13600000,157236
OFZ 26218,D1,2026-04-17,00:00:00,81.13000000,81.29200000,81.10000000,81.17200000,40089
OFZ 26218,D1,2026-04-18,00:00:00,81.12900000,81.34400000,81.09100000,81.33400000,5025
OFZ 26218,D1,2026-04-19,00:00:00,81.35700000,81.45400000,81.24600000,81.39500000,2755
OFZ 26218,D1,2026-04-20,00:00:00,81.12900000,81.79800000,81.09100000,81.58900000,590685
OFZ 26218,D1,2026-04-21,00:00:00,81.48100000,81.90000000,81.39500000,81.89500000,70387
OFZ 26218,D1,2026-04-22,00:00:00,81.93900000,82.39000000,81.68800000,82.14400000,812960
OFZ 26218,D1,2026-04-23,00:00:00,82.11100000,82.28900000,81.89300000,82.01300000,555232
OFZ 26218,D1,2026-04-24,00:00:00,82.29800000,82.29800000,80.51300000,81.06000000,1945858
OFZ 26218,D1,2026-04-25,00:00:00,81.05900000,81.43700000,81.05900000,81.29900000,4897
OFZ 26218,D1,2026-04-26,00:00:00,81.29900000,81.44900000,81.16300000,81.30000000,2307
OFZ 26218,D1,2026-04-27,00:00:00,81.05900000,81.50100000,81.05900000,81.11400000,115775
OFZ 26218,D1,2026-04-28,00:00:00,81.22300000,81.37300000,80.53400000,80.57900000,687349
OFZ 26218,D1,2026-04-29,00:00:00,80.91500000,80.96100000,80.50000000,80.60000000,3344587
OFZ 26218,D1,2026-04-30,00:00:00,80.90000000,80.98000000,80.51100000,80.84600000,3506101
OFZ 26218,D1,2026-05-02,00:00:00,81.08400000,81.19300000,80.88900000,81.13800000,9752
OFZ 26218,D1,2026-05-03,00:00:00,81.19300000,81.19300000,81.00000000,81.13000000,2805
OFZ 26218,D1,2026-05-04,00:00:00,80.84600000,81.19300000,80.60100000,80.78000000,1777303
OFZ 26218,D1,2026-05-05,00:00:00,80.84000000,80.90000000,80.62300000,80.67700000,711549
OFZ 26218,D1,2026-05-06,00:00:00,80.70300000,80.88500000,80.62000000,80.74000000,257966
OFZ 26218,D1,2026-05-07,00:00:00,80.74000000,80.82100000,80.57500000,80.64200000,193523
OFZ 26218,D1,2026-05-08,00:00:00,80.64300000,80.77800000,80.40000000,80.64000000,689020
OFZ 26218,D1,2026-05-11,00:00:00,80.64000000,80.94200000,80.42400000,80.94100000,14746
OFZ 26218,D1,2026-05-12,00:00:00,80.83500000,80.94700000,80.63400000,80.69800000,50404
OFZ 26218,D1,2026-05-13,00:00:00,80.74000000,80.83400000,80.58000000,80.66200000,200894
OFZ 26218,D1,2026-05-14,00:00:00,80.74000000,80.88800000,80.40000000,80.73900000,204256
OFZ 26218,D1,2026-05-15,00:00:00,80.83800000,80.83800000,80.43100000,80.79200000,847284
OFZ 26218,D1,2026-05-16,00:00:00,80.90200000,80.91000000,80.61200000,80.84200000,3749
OFZ 26218,D1,2026-05-17,00:00:00,80.91000000,80.91000000,80.66000000,80.83900000,1897
OFZ 26218,D1,2026-05-18,00:00:00,80.90200000,80.91000000,80.52400000,80.65900000,62263
OFZ 26218,D1,2026-05-19,00:00:00,80.66000000,80.73900000,80.56000000,80.61500000,422062
OFZ 26218,D1,2026-05-20,00:00:00,80.61500000,80.79500000,80.42300000,80.66800000,36752
OFZ 26218,D1,2026-05-21,00:00:00,80.84300000,80.85900000,80.67000000,80.75300000,110337
OFZ 26218,D1,2026-05-22,00:00:00,80.80200000,80.92000000,80.68900000,80.68900000,182360
OFZ 26218,D1,2026-05-23,00:00:00,80.78400000,80.84300000,80.68000000,80.80300000,1808
OFZ 26218,D1,2026-05-24,00:00:00,80.80100000,80.81700000,80.53900000,80.63000000,3518
OFZ 26218,D1,2026-05-25,00:00:00,80.78400000,80.84300000,80.40300000,80.62400000,2276651
OFZ 26218,D1,2026-05-26,00:00:00,80.45100000,80.68700000,80.20000000,80.54100000,6511898
OFZ 26218,D1,2026-05-27,00:00:00,80.54900000,80.54900000,80.26700000,80.51500000,318651
OFZ 26218,D1,2026-05-28,00:00:00,80.57800000,80.65800000,80.20900000,80.53100000,170213
OFZ 26218,D1,2026-05-29,00:00:00,80.53100000,80.68600000,80.20700000,80.52200000,210352
OFZ 26218,D1,2026-05-30,00:00:00,80.53000000,80.65100000,80.51200000,80.51300000,3080
OFZ 26218,D1,2026-05-31,00:00:00,80.55000000,80.64800000,80.45600000,80.57300000,3168
OFZ 26218,MN1,2025-12-31,00:00:00,78.20300000,80.50100000,77.50200000,79.29900000,1143201
OFZ 26218,MN1,2026-01-31,00:00:00,79.54000000,79.72600000,78.03800000,78.62000000,575137
OFZ 26218,MN1,2026-02-28,00:00:00,78.70400000,79.50000000,77.53900000,78.84900000,5968560
OFZ 26218,MN1,2026-03-31,00:00:00,78.90100000,81.54800000,78.10500000,80.74900000,14631666
OFZ 26218,MN1,2026-04-30,00:00:00,80.94900000,82.39000000,80.20000000,80.84600000,20297532
OFZ 26218,W1,2025-12-07,00:00:00,78.20300000,79.40000000,77.50200000,79.10300000,237338
OFZ 26218,W1,2025-12-14,00:00:00,79.10300000,79.70000000,78.70000000,79.69500000,479683
OFZ 26218,W1,2025-12-21,00:00:00,79.69600000,80.50100000,79.02000000,79.50500000,169287
OFZ 26218,W1,2025-12-28,00:00:00,79.67800000,79.67800000,78.32700000,78.76200000,142129
OFZ 26218,W1,2026-01-04,00:00:00,78.80000000,79.79000000,78.79100000,79.29900000,114764
OFZ 26218,W1,2026-01-11,00:00:00,79.54000000,79.72600000,79.03300000,79.10800000,38909
OFZ 26218,W1,2026-01-18,00:00:00,79.15300000,79.19900000,78.08000000,78.95200000,99822
OFZ 26218,W1,2026-01-25,00:00:00,78.98900000,79.06200000,78.05000000,78.75900000,221895
OFZ 26218,W1,2026-02-01,00:00:00,78.75900000,79.03900000,78.03800000,78.62000000,214511
OFZ 26218,W1,2026-02-08,00:00:00,78.70400000,79.00200000,78.00300000,78.08000000,445221
OFZ 26218,W1,2026-02-15,00:00:00,78.08000000,79.35800000,77.53900000,79.08000000,793614
OFZ 26218,W1,2026-02-22,00:00:00,79.08300000,79.50000000,78.70000000,79.14800000,2704302
OFZ 26218,W1,2026-03-01,00:00:00,79.14800000,79.37900000,78.50000000,78.84900000,2025423
OFZ 26218,W1,2026-03-08,00:00:00,78.90100000,79.33000000,78.10500000,79.01000000,6011321
OFZ 26218,W1,2026-03-15,00:00:00,78.97900000,80.66600000,78.86600000,80.39500000,2249094
OFZ 26218,W1,2026-03-22,00:00:00,80.39600000,81.50000000,80.15300000,80.75900000,3312758
OFZ 26218,W1,2026-03-29,00:00:00,80.75900000,81.54800000,80.36200000,80.84300000,2673830
OFZ 26218,W1,2026-04-05,00:00:00,80.69900000,81.18800000,80.25000000,80.48500000,1441214
OFZ 26218,W1,2026-04-12,00:00:00,80.49600000,80.98900000,80.20000000,80.89300000,6851587
OFZ 26218,W1,2026-04-19,00:00:00,80.60000000,81.45400000,80.50000000,81.39500000,753256
OFZ 26218,W1,2026-04-26,00:00:00,81.12900000,82.39000000,80.51300000,81.30000000,3982326
OFZ 26218,W1,2026-05-03,00:00:00,81.05900000,81.50100000,80.50000000,81.13000000,7666369
OFZ 26218,W1,2026-05-10,00:00:00,80.84600000,81.19300000,80.40000000,80.64000000,3629361
OFZ 26218,W1,2026-05-17,00:00:00,80.64000000,80.94700000,80.40000000,80.83900000,1323230
OFZ 26218,W1,2026-05-24,00:00:00,80.90200000,80.92000000,80.42300000,80.63000000,819100
OFZ 26219,D1,2025-12-01,00:00:00,95.80100000,96.06000000,95.67000000,95.74800000,45784
OFZ 26219,D1,2025-12-02,00:00:00,95.79900000,95.93900000,95.72100000,95.75700000,85401
OFZ 26219,D1,2025-12-03,00:00:00,95.80000000,95.90000000,95.70700000,95.78500000,26444
OFZ 26219,D1,2025-12-04,00:00:00,95.93900000,95.97000000,95.70200000,95.95600000,104412
OFZ 26219,D1,2025-12-05,00:00:00,95.96000000,96.10000000,95.75400000,95.88600000,39044
OFZ 26219,D1,2025-12-08,00:00:00,96.09700000,96.09700000,95.71000000,95.87900000,46885
OFZ 26219,D1,2025-12-09,00:00:00,95.97300000,96.07800000,95.85500000,95.98000000,19715
OFZ 26219,D1,2025-12-10,00:00:00,95.94100000,96.09000000,95.90000000,96.04500000,51228
OFZ 26219,D1,2025-12-11,00:00:00,96.10000000,96.17400000,95.85400000,95.90400000,19329
OFZ 26219,D1,2025-12-12,00:00:00,96.10000000,96.10200000,95.70100000,95.92200000,211196
OFZ 26219,D1,2025-12-15,00:00:00,95.92100000,96.21000000,95.86000000,95.99300000,95869
OFZ 26219,D1,2025-12-16,00:00:00,95.99800000,96.16800000,95.91000000,95.97100000,20546
OFZ 26219,D1,2025-12-17,00:00:00,96.00000000,96.09800000,95.87000000,96.00200000,23826
OFZ 26219,D1,2025-12-18,00:00:00,96.06900000,96.07000000,95.91300000,95.99100000,18263
OFZ 26219,D1,2025-12-19,00:00:00,95.95900000,96.14700000,95.95900000,96.10000000,89285
OFZ 26219,D1,2025-12-22,00:00:00,96.07000000,96.30100000,95.90200000,96.04900000,41328
OFZ 26219,D1,2025-12-23,00:00:00,96.18800000,96.38800000,96.04900000,96.28000000,21015
OFZ 26219,D1,2025-12-24,00:00:00,96.29600000,96.35000000,96.06100000,96.31700000,74094
OFZ 26219,D1,2025-12-25,00:00:00,96.28000000,96.34700000,96.10700000,96.30700000,177480
OFZ 26219,D1,2025-12-26,00:00:00,96.30700000,96.37000000,96.26000000,96.37000000,17821
OFZ 26219,D1,2025-12-29,00:00:00,96.37000000,96.54000000,96.10000000,96.49900000,57253
OFZ 26219,D1,2025-12-30,00:00:00,96.49900000,97.09800000,96.37300000,97.00000000,79560
OFZ 26219,D1,2026-01-05,00:00:00,97.00000000,97.48300000,96.72000000,96.79000000,27177
OFZ 26219,D1,2026-01-06,00:00:00,96.99500000,97.04600000,96.66000000,96.93900000,12389
OFZ 26219,D1,2026-01-08,00:00:00,96.88900000,97.02200000,96.63900000,96.96000000,18420
OFZ 26219,D1,2026-01-09,00:00:00,96.97000000,97.10000000,96.78000000,96.86000000,9187
OFZ 26219,D1,2026-01-12,00:00:00,96.97700000,97.10000000,96.40000000,96.60000000,23002
OFZ 26219,D1,2026-01-13,00:00:00,96.69100000,96.77400000,96.43000000,96.58900000,19182
OFZ 26219,D1,2026-01-14,00:00:00,96.88700000,96.88800000,96.31000000,96.40500000,135901
OFZ 26219,D1,2026-01-15,00:00:00,96.58100000,96.64700000,96.20000000,96.37300000,45917
OFZ 26219,D1,2026-01-16,00:00:00,96.60500000,96.60600000,96.01200000,96.45800000,13571
OFZ 26219,D1,2026-01-19,00:00:00,96.30000000,96.49900000,96.01200000,96.30100000,24335
OFZ 26219,D1,2026-01-20,00:00:00,96.23800000,96.49900000,96.18300000,96.39900000,102430
OFZ 26219,D1,2026-01-21,00:00:00,96.26400000,96.54700000,96.26400000,96.41000000,87768
OFZ 26219,D1,2026-01-22,00:00:00,96.40000000,96.54800000,96.05000000,96.28200000,45810
OFZ 26219,D1,2026-01-23,00:00:00,96.42500000,96.49400000,96.21500000,96.22300000,29155
OFZ 26219,D1,2026-01-26,00:00:00,96.31100000,96.49800000,96.05000000,96.23200000,23831
OFZ 26219,D1,2026-01-27,00:00:00,96.16900000,96.39500000,96.07900000,96.35700000,16827
OFZ 26219,D1,2026-01-28,00:00:00,96.20000000,96.49600000,96.13400000,96.37600000,16426
OFZ 26219,D1,2026-01-29,00:00:00,96.38900000,96.49100000,96.20200000,96.34900000,26246
OFZ 26219,D1,2026-01-30,00:00:00,96.44000000,96.55100000,96.23200000,96.47900000,65415
OFZ 26219,D1,2026-02-02,00:00:00,96.48100000,96.64800000,96.40000000,96.49600000,59776
OFZ 26219,D1,2026-02-03,00:00:00,96.50000000,96.64600000,96.40000000,96.54000000,218241
OFZ 26219,D1,2026-02-04,00:00:00,96.53800000,96.64900000,96.30100000,96.36500000,82256
OFZ 26219,D1,2026-02-05,00:00:00,96.41000000,96.50800000,96.25000000,96.39500000,19481
OFZ 26219,D1,2026-02-06,00:00:00,96.38500000,96.50000000,96.29900000,96.45200000,41582
OFZ 26219,D1,2026-02-09,00:00:00,96.46400000,96.64900000,96.32400000,96.50400000,28866
OFZ 26219,D1,2026-02-10,00:00:00,96.50400000,96.80000000,96.39300000,96.77000000,180853
OFZ 26219,D1,2026-02-11,00:00:00,96.80400000,96.85000000,96.55100000,96.73300000,156458
OFZ 26219,D1,2026-02-12,00:00:00,96.73300000,96.89600000,96.55000000,96.57700000,42979
OFZ 26219,D1,2026-02-13,00:00:00,96.74000000,96.80900000,96.35300000,96.73900000,149032
OFZ 26219,D1,2026-02-16,00:00:00,96.74000000,97.03900000,96.57000000,96.69800000,41330
OFZ 26219,D1,2026-02-17,00:00:00,96.69800000,96.72700000,96.65100000,96.67900000,270895
OFZ 26219,D1,2026-02-18,00:00:00,96.74600000,96.74700000,96.56100000,96.68200000,21345
OFZ 26219,D1,2026-02-19,00:00:00,96.69000000,96.73500000,96.56100000,96.65400000,20678
OFZ 26219,D1,2026-02-20,00:00:00,96.67400000,96.84800000,96.55000000,96.84800000,18003
OFZ 26219,D1,2026-02-24,00:00:00,96.84800000,97.37800000,96.65800000,96.84500000,29001
OFZ 26219,D1,2026-02-25,00:00:00,96.84600000,96.98800000,96.69000000,96.86400000,40240
OFZ 26219,D1,2026-02-26,00:00:00,96.64000000,96.99900000,96.63900000,96.86900000,14788
OFZ 26219,D1,2026-02-27,00:00:00,96.86900000,97.11000000,96.75000000,96.97700000,535250
OFZ 26219,D1,2026-03-02,00:00:00,96.97700000,97.35000000,96.82000000,96.99000000,119516
OFZ 26219,D1,2026-03-03,00:00:00,97.00000000,97.30000000,96.85100000,97.05400000,381846
OFZ 26219,D1,2026-03-04,00:00:00,97.18800000,97.18800000,96.74300000,97.01100000,35718
OFZ 26219,D1,2026-03-05,00:00:00,97.15000000,97.34100000,96.91300000,97.00200000,19745
OFZ 26219,D1,2026-03-06,00:00:00,97.00200000,97.22700000,96.94600000,97.03100000,23501
OFZ 26219,D1,2026-03-09,00:00:00,97.19800000,97.38000000,97.03000000,97.20000000,26418
OFZ 26219,D1,2026-03-10,00:00:00,97.24000000,97.37500000,97.10800000,97.23700000,18374
OFZ 26219,D1,2026-03-11,00:00:00,97.36000000,97.36000000,97.03000000,97.21600000,61969
OFZ 26219,D1,2026-03-12,00:00:00,97.21600000,97.34600000,97.03000000,97.20300000,382258
OFZ 26219,D1,2026-03-13,00:00:00,97.33900000,97.48000000,97.16500000,97.47200000,215312
OFZ 26219,D1,2026-03-16,00:00:00,97.47200000,97.79500000,97.13400000,97.60400000,848006
OFZ 26219,D1,2026-03-17,00:00:00,97.58600000,97.76900000,97.39700000,97.76400000,55703
OFZ 26219,D1,2026-03-18,00:00:00,97.77000000,97.89400000,97.27100000,97.73500000,261289
OFZ 26219,D1,2026-03-19,00:00:00,97.67100000,97.79900000,97.30200000,97.79800000,146886
OFZ 26219,D1,2026-03-20,00:00:00,97.79900000,97.99500000,97.53100000,97.89700000,511316
OFZ 26219,D1,2026-03-23,00:00:00,97.89700000,98.00000000,97.70000000,97.80300000,63150
OFZ 26219,D1,2026-03-24,00:00:00,97.85900000,97.99800000,97.60600000,97.86000000,33633
OFZ 26219,D1,2026-03-25,00:00:00,97.95000000,97.99400000,97.70100000,97.94900000,307964
OFZ 26219,D1,2026-03-26,00:00:00,97.94900000,97.99200000,97.80000000,97.90200000,103585
OFZ 26219,D1,2026-03-27,00:00:00,97.95000000,98.00000000,97.78500000,97.92000000,199890
OFZ 26219,D1,2026-03-28,00:00:00,97.92000000,98.00000000,97.78400000,97.96400000,2922
OFZ 26219,D1,2026-03-29,00:00:00,97.90300000,97.96300000,97.55900000,97.94700000,3067
OFZ 26219,D1,2026-03-30,00:00:00,97.92000000,98.00000000,97.55900000,97.89500000,24791
OFZ 26219,D1,2026-03-31,00:00:00,97.84100000,98.17900000,97.81000000,97.96600000,377734
OFZ 26219,D1,2026-04-01,00:00:00,97.89500000,98.08300000,97.83500000,98.03400000,537402
OFZ 26219,D1,2026-04-02,00:00:00,98.08400000,98.08400000,97.85200000,98.01600000,21989
OFZ 26219,D1,2026-04-03,00:00:00,97.99100000,98.14100000,97.88200000,98.11500000,38787
OFZ 26219,D1,2026-04-04,00:00:00,98.14800000,98.15000000,97.85700000,98.14000000,2376
OFZ 26219,D1,2026-04-05,00:00:00,98.13900000,98.14900000,97.88900000,98.06000000,2874
OFZ 26219,D1,2026-04-06,00:00:00,98.14800000,98.15000000,97.85000000,98.02400000,16775
OFZ 26219,D1,2026-04-07,00:00:00,97.96000000,98.14900000,97.87100000,98.09600000,26105
OFZ 26219,D1,2026-04-08,00:00:00,98.09600000,98.14700000,97.90300000,98.04700000,193163
OFZ 26219,D1,2026-04-09,00:00:00,97.99700000,98.14700000,97.85700000,97.99800000,87023
OFZ 26219,D1,2026-04-10,00:00:00,98.00000000,98.10000000,97.93100000,98.03400000,129970
OFZ 26219,D1,2026-04-11,00:00:00,98.13700000,98.13700000,97.93500000,98.09800000,1930
OFZ 26219,D1,2026-04-12,00:00:00,98.00300000,98.14400000,97.91600000,97.98500000,1288
OFZ 26219,D1,2026-04-13,00:00:00,98.13700000,98.15900000,97.91600000,98.07500000,91221
OFZ 26219,D1,2026-04-14,00:00:00,98.15800000,98.15800000,97.98500000,98.05900000,97317
OFZ 26219,D1,2026-04-15,00:00:00,98.06000000,98.14000000,97.90800000,98.10900000,452405
OFZ 26219,D1,2026-04-16,00:00:00,98.07300000,98.18000000,98.05000000,98.13900000,105533
OFZ 26219,D1,2026-04-17,00:00:00,98.17900000,98.18000000,98.00600000,98.15900000,314952
OFZ 26219,D1,2026-04-18,00:00:00,98.16100000,98.18700000,98.10100000,98.11500000,1382
OFZ 26219,D1,2026-04-19,00:00:00,98.15800000,98.18800000,98.11600000,98.18700000,5616
OFZ 26219,D1,2026-04-20,00:00:00,98.16100000,98.42000000,97.90900000,98.11800000,63896
OFZ 26219,D1,2026-04-21,00:00:00,98.18900000,98.42000000,98.01700000,98.13600000,468285
OFZ 26219,D1,2026-04-22,00:00:00,98.13900000,98.19900000,98.10100000,98.17400000,435153
OFZ 26219,D1,2026-04-23,00:00:00,98.17400000,98.19900000,98.04700000,98.14800000,42027
OFZ 26219,D1,2026-04-24,00:00:00,98.16800000,98.20000000,98.07800000,98.08700000,106897
OFZ 26219,D1,2026-04-25,00:00:00,98.13300000,98.16400000,98.03600000,98.14100000,1940
OFZ 26219,D1,2026-04-26,00:00:00,98.13300000,98.16400000,98.06300000,98.13200000,3583
OFZ 26219,D1,2026-04-27,00:00:00,98.13300000,98.16400000,98.00100000,98.05000000,137228
OFZ 26219,D1,2026-04-28,00:00:00,98.05500000,98.11100000,97.95000000,98.03400000,28379
OFZ 26219,D1,2026-04-29,00:00:00,98.10900000,98.14000000,97.96600000,98.09900000,198836
OFZ 26219,D1,2026-04-30,00:00:00,98.12000000,98.13500000,97.90300000,98.12500000,52624
OFZ 26219,D1,2026-05-02,00:00:00,98.16400000,98.16400000,98.01700000,98.15900000,3512
OFZ 26219,D1,2026-05-03,00:00:00,98.16400000,98.16400000,98.02700000,98.16300000,1999
OFZ 26219,D1,2026-05-04,00:00:00,98.12500000,98.16400000,98.00000000,98.11200000,100025
OFZ 26219,D1,2026-05-05,00:00:00,98.13500000,98.19000000,98.06000000,98.15100000,142050
OFZ 26219,D1,2026-05-06,00:00:00,98.19900000,98.20000000,98.06700000,98.10700000,31461
OFZ 26219,D1,2026-05-07,00:00:00,98.19900000,98.22500000,98.06200000,98.21000000,36819
OFZ 26219,D1,2026-05-08,00:00:00,98.24000000,98.30000000,98.07600000,98.30000000,32928
OFZ 26219,D1,2026-05-11,00:00:00,98.27000000,98.41900000,98.20300000,98.21900000,8016
OFZ 26219,D1,2026-05-12,00:00:00,98.39300000,98.39300000,98.15000000,98.29300000,27714
OFZ 26219,D1,2026-05-13,00:00:00,98.29900000,98.39600000,98.18500000,98.35200000,285804
OFZ 26219,D1,2026-05-14,00:00:00,98.25200000,98.40000000,98.22800000,98.34300000,155481
OFZ 26219,D1,2026-05-15,00:00:00,98.31500000,98.39900000,98.11100000,98.35800000,22443
OFZ 26219,D1,2026-05-16,00:00:00,98.39700000,98.40000000,98.26000000,98.38300000,2072
OFZ 26219,D1,2026-05-17,00:00:00,98.26100000,98.47000000,98.20900000,98.47000000,2808
OFZ 26219,D1,2026-05-18,00:00:00,98.39700000,99.00000000,98.20900000,98.33900000,70201
OFZ 26219,D1,2026-05-19,00:00:00,98.40000000,98.40000000,98.26100000,98.33000000,167126
OFZ 26219,D1,2026-05-20,00:00:00,98.33000000,98.44700000,98.26000000,98.44700000,3776774
OFZ 26219,D1,2026-05-21,00:00:00,98.44700000,98.49900000,98.31600000,98.37000000,117299
OFZ 26219,D1,2026-05-22,00:00:00,98.45000000,98.45000000,98.27500000,98.36000000,62254
OFZ 26219,D1,2026-05-23,00:00:00,98.36000000,98.43900000,98.24000000,98.35500000,1746
OFZ 26219,D1,2026-05-24,00:00:00,98.30000000,98.49700000,98.20600000,98.46700000,1234
OFZ 26219,D1,2026-05-25,00:00:00,98.36000000,98.49900000,98.20600000,98.35800000,101559
OFZ 26219,D1,2026-05-26,00:00:00,98.35000000,98.51000000,98.31000000,98.40300000,175388
OFZ 26219,D1,2026-05-27,00:00:00,98.45000000,98.51000000,98.30600000,98.46000000,285153
OFZ 26219,D1,2026-05-28,00:00:00,98.52000000,98.59800000,98.46000000,98.49300000,254694
OFZ 26219,D1,2026-05-29,00:00:00,98.49300000,98.62200000,98.46200000,98.59000000,130148
OFZ 26219,D1,2026-05-30,00:00:00,98.59000000,98.90000000,98.51800000,98.64700000,1707
OFZ 26219,D1,2026-05-31,00:00:00,98.64700000,98.67200000,98.50600000,98.62600000,1517
OFZ 26219,MN1,2025-12-31,00:00:00,95.80100000,97.09800000,95.67000000,97.00000000,1365778
OFZ 26219,MN1,2026-01-31,00:00:00,97.00000000,97.48300000,96.01200000,96.47900000,742989
OFZ 26219,MN1,2026-02-28,00:00:00,96.48100000,97.37800000,96.25000000,96.97700000,1971054
OFZ 26219,MN1,2026-03-31,00:00:00,96.97700000,98.17900000,96.74300000,97.96600000,4224593
OFZ 26219,MN1,2026-04-30,00:00:00,97.89500000,98.42000000,97.83500000,98.12500000,3666956
OFZ 26219,W1,2025-12-07,00:00:00,95.80100000,96.10000000,95.67000000,95.88600000,301085
OFZ 26219,W1,2025-12-14,00:00:00,96.09700000,96.17400000,95.70100000,95.92200000,348353
OFZ 26219,W1,2025-12-21,00:00:00,95.92100000,96.21000000,95.86000000,96.10000000,247789
OFZ 26219,W1,2025-12-28,00:00:00,96.07000000,96.38800000,95.90200000,96.37000000,331738
OFZ 26219,W1,2026-01-04,00:00:00,96.37000000,97.09800000,96.10000000,97.00000000,136813
OFZ 26219,W1,2026-01-11,00:00:00,97.00000000,97.48300000,96.63900000,96.86000000,67173
OFZ 26219,W1,2026-01-18,00:00:00,96.97700000,97.10000000,96.01200000,96.45800000,237573
OFZ 26219,W1,2026-01-25,00:00:00,96.30000000,96.54800000,96.01200000,96.22300000,289498
OFZ 26219,W1,2026-02-01,00:00:00,96.31100000,96.55100000,96.05000000,96.47900000,148745
OFZ 26219,W1,2026-02-08,00:00:00,96.48100000,96.64900000,96.25000000,96.45200000,421336
OFZ 26219,W1,2026-02-15,00:00:00,96.46400000,96.89600000,96.32400000,96.73900000,558188
OFZ 26219,W1,2026-02-22,00:00:00,96.74000000,97.03900000,96.55000000,96.84800000,372251
OFZ 26219,W1,2026-03-01,00:00:00,96.84800000,97.37800000,96.63900000,96.97700000,619279
OFZ 26219,W1,2026-03-08,00:00:00,96.97700000,97.35000000,96.74300000,97.03100000,580326
OFZ 26219,W1,2026-03-15,00:00:00,97.19800000,97.48000000,97.03000000,97.47200000,704331
OFZ 26219,W1,2026-03-22,00:00:00,97.47200000,97.99500000,97.13400000,97.89700000,1823200
OFZ 26219,W1,2026-03-29,00:00:00,97.89700000,98.00000000,97.55900000,97.94700000,714211
OFZ 26219,W1,2026-04-05,00:00:00,97.92000000,98.17900000,97.55900000,98.06000000,1005953
OFZ 26219,W1,2026-04-12,00:00:00,98.14800000,98.15000000,97.85000000,97.98500000,456254
OFZ 26219,W1,2026-04-19,00:00:00,98.13700000,98.18800000,97.90800000,98.18700000,1068426
OFZ 26219,W1,2026-04-26,00:00:00,98.16100000,98.42000000,97.90900000,98.13200000,1121781
OFZ 26219,W1,2026-05-03,00:00:00,98.13300000,98.16400000,97.90300000,98.16300000,422578
OFZ 26219,W1,2026-05-10,00:00:00,98.12500000,98.30000000,98.00000000,98.30000000,343283
OFZ 26219,W1,2026-05-17,00:00:00,98.27000000,98.47000000,98.11100000,98.47000000,504338
OFZ 26219,W1,2026-05-24,00:00:00,98.39700000,99.00000000,98.20600000,98.46700000,4196634
OFZ 26221,D1,2025-12-01,00:00:00,70.85000000,71.05500000,70.48100000,70.89700000,57440
OFZ 26221,D1,2025-12-02,00:00:00,70.90000000,70.99800000,70.62000000,70.78900000,36396
OFZ 26221,D1,2025-12-03,00:00:00,70.70800000,71.20000000,70.45700000,71.02000000,208429
OFZ 26221,D1,2025-12-04,00:00:00,71.10100000,71.52600000,70.92900000,71.42500000,288812
OFZ 26221,D1,2025-12-05,00:00:00,71.40000000,72.27300000,71.37900000,71.88500000,288612
OFZ 26221,D1,2025-12-08,00:00:00,71.92000000,72.01700000,71.29000000,71.76200000,56031
OFZ 26221,D1,2025-12-09,00:00:00,71.73100000,71.85600000,71.60600000,71.82800000,235523
OFZ 26221,D1,2025-12-10,00:00:00,71.72100000,72.33400000,71.65000000,72.20000000,135759
OFZ 26221,D1,2025-12-11,00:00:00,71.88400000,72.69700000,71.70000000,72.45000000,245198
OFZ 26221,D1,2025-12-12,00:00:00,72.45000000,72.59900000,72.36300000,72.53600000,52208
OFZ 26221,D1,2025-12-15,00:00:00,72.53700000,72.62000000,72.47800000,72.62000000,35123
OFZ 26221,D1,2025-12-16,00:00:00,72.62000000,73.00800000,72.40000000,72.47800000,35905
OFZ 26221,D1,2025-12-17,00:00:00,72.62000000,73.05000000,72.40000000,72.93800000,35041
OFZ 26221,D1,2025-12-18,00:00:00,72.74300000,73.08000000,72.54800000,72.80800000,15667
OFZ 26221,D1,2025-12-19,00:00:00,72.80900000,72.90000000,71.71000000,72.36800000,114802
OFZ 26221,D1,2025-12-22,00:00:00,72.36800000,72.98200000,71.66000000,71.85600000,88891
OFZ 26221,D1,2025-12-23,00:00:00,71.85400000,72.28900000,71.55100000,72.13300000,116215
OFZ 26221,D1,2025-12-24,00:00:00,72.14800000,72.19800000,71.67200000,71.78000000,90618
OFZ 26221,D1,2025-12-25,00:00:00,71.68700000,71.89500000,71.10000000,71.29700000,219140
OFZ 26221,D1,2025-12-26,00:00:00,71.29800000,71.56400000,71.22900000,71.35000000,45905
OFZ 26221,D1,2025-12-29,00:00:00,71.40000000,72.33900000,71.11200000,71.64200000,252374
OFZ 26221,D1,2025-12-30,00:00:00,71.68200000,72.76900000,71.35600000,72.03100000,96699
OFZ 26221,D1,2026-01-05,00:00:00,72.03100000,72.72000000,71.99200000,72.16600000,12701
OFZ 26221,D1,2026-01-06,00:00:00,72.04500000,72.39700000,72.04500000,72.25300000,6326
OFZ 26221,D1,2026-01-08,00:00:00,72.31400000,72.39000000,72.07000000,72.14600000,5918
OFZ 26221,D1,2026-01-09,00:00:00,72.15800000,72.34700000,71.99200000,72.03000000,5557
OFZ 26221,D1,2026-01-12,00:00:00,72.03000000,72.48000000,71.21000000,71.53000000,43571
OFZ 26221,D1,2026-01-13,00:00:00,71.53000000,71.57300000,71.06800000,71.23500000,13544
OFZ 26221,D1,2026-01-14,00:00:00,71.06600000,71.44500000,71.05100000,71.18500000,76783
OFZ 26221,D1,2026-01-15,00:00:00,71.11300000,71.37700000,70.67700000,71.22300000,14662
OFZ 26221,D1,2026-01-16,00:00:00,71.30000000,71.91100000,71.13400000,71.66200000,22086
OFZ 26221,D1,2026-01-19,00:00:00,71.77500000,72.12200000,71.02000000,71.37300000,15476
OFZ 26221,D1,2026-01-20,00:00:00,71.39300000,71.48100000,71.02200000,71.07900000,12263
OFZ 26221,D1,2026-01-21,00:00:00,71.14700000,71.14700000,70.56500000,70.71600000,20216
OFZ 26221,D1,2026-01-22,00:00:00,70.97300000,71.49000000,70.60000000,71.06500000,117094
OFZ 26221,D1,2026-01-23,00:00:00,71.47400000,71.47400000,70.80100000,70.83500000,29921
OFZ 26221,D1,2026-01-26,00:00:00,70.90200000,71.30700000,70.29100000,70.44000000,29738
OFZ 26221,D1,2026-01-27,00:00:00,70.69600000,70.69600000,70.35000000,70.44800000,37149
OFZ 26221,D1,2026-01-28,00:00:00,70.49900000,71.06300000,70.37200000,71.03900000,19737
OFZ 26221,D1,2026-01-29,00:00:00,71.03900000,71.36500000,70.70000000,71.14100000,27228
OFZ 26221,D1,2026-01-30,00:00:00,71.14100000,71.58500000,70.76100000,70.99000000,17933
OFZ 26221,D1,2026-02-02,00:00:00,70.99000000,71.44300000,70.51200000,71.08800000,26351
OFZ 26221,D1,2026-02-03,00:00:00,71.08800000,71.20700000,70.75400000,70.90000000,331722
OFZ 26221,D1,2026-02-04,00:00:00,70.81100000,71.20500000,70.76800000,70.83500000,34489
OFZ 26221,D1,2026-02-05,00:00:00,70.82900000,71.07600000,70.51200000,70.59200000,13815
OFZ 26221,D1,2026-02-06,00:00:00,70.59200000,70.97000000,70.40000000,70.42800000,115047
OFZ 26221,D1,2026-02-09,00:00:00,70.68000000,71.15500000,70.07800000,70.26500000,126538
OFZ 26221,D1,2026-02-10,00:00:00,70.25000000,70.53100000,69.90000000,70.01200000,195346
OFZ 26221,D1,2026-02-11,00:00:00,70.02200000,70.74600000,69.79800000,70.67100000,42882
OFZ 26221,D1,2026-02-12,00:00:00,70.79100000,71.14700000,70.50100000,70.64400000,32174
OFZ 26221,D1,2026-02-13,00:00:00,70.84500000,71.87000000,70.51000000,71.53000000,89983
OFZ 26221,D1,2026-02-16,00:00:00,71.20400000,72.16900000,71.05000000,71.91000000,40649
OFZ 26221,D1,2026-02-17,00:00:00,72.07000000,72.26300000,71.50900000,72.07300000,865983
OFZ 26221,D1,2026-02-18,00:00:00,72.22000000,72.50000000,71.72000000,72.45000000,101722
OFZ 26221,D1,2026-02-19,00:00:00,72.27300000,72.71100000,72.11100000,72.24300000,101065
OFZ 26221,D1,2026-02-20,00:00:00,72.40000000,72.55000000,71.87600000,71.98500000,43105
OFZ 26221,D1,2026-02-24,00:00:00,71.98500000,72.49000000,71.75000000,71.86300000,985911
OFZ 26221,D1,2026-02-25,00:00:00,71.85600000,72.20600000,71.45200000,71.58000000,49995
OFZ 26221,D1,2026-02-26,00:00:00,71.77700000,71.77700000,71.40400000,71.50100000,22518
OFZ 26221,D1,2026-02-27,00:00:00,71.71300000,71.85000000,71.21700000,71.51200000,180511
OFZ 26221,D1,2026-03-02,00:00:00,71.65700000,71.85300000,71.10200000,71.42800000,139795
OFZ 26221,D1,2026-03-03,00:00:00,71.42800000,71.61500000,71.20800000,71.59800000,39626
OFZ 26221,D1,2026-03-04,00:00:00,71.62000000,71.78000000,71.37600000,71.68400000,38817
OFZ 26221,D1,2026-03-05,00:00:00,71.68400000,71.77600000,71.40100000,71.42500000,12062
OFZ 26221,D1,2026-03-06,00:00:00,71.42500000,71.77700000,71.33100000,71.61700000,17847
OFZ 26221,D1,2026-03-09,00:00:00,71.70000000,71.78000000,71.43500000,71.59400000,17600
OFZ 26221,D1,2026-03-10,00:00:00,71.66200000,71.74000000,71.50000000,71.73800000,41188
OFZ 26221,D1,2026-03-11,00:00:00,71.74600000,72.05600000,71.49000000,71.77200000,304929
OFZ 26221,D1,2026-03-12,00:00:00,71.77300000,72.80000000,71.63100000,72.80000000,104901
OFZ 26221,D1,2026-03-13,00:00:00,72.80600000,73.28900000,72.32100000,72.97500000,95151
OFZ 26221,D1,2026-03-16,00:00:00,72.97600000,73.29200000,72.60400000,72.83100000,49116
OFZ 26221,D1,2026-03-17,00:00:00,72.84800000,72.94800000,72.62500000,72.70000000,221478
OFZ 26221,D1,2026-03-18,00:00:00,72.77600000,72.89500000,72.60800000,72.60800000,24473
OFZ 26221,D1,2026-03-19,00:00:00,72.66900000,72.79200000,72.40000000,72.65000000,20500
OFZ 26221,D1,2026-03-20,00:00:00,72.69300000,72.98200000,72.45000000,72.89900000,35776
OFZ 26221,D1,2026-03-23,00:00:00,72.90000000,73.08300000,72.25100000,72.57100000,25022
OFZ 26221,D1,2026-03-24,00:00:00,72.57100000,72.89000000,72.40200000,72.88500000,20771
OFZ 26221,D1,2026-03-25,00:00:00,72.88500000,73.12800000,72.66900000,73.11500000,120280
OFZ 26221,D1,2026-03-26,00:00:00,73.11500000,73.17000000,72.83400000,72.98100000,222345
OFZ 26221,D1,2026-03-27,00:00:00,73.16900000,73.16900000,72.64000000,72.89900000,35994
OFZ 26221,D1,2026-03-28,00:00:00,72.89900000,73.00000000,72.80000000,73.00000000,3397
OFZ 26221,D1,2026-03-29,00:00:00,72.99900000,73.09900000,72.58200000,72.95700000,4268
OFZ 26221,D1,2026-03-30,00:00:00,72.89900000,73.09900000,72.58200000,72.69900000,195511
OFZ 26221,D1,2026-03-31,00:00:00,72.90000000,72.90000000,72.50200000,72.68900000,26655
OFZ 26221,D1,2026-04-01,00:00:00,72.64400000,72.70000000,72.40000000,72.64700000,123476
OFZ 26221,D1,2026-04-02,00:00:00,72.64700000,72.64900000,72.50300000,72.51100000,150009
OFZ 26221,D1,2026-04-03,00:00:00,72.51100000,72.59300000,72.41000000,72.58700000,43448
OFZ 26221,D1,2026-04-04,00:00:00,72.60000000,72.72800000,72.40000000,72.44900000,2324
OFZ 26221,D1,2026-04-05,00:00:00,72.44900000,72.82600000,72.40200000,72.44100000,4822
OFZ 26221,D1,2026-04-06,00:00:00,72.60000000,72.82600000,72.40000000,72.53900000,132651
OFZ 26221,D1,2026-04-07,00:00:00,72.53700000,72.70000000,72.40400000,72.57000000,45066
OFZ 26221,D1,2026-04-08,00:00:00,72.51100000,72.97000000,72.49700000,72.61900000,95845
OFZ 26221,D1,2026-04-09,00:00:00,72.63500000,72.76300000,72.31200000,72.64000000,211630
OFZ 26221,D1,2026-04-10,00:00:00,72.50400000,73.20000000,72.50100000,73.06000000,37160
OFZ 26221,D1,2026-04-11,00:00:00,73.06000000,73.25100000,72.90000000,73.05500000,1919
OFZ 26221,D1,2026-04-12,00:00:00,73.06000000,73.20900000,72.88300000,72.94900000,1642
OFZ 26221,D1,2026-04-13,00:00:00,73.06000000,73.25100000,72.65800000,72.89300000,28095
OFZ 26221,D1,2026-04-14,00:00:00,72.90000000,73.10300000,72.75200000,72.88300000,33471
OFZ 26221,D1,2026-04-15,00:00:00,72.88400000,73.70000000,72.75300000,73.63700000,65663
OFZ 26221,D1,2026-04-16,00:00:00,73.63800000,73.99800000,73.25700000,73.61500000,107573
OFZ 26221,D1,2026-04-17,00:00:00,73.61800000,74.54800000,73.45300000,73.64700000,26690
OFZ 26221,D1,2026-04-18,00:00:00,74.55000000,74.55000000,73.53000000,73.79500000,3059
OFZ 26221,D1,2026-04-19,00:00:00,73.99900000,73.99900000,73.63100000,73.81900000,1726
OFZ 26221,D1,2026-04-20,00:00:00,74.55000000,74.55000000,73.45400000,73.84700000,180446
OFZ 26221,D1,2026-04-21,00:00:00,73.85700000,74.01600000,73.50000000,73.85200000,96131
OFZ 26221,D1,2026-04-22,00:00:00,73.85200000,74.70000000,73.66700000,74.42900000,124461
OFZ 26221,D1,2026-04-23,00:00:00,74.39000000,74.54700000,73.90000000,74.15500000,139462
OFZ 26221,D1,2026-04-24,00:00:00,74.24800000,74.61600000,72.75400000,73.00500000,76916
OFZ 26221,D1,2026-04-25,00:00:00,73.00400000,73.19400000,72.77300000,73.18200000,4047
OFZ 26221,D1,2026-04-26,00:00:00,73.18200000,73.35100000,73.00100000,73.17900000,3052
OFZ 26221,D1,2026-04-27,00:00:00,73.00400000,73.40400000,72.77300000,73.25200000,168089
OFZ 26221,D1,2026-04-28,00:00:00,73.32100000,73.42200000,73.00100000,73.17600000,46200
OFZ 26221,D1,2026-04-29,00:00:00,73.25200000,73.44100000,73.05100000,73.34000000,139699
OFZ 26221,D1,2026-04-30,00:00:00,73.39600000,73.50400000,73.15000000,73.29700000,68082
OFZ 26221,D1,2026-05-02,00:00:00,73.46000000,73.79600000,73.46000000,73.56400000,8779
OFZ 26221,D1,2026-05-03,00:00:00,73.56400000,73.60400000,73.42400000,73.56400000,1934
OFZ 26221,D1,2026-05-04,00:00:00,73.59700000,73.79600000,73.20000000,73.27000000,46209
OFZ 26221,D1,2026-05-05,00:00:00,73.25100000,73.49700000,73.20400000,73.23500000,17370
OFZ 26221,D1,2026-05-06,00:00:00,73.33200000,73.52800000,73.20500000,73.45500000,92592
OFZ 26221,D1,2026-05-07,00:00:00,73.53700000,73.53700000,73.16500000,73.25100000,289241
OFZ 26221,D1,2026-05-08,00:00:00,73.50400000,73.53100000,72.94600000,73.39500000,18842
OFZ 26221,D1,2026-05-11,00:00:00,73.20100000,73.53700000,72.89700000,73.53200000,9241
OFZ 26221,D1,2026-05-12,00:00:00,73.53200000,73.60700000,73.38100000,73.53600000,32474
OFZ 26221,D1,2026-05-13,00:00:00,73.51500000,73.65600000,72.98700000,73.31200000,98518
OFZ 26221,D1,2026-05-14,00:00:00,73.47800000,73.56000000,73.20000000,73.40500000,739223
OFZ 26221,D1,2026-05-15,00:00:00,73.40500000,73.65400000,73.09100000,73.39500000,24092
OFZ 26221,D1,2026-05-16,00:00:00,73.43200000,73.61700000,73.25000000,73.46900000,4918
OFZ 26221,D1,2026-05-17,00:00:00,73.54700000,73.54900000,73.28000000,73.41900000,484
OFZ 26221,D1,2026-05-18,00:00:00,73.43200000,73.61700000,73.24400000,73.49700000,24185
OFZ 26221,D1,2026-05-19,00:00:00,73.50000000,73.56100000,73.20500000,73.23900000,32689
OFZ 26221,D1,2026-05-20,00:00:00,73.37900000,73.58900000,73.11700000,73.58900000,164050
OFZ 26221,D1,2026-05-21,00:00:00,73.58900000,73.65900000,73.00200000,73.32000000,25477
OFZ 26221,D1,2026-05-22,00:00:00,73.43300000,73.49800000,73.10000000,73.10200000,93232
OFZ 26221,D1,2026-05-23,00:00:00,73.10200000,73.54500000,73.10000000,73.14500000,3013
OFZ 26221,D1,2026-05-24,00:00:00,73.54900000,73.55000000,73.11100000,73.21400000,904
OFZ 26221,D1,2026-05-25,00:00:00,73.10200000,73.55000000,72.90000000,73.04700000,107244
OFZ 26221,D1,2026-05-26,00:00:00,72.93100000,73.24900000,72.79000000,72.90200000,197267
OFZ 26221,D1,2026-05-27,00:00:00,72.92200000,73.14400000,72.79000000,72.91000000,72897
OFZ 26221,D1,2026-05-28,00:00:00,73.15000000,73.28000000,72.79100000,72.95500000,10193
OFZ 26221,D1,2026-05-29,00:00:00,72.95500000,73.15100000,72.94100000,73.07000000,189639
OFZ 26221,D1,2026-05-30,00:00:00,73.33000000,73.33000000,72.94300000,73.12000000,9448
OFZ 26221,D1,2026-05-31,00:00:00,73.26900000,73.30100000,72.94200000,73.15000000,1706
OFZ 26221,MN1,2025-12-31,00:00:00,70.85000000,73.08000000,70.45700000,72.03100000,2750788
OFZ 26221,MN1,2026-01-31,00:00:00,72.03100000,72.72000000,70.29100000,70.99000000,527903
OFZ 26221,MN1,2026-02-28,00:00:00,70.99000000,72.71100000,69.79800000,71.51200000,3399806
OFZ 26221,MN1,2026-03-31,00:00:00,71.65700000,73.29200000,71.10200000,72.68900000,1817502
OFZ 26221,MN1,2026-04-30,00:00:00,72.64400000,74.70000000,72.31200000,73.29700000,2162854
OFZ 26221,W1,2025-12-07,00:00:00,70.85000000,72.27300000,70.45700000,71.88500000,879689
OFZ 26221,W1,2025-12-14,00:00:00,71.92000000,72.69700000,71.29000000,72.53600000,724719
OFZ 26221,W1,2025-12-21,00:00:00,72.53700000,73.08000000,71.71000000,72.36800000,236538
OFZ 26221,W1,2025-12-28,00:00:00,72.36800000,72.98200000,71.10000000,71.35000000,560769
OFZ 26221,W1,2026-01-04,00:00:00,71.40000000,72.76900000,71.11200000,72.03100000,349073
OFZ 26221,W1,2026-01-11,00:00:00,72.03100000,72.72000000,71.99200000,72.03000000,30502
OFZ 26221,W1,2026-01-18,00:00:00,72.03000000,72.48000000,70.67700000,71.66200000,170646
OFZ 26221,W1,2026-01-25,00:00:00,71.77500000,72.12200000,70.56500000,70.83500000,194970
OFZ 26221,W1,2026-02-01,00:00:00,70.90200000,71.58500000,70.29100000,70.99000000,131785
OFZ 26221,W1,2026-02-08,00:00:00,70.99000000,71.44300000,70.40000000,70.42800000,521424
OFZ 26221,W1,2026-02-15,00:00:00,70.68000000,71.87000000,69.79800000,71.53000000,486923
OFZ 26221,W1,2026-02-22,00:00:00,71.20400000,72.71100000,71.05000000,71.98500000,1152524
OFZ 26221,W1,2026-03-01,00:00:00,71.98500000,72.49000000,71.21700000,71.51200000,1238935
OFZ 26221,W1,2026-03-08,00:00:00,71.65700000,71.85300000,71.10200000,71.61700000,248147
OFZ 26221,W1,2026-03-15,00:00:00,71.70000000,73.28900000,71.43500000,72.97500000,563769
OFZ 26221,W1,2026-03-22,00:00:00,72.97600000,73.29200000,72.40000000,72.89900000,351343
OFZ 26221,W1,2026-03-29,00:00:00,72.90000000,73.17000000,72.25100000,72.95700000,432077
OFZ 26221,W1,2026-04-05,00:00:00,72.89900000,73.09900000,72.40000000,72.44100000,546245
OFZ 26221,W1,2026-04-12,00:00:00,72.60000000,73.25100000,72.31200000,72.94900000,525913
OFZ 26221,W1,2026-04-19,00:00:00,73.06000000,74.55000000,72.65800000,73.81900000,266277
OFZ 26221,W1,2026-04-26,00:00:00,74.55000000,74.70000000,72.75400000,73.17900000,624515
OFZ 26221,W1,2026-05-03,00:00:00,73.00400000,73.79600000,72.77300000,73.56400000,432783
OFZ 26221,W1,2026-05-10,00:00:00,73.59700000,73.79600000,72.94600000,73.39500000,464254
OFZ 26221,W1,2026-05-17,00:00:00,73.20100000,73.65600000,72.89700000,73.41900000,908950
OFZ 26221,W1,2026-05-24,00:00:00,73.43200000,73.65900000,73.00200000,73.21400000,343550
OFZ 26224,D1,2025-12-01,00:00:00,81.20700000,81.46700000,80.80000000,80.95100000,44306
OFZ 26224,D1,2025-12-02,00:00:00,80.92400000,81.39800000,80.90000000,81.09400000,234644
OFZ 26224,D1,2025-12-03,00:00:00,80.90700000,81.69900000,80.89000000,81.69800000,189475
OFZ 26224,D1,2025-12-04,00:00:00,81.62600000,82.18000000,81.22200000,81.58500000,674660
OFZ 26224,D1,2025-12-05,00:00:00,81.62000000,81.99700000,81.33700000,81.60400000,206949
OFZ 26224,D1,2025-12-08,00:00:00,81.59000000,81.75200000,81.43500000,81.52000000,20431
OFZ 26224,D1,2025-12-09,00:00:00,81.64100000,81.64400000,81.37300000,81.58200000,22780
OFZ 26224,D1,2025-12-10,00:00:00,81.44400000,82.27800000,81.31100000,82.00000000,97971
OFZ 26224,D1,2025-12-11,00:00:00,82.16000000,82.49300000,81.83000000,82.04000000,235025
OFZ 26224,D1,2025-12-12,00:00:00,82.04000000,82.34800000,81.90400000,82.11400000,25097
OFZ 26224,D1,2025-12-15,00:00:00,82.20000000,82.35500000,82.01600000,82.15000000,64455
OFZ 26224,D1,2025-12-16,00:00:00,82.31500000,82.56000000,81.98400000,82.09800000,429097
OFZ 26224,D1,2025-12-17,00:00:00,82.16100000,82.52400000,81.85400000,82.50700000,570644
OFZ 26224,D1,2025-12-18,00:00:00,82.50800000,82.56300000,82.06500000,82.49100000,14495
OFZ 26224,D1,2025-12-19,00:00:00,82.49100000,82.54900000,81.60000000,82.00900000,65931
OFZ 26224,D1,2025-12-22,00:00:00,82.07300000,82.17700000,81.63800000,81.79100000,18161
OFZ 26224,D1,2025-12-23,00:00:00,81.91100000,82.10800000,81.50000000,82.05200000,5617
OFZ 26224,D1,2025-12-24,00:00:00,82.14200000,82.19200000,81.59700000,82.17100000,7844
OFZ 26224,D1,2025-12-25,00:00:00,82.05300000,82.32800000,81.52000000,81.69700000,63827
OFZ 26224,D1,2025-12-26,00:00:00,81.79800000,82.04300000,81.68500000,82.03500000,62999
OFZ 26224,D1,2025-12-29,00:00:00,82.03600000,82.39500000,81.61500000,81.79700000,135293
OFZ 26224,D1,2025-12-30,00:00:00,81.82600000,83.74400000,81.82600000,81.99900000,66661
OFZ 26224,D1,2026-01-05,00:00:00,82.27800000,83.24700000,82.00000000,82.69900000,10759
OFZ 26224,D1,2026-01-06,00:00:00,82.61200000,83.58200000,82.53700000,83.32800000,7062
OFZ 26224,D1,2026-01-08,00:00:00,83.32900000,83.39800000,82.74100000,82.74100000,3249
OFZ 26224,D1,2026-01-09,00:00:00,83.03400000,83.03400000,82.11700000,82.28100000,5505
OFZ 26224,D1,2026-01-12,00:00:00,82.46600000,82.63600000,81.46600000,81.52200000,68697
OFZ 26224,D1,2026-01-13,00:00:00,81.77300000,81.77400000,81.40400000,81.55000000,117579
OFZ 26224,D1,2026-01-14,00:00:00,81.70000000,81.89900000,81.44100000,81.53700000,89870
OFZ 26224,D1,2026-01-15,00:00:00,81.74700000,81.76700000,81.17000000,81.53000000,166487
OFZ 26224,D1,2026-01-16,00:00:00,81.71000000,82.30000000,81.33000000,82.29900000,12424
OFZ 26224,D1,2026-01-19,00:00:00,82.30100000,82.57000000,81.33300000,81.96000000,13736
OFZ 26224,D1,2026-01-20,00:00:00,82.09100000,82.39900000,81.68900000,81.84100000,13703
OFZ 26224,D1,2026-01-21,00:00:00,82.15500000,82.19600000,80.81000000,80.83300000,18588
OFZ 26224,D1,2026-01-22,00:00:00,80.91800000,81.79700000,80.60000000,81.34800000,220670
OFZ 26224,D1,2026-01-23,00:00:00,81.64900000,81.64900000,80.70000000,81.36200000,31580
OFZ 26224,D1,2026-01-26,00:00:00,81.36300000,81.87600000,81.00000000,81.19600000,28990
OFZ 26224,D1,2026-01-27,00:00:00,81.39000000,81.48500000,80.90100000,81.32700000,11428
OFZ 26224,D1,2026-01-28,00:00:00,81.15000000,81.68600000,81.05000000,81.60000000,15380
OFZ 26224,D1,2026-01-29,00:00:00,81.69400000,81.92400000,81.00000000,81.59700000,17257
OFZ 26224,D1,2026-01-30,00:00:00,81.65000000,81.70000000,81.25000000,81.56000000,26806
OFZ 26224,D1,2026-02-02,00:00:00,81.58700000,81.85700000,81.12700000,81.22000000,22713
OFZ 26224,D1,2026-02-03,00:00:00,81.66500000,81.70700000,81.20800000,81.69800000,44558
OFZ 26224,D1,2026-02-04,00:00:00,81.77800000,81.98700000,81.40700000,81.84000000,1094106
OFZ 26224,D1,2026-02-05,00:00:00,81.78000000,81.95700000,81.61100000,81.83800000,714114
OFZ 26224,D1,2026-02-06,00:00:00,81.60200000,81.91700000,81.21800000,81.24300000,365029
OFZ 26224,D1,2026-02-09,00:00:00,81.37500000,81.87900000,81.12000000,81.73000000,17516
OFZ 26224,D1,2026-02-10,00:00:00,81.79000000,82.00600000,81.35100000,81.54900000,250288
OFZ 26224,D1,2026-02-11,00:00:00,82.03300000,82.05800000,81.30500000,81.80100000,166415
OFZ 26224,D1,2026-02-12,00:00:00,81.83800000,82.22300000,81.67000000,81.70300000,499766
OFZ 26224,D1,2026-02-13,00:00:00,81.71000000,82.34900000,81.50000000,82.21500000,42390
OFZ 26224,D1,2026-02-16,00:00:00,82.49500000,82.49500000,82.00100000,82.22900000,40690
OFZ 26224,D1,2026-02-17,00:00:00,82.35900000,82.60500000,82.10300000,82.60500000,18176
OFZ 26224,D1,2026-02-18,00:00:00,82.79300000,82.88600000,82.47000000,82.83400000,9615
OFZ 26224,D1,2026-02-19,00:00:00,82.88600000,83.08900000,82.61000000,82.70100000,37440
OFZ 26224,D1,2026-02-20,00:00:00,82.95900000,83.23000000,82.62000000,82.63200000,20463
OFZ 26224,D1,2026-02-24,00:00:00,82.80900000,83.29800000,82.28000000,82.64900000,25683
OFZ 26224,D1,2026-02-25,00:00:00,82.74500000,82.84300000,82.60000000,82.61100000,53728
OFZ 26224,D1,2026-02-26,00:00:00,82.86800000,83.18900000,81.89200000,82.42800000,33861
OFZ 26224,D1,2026-02-27,00:00:00,82.72800000,83.13400000,82.10800000,82.60600000,441731
OFZ 26224,D1,2026-03-02,00:00:00,82.69900000,82.80400000,81.90200000,82.69000000,131501
OFZ 26224,D1,2026-03-03,00:00:00,82.77100000,82.80000000,82.56000000,82.79900000,38758
OFZ 26224,D1,2026-03-04,00:00:00,82.79900000,83.10000000,82.63700000,82.69300000,165340
OFZ 26224,D1,2026-03-05,00:00:00,83.04600000,83.07500000,82.63600000,82.73500000,318195
OFZ 26224,D1,2026-03-06,00:00:00,82.89900000,82.90000000,82.37300000,82.75900000,10421
OFZ 26224,D1,2026-03-09,00:00:00,82.90000000,83.27100000,82.64800000,83.03700000,13298
OFZ 26224,D1,2026-03-10,00:00:00,83.03600000,83.29500000,82.90800000,83.02300000,15222
OFZ 26224,D1,2026-03-11,00:00:00,83.28200000,83.32500000,83.00400000,83.13000000,31648
OFZ 26224,D1,2026-03-12,00:00:00,83.14000000,84.65500000,83.13100000,83.80000000,72770
OFZ 26224,D1,2026-03-13,00:00:00,83.93800000,84.74700000,83.77100000,84.42100000,25533
OFZ 26224,D1,2026-03-16,00:00:00,84.42100000,84.72600000,84.00000000,84.21300000,21638
OFZ 26224,D1,2026-03-17,00:00:00,84.39900000,84.59900000,83.95000000,84.30500000,44856
OFZ 26224,D1,2026-03-18,00:00:00,84.40000000,84.52500000,84.17600000,84.38900000,546596
OFZ 26224,D1,2026-03-19,00:00:00,84.52000000,84.69000000,84.05100000,84.39600000,30064
OFZ 26224,D1,2026-03-20,00:00:00,84.51200000,84.97700000,84.14000000,84.59000000,24361
OFZ 26224,D1,2026-03-23,00:00:00,84.67000000,84.69600000,84.15200000,84.46800000,298212
OFZ 26224,D1,2026-03-24,00:00:00,84.46800000,84.71900000,84.31100000,84.66700000,399569
OFZ 26224,D1,2026-03-25,00:00:00,84.45600000,84.78500000,84.45600000,84.69200000,225258
OFZ 26224,D1,2026-03-26,00:00:00,84.81300000,84.94100000,84.47500000,84.56100000,9561
OFZ 26224,D1,2026-03-27,00:00:00,84.57000000,84.79700000,84.41900000,84.53000000,19675
OFZ 26224,D1,2026-03-28,00:00:00,84.69600000,84.80000000,84.40000000,84.40200000,950
OFZ 26224,D1,2026-03-29,00:00:00,84.59900000,84.69800000,84.40000000,84.43000000,783
OFZ 26224,D1,2026-03-30,00:00:00,84.69600000,84.80000000,84.28500000,84.56500000,158251
OFZ 26224,D1,2026-03-31,00:00:00,84.78900000,84.92700000,84.40000000,84.60000000,14844
OFZ 26224,D1,2026-04-01,00:00:00,84.62500000,84.80500000,84.50700000,84.60000000,12335
OFZ 26224,D1,2026-04-02,00:00:00,84.67100000,84.91100000,84.50500000,84.80300000,177219
OFZ 26224,D1,2026-04-03,00:00:00,84.80100000,84.90000000,84.63500000,84.83000000,21233
OFZ 26224,D1,2026-04-04,00:00:00,84.79900000,84.99800000,84.70300000,84.71800000,713
OFZ 26224,D1,2026-04-05,00:00:00,84.71900000,84.99700000,84.71900000,84.89900000,936
OFZ 26224,D1,2026-04-06,00:00:00,84.79900000,84.99800000,84.55300000,84.90000000,33160
OFZ 26224,D1,2026-04-07,00:00:00,84.94100000,84.99800000,84.70100000,84.83100000,95549
OFZ 26224,D1,2026-04-08,00:00:00,84.99700000,85.06300000,84.74700000,84.90200000,40147
OFZ 26224,D1,2026-04-09,00:00:00,84.70700000,84.96000000,84.70700000,84.89400000,45917
OFZ 26224,D1,2026-04-10,00:00:00,84.91000000,85.60000000,84.75500000,84.99100000,71700
OFZ 26224,D1,2026-04-11,00:00:00,84.90000000,85.24900000,84.76000000,85.14900000,2569
OFZ 26224,D1,2026-04-12,00:00:00,85.19000000,85.25000000,85.00000000,85.14000000,823
OFZ 26224,D1,2026-04-13,00:00:00,84.90000000,85.25000000,84.73000000,84.90600000,40969
OFZ 26224,D1,2026-04-14,00:00:00,84.73100000,85.04100000,84.73000000,84.94700000,126745
OFZ 26224,D1,2026-04-15,00:00:00,84.96100000,85.35000000,84.83600000,85.26600000,166630
OFZ 26224,D1,2026-04-16,00:00:00,85.38300000,85.49900000,85.00000000,85.31500000,70992
OFZ 26224,D1,2026-04-17,00:00:00,85.40000000,85.49900000,85.28000000,85.49500000,5973
OFZ 26224,D1,2026-04-18,00:00:00,85.49900000,85.50000000,85.23100000,85.49700000,1924
OFZ 26224,D1,2026-04-19,00:00:00,85.50000000,85.57000000,85.30600000,85.51000000,1690
OFZ 26224,D1,2026-04-20,00:00:00,85.49900000,86.15600000,85.23100000,85.97600000,120860
OFZ 26224,D1,2026-04-21,00:00:00,86.18500000,86.79100000,85.30400000,85.74900000,1221404
OFZ 26224,D1,2026-04-22,00:00:00,85.74900000,86.12200000,85.63400000,85.89700000,1759567
OFZ 26224,D1,2026-04-23,00:00:00,85.90000000,86.09800000,85.80100000,85.80400000,126546
OFZ 26224,D1,2026-04-24,00:00:00,86.10000000,86.10000000,84.69500000,85.41500000,110021
OFZ 26224,D1,2026-04-25,00:00:00,85.41000000,85.76000000,85.02200000,85.27800000,3871
OFZ 26224,D1,2026-04-26,00:00:00,85.29000000,85.29900000,85.05100000,85.27000000,1547
OFZ 26224,D1,2026-04-27,00:00:00,85.41000000,85.76000000,85.02200000,85.22600000,35766
OFZ 26224,D1,2026-04-28,00:00:00,85.24400000,85.43700000,84.97700000,85.09100000,26521
OFZ 26224,D1,2026-04-29,00:00:00,85.15000000,85.57200000,84.90100000,85.25400000,43632
OFZ 26224,D1,2026-04-30,00:00:00,85.13700000,85.53400000,85.00100000,85.24600000,28005
OFZ 26224,D1,2026-05-02,00:00:00,85.24600000,85.49900000,85.01600000,85.47800000,738
OFZ 26224,D1,2026-05-03,00:00:00,85.49900000,85.49900000,85.21600000,85.44900000,696
OFZ 26224,D1,2026-05-04,00:00:00,85.64900000,85.64900000,85.01600000,85.32000000,15265
OFZ 26224,D1,2026-05-05,00:00:00,85.40000000,85.50000000,85.14000000,85.32400000,17761
OFZ 26224,D1,2026-05-06,00:00:00,85.40000000,85.49900000,85.20000000,85.46300000,27060
OFZ 26224,D1,2026-05-07,00:00:00,85.46300000,85.49900000,85.14300000,85.25100000,10911
OFZ 26224,D1,2026-05-08,00:00:00,85.25100000,85.46400000,85.20000000,85.40500000,16450
OFZ 26224,D1,2026-05-11,00:00:00,85.32000000,85.62900000,85.20200000,85.61000000,3891
OFZ 26224,D1,2026-05-12,00:00:00,85.62900000,85.63200000,85.35000000,85.63200000,423814
OFZ 26224,D1,2026-05-13,00:00:00,85.63200000,85.66000000,85.36900000,85.40100000,10717
OFZ 26224,D1,2026-05-14,00:00:00,85.59000000,85.63200000,85.40000000,85.59400000,13365
OFZ 26224,D1,2026-05-15,00:00:00,85.59400000,85.79000000,85.43100000,85.60700000,15848
OFZ 26224,D1,2026-05-16,00:00:00,85.60700000,85.79200000,85.50200000,85.77300000,570
OFZ 26224,D1,2026-05-17,00:00:00,85.91900000,86.00000000,85.20200000,85.68500000,1987
OFZ 26224,D1,2026-05-18,00:00:00,85.60700000,86.09800000,85.20200000,85.59200000,14299
OFZ 26224,D1,2026-05-19,00:00:00,85.68700000,85.88500000,85.25100000,85.31700000,33168
OFZ 26224,D1,2026-05-20,00:00:00,85.60000000,85.62900000,85.10300000,85.55200000,27909
OFZ 26224,D1,2026-05-21,00:00:00,85.59900000,85.80000000,85.37000000,85.47500000,10709
OFZ 26224,D1,2026-05-22,00:00:00,85.34000000,85.64800000,85.23200000,85.24100000,22579
OFZ 26224,D1,2026-05-23,00:00:00,85.24100000,85.55500000,85.24100000,85.55400000,3157
OFZ 26224,D1,2026-05-24,00:00:00,85.60000000,85.64400000,85.26100000,85.35200000,1011
OFZ 26224,D1,2026-05-25,00:00:00,85.24100000,85.64400000,85.12500000,85.21200000,20407
OFZ 26224,D1,2026-05-26,00:00:00,85.40000000,85.40000000,85.12300000,85.15600000,17396
OFZ 26224,D1,2026-05-27,00:00:00,85.39800000,85.59400000,85.10000000,85.30700000,36678
OFZ 26224,D1,2026-05-28,00:00:00,85.40000000,85.46400000,85.10000000,85.36000000,22420
OFZ 26224,D1,2026-05-29,00:00:00,85.36700000,85.49900000,85.07100000,85.21900000,16095
OFZ 26224,D1,2026-05-30,00:00:00,85.09200000,85.29800000,85.09100000,85.26900000,1473
OFZ 26224,D1,2026-05-31,00:00:00,85.26900000,85.36400000,85.09500000,85.35200000,4050
OFZ 26224,MN1,2025-12-31,00:00:00,81.20700000,83.74400000,80.80000000,81.99900000,3256362
OFZ 26224,MN1,2026-01-31,00:00:00,82.27800000,83.58200000,80.60000000,81.56000000,879770
OFZ 26224,MN1,2026-02-28,00:00:00,81.58700000,83.29800000,81.12000000,82.60600000,3898282
OFZ 26224,MN1,2026-03-31,00:00:00,82.69900000,84.97700000,81.90200000,84.60000000,2617304
OFZ 26224,MN1,2026-04-30,00:00:00,84.62500000,86.79100000,84.50500000,85.24600000,4394964
OFZ 26224,W1,2025-12-07,00:00:00,81.20700000,82.18000000,80.80000000,81.60400000,1350034
OFZ 26224,W1,2025-12-14,00:00:00,81.59000000,82.49300000,81.31100000,82.11400000,401304
OFZ 26224,W1,2025-12-21,00:00:00,82.20000000,82.56300000,81.60000000,82.00900000,1144622
OFZ 26224,W1,2025-12-28,00:00:00,82.07300000,82.32800000,81.50000000,82.03500000,158448
OFZ 26224,W1,2026-01-04,00:00:00,82.03600000,83.74400000,81.61500000,81.99900000,201954
OFZ 26224,W1,2026-01-11,00:00:00,82.27800000,83.58200000,82.00000000,82.28100000,26575
OFZ 26224,W1,2026-01-18,00:00:00,82.46600000,82.63600000,81.17000000,82.29900000,455057
OFZ 26224,W1,2026-01-25,00:00:00,82.30100000,82.57000000,80.60000000,81.36200000,298277
OFZ 26224,W1,2026-02-01,00:00:00,81.36300000,81.92400000,80.90100000,81.56000000,99861
OFZ 26224,W1,2026-02-08,00:00:00,81.58700000,81.98700000,81.12700000,81.24300000,2240520
OFZ 26224,W1,2026-02-15,00:00:00,81.37500000,82.34900000,81.12000000,82.21500000,976375
OFZ 26224,W1,2026-02-22,00:00:00,82.49500000,83.23000000,82.00100000,82.63200000,126384
OFZ 26224,W1,2026-03-01,00:00:00,82.80900000,83.29800000,81.89200000,82.60600000,555003
OFZ 26224,W1,2026-03-08,00:00:00,82.69900000,83.10000000,81.90200000,82.75900000,664215
OFZ 26224,W1,2026-03-15,00:00:00,82.90000000,84.74700000,82.64800000,84.42100000,158471
OFZ 26224,W1,2026-03-22,00:00:00,84.42100000,84.97700000,83.95000000,84.59000000,667515
OFZ 26224,W1,2026-03-29,00:00:00,84.67000000,84.94100000,84.15200000,84.43000000,954008
OFZ 26224,W1,2026-04-05,00:00:00,84.69600000,84.99800000,84.28500000,84.89900000,385531
OFZ 26224,W1,2026-04-12,00:00:00,84.79900000,85.60000000,84.55300000,85.14000000,289865
OFZ 26224,W1,2026-04-19,00:00:00,84.90000000,85.57000000,84.73000000,85.51000000,414923
OFZ 26224,W1,2026-04-26,00:00:00,85.49900000,86.79100000,84.69500000,85.27000000,3343816
OFZ 26224,W1,2026-05-03,00:00:00,85.41000000,85.76000000,84.90100000,85.44900000,135358
OFZ 26224,W1,2026-05-10,00:00:00,85.64900000,85.64900000,85.01600000,85.40500000,87447
OFZ 26224,W1,2026-05-17,00:00:00,85.32000000,86.00000000,85.20200000,85.68500000,470192
OFZ 26224,W1,2026-05-24,00:00:00,85.60700000,86.09800000,85.10300000,85.35200000,112832
OFZ 26225,D1,2025-12-01,00:00:00,66.38700000,66.55300000,66.00600000,66.39700000,75555
OFZ 26225,D1,2025-12-02,00:00:00,66.39700000,66.57500000,66.10000000,66.45200000,106248
OFZ 26225,D1,2025-12-03,00:00:00,66.51800000,67.17300000,66.10000000,67.00000000,307361
OFZ 26225,D1,2025-12-04,00:00:00,67.08500000,67.30000000,66.81100000,67.14900000,284842
OFZ 26225,D1,2025-12-05,00:00:00,67.10100000,67.90000000,66.98300000,67.74900000,55263
OFZ 26225,D1,2025-12-08,00:00:00,67.74900000,67.89900000,66.91300000,67.25300000,61255
OFZ 26225,D1,2025-12-09,00:00:00,67.28200000,67.64800000,67.18400000,67.54800000,137358
OFZ 26225,D1,2025-12-10,00:00:00,67.54700000,67.89500000,67.35900000,67.89200000,295833
OFZ 26225,D1,2025-12-11,00:00:00,67.89900000,67.90000000,67.17800000,67.77000000,288984
OFZ 26225,D1,2025-12-12,00:00:00,67.83000000,68.34800000,67.40000000,68.22800000,279416
OFZ 26225,D1,2025-12-15,00:00:00,68.08100000,68.39000000,67.70000000,68.17900000,66667
OFZ 26225,D1,2025-12-16,00:00:00,68.15500000,68.47900000,67.63000000,68.11000000,74614
OFZ 26225,D1,2025-12-17,00:00:00,68.13700000,68.95000000,67.67000000,68.37000000,98028
OFZ 26225,D1,2025-12-18,00:00:00,68.53400000,68.58600000,68.20200000,68.48100000,656902
OFZ 26225,D1,2025-12-19,00:00:00,68.50500000,68.60000000,67.44000000,67.91400000,288932
OFZ 26225,D1,2025-12-22,00:00:00,67.82800000,68.24000000,67.27000000,67.48900000,166726
OFZ 26225,D1,2025-12-23,00:00:00,67.48700000,67.75400000,67.10000000,67.55700000,50663
OFZ 26225,D1,2025-12-24,00:00:00,67.75400000,67.75500000,67.25100000,67.32000000,40426
OFZ 26225,D1,2025-12-25,00:00:00,67.32100000,67.32100000,66.71300000,66.90800000,55259
OFZ 26225,D1,2025-12-26,00:00:00,66.91800000,67.60000000,66.71100000,67.34200000,54822
OFZ 26225,D1,2025-12-29,00:00:00,67.39200000,67.85400000,66.50000000,67.11900000,100705
OFZ 26225,D1,2025-12-30,00:00:00,67.02400000,68.30000000,66.60000000,67.85900000,82005
OFZ 26225,D1,2026-01-05,00:00:00,67.95100000,68.38200000,67.78600000,68.22500000,15041
OFZ 26225,D1,2026-01-06,00:00:00,68.19900000,68.96000000,68.11400000,68.75000000,19803
OFZ 26225,D1,2026-01-08,00:00:00,68.75000000,69.00000000,68.23500000,68.40200000,9400
OFZ 26225,D1,2026-01-09,00:00:00,68.27700000,68.78500000,68.27700000,68.50600000,8584
OFZ 26225,D1,2026-01-12,00:00:00,67.91000000,68.74800000,66.98300000,67.22200000,82548
OFZ 26225,D1,2026-01-13,00:00:00,67.35900000,67.35900000,66.68300000,66.87900000,40011
OFZ 26225,D1,2026-01-14,00:00:00,67.39000000,67.39000000,65.73600000,66.38300000,403121
OFZ 26225,D1,2026-01-15,00:00:00,66.45000000,67.50000000,66.15100000,66.69900000,236284
OFZ 26225,D1,2026-01-16,00:00:00,66.75100000,67.20800000,66.32000000,66.70500000,43493
OFZ 26225,D1,2026-01-19,00:00:00,66.70500000,67.32700000,66.39400000,66.50000000,33350
OFZ 26225,D1,2026-01-20,00:00:00,66.43200000,66.61500000,66.20000000,66.29100000,31959
OFZ 26225,D1,2026-01-21,00:00:00,66.33500000,66.33500000,66.01000000,66.06000000,28585
OFZ 26225,D1,2026-01-22,00:00:00,66.17400000,66.41000000,65.90800000,66.31900000,392393
OFZ 26225,D1,2026-01-23,00:00:00,66.42800000,66.50000000,65.97000000,66.28000000,26165
OFZ 26225,D1,2026-01-26,00:00:00,66.30000000,66.57100000,65.77000000,65.89800000,137354
OFZ 26225,D1,2026-01-27,00:00:00,65.89800000,66.02300000,65.70000000,65.80300000,270878
OFZ 26225,D1,2026-01-28,00:00:00,65.75600000,66.32200000,65.72600000,66.30800000,38054
OFZ 26225,D1,2026-01-29,00:00:00,66.31100000,66.59800000,65.92700000,66.35900000,124944
OFZ 26225,D1,2026-01-30,00:00:00,66.42000000,66.61400000,66.21000000,66.30000000,25437
OFZ 26225,D1,2026-02-02,00:00:00,66.30000000,66.82000000,65.85000000,66.19900000,43545
OFZ 26225,D1,2026-02-03,00:00:00,66.26500000,66.39900000,66.09600000,66.15300000,33394
OFZ 26225,D1,2026-02-04,00:00:00,66.23800000,66.29900000,66.01700000,66.18000000,27815
OFZ 26225,D1,2026-02-05,00:00:00,66.17700000,67.40000000,65.84100000,65.96900000,160106
OFZ 26225,D1,2026-02-06,00:00:00,65.96900000,66.15900000,65.63200000,65.74700000,230395
OFZ 26225,D1,2026-02-09,00:00:00,65.81200000,66.13200000,65.49100000,65.61900000,85086
OFZ 26225,D1,2026-02-10,00:00:00,65.85000000,65.85000000,65.02800000,65.35700000,973232
OFZ 26225,D1,2026-02-11,00:00:00,65.47000000,66.06000000,65.10500000,65.94700000,174803
OFZ 26225,D1,2026-02-12,00:00:00,66.04000000,66.26700000,65.70300000,65.95300000,198580
OFZ 26225,D1,2026-02-13,00:00:00,66.01000000,66.90700000,65.60000000,66.87700000,400878
OFZ 26225,D1,2026-02-16,00:00:00,66.91800000,67.71900000,66.54600000,66.98200000,326654
OFZ 26225,D1,2026-02-17,00:00:00,67.06500000,67.16900000,66.75500000,67.09900000,370825
OFZ 26225,D1,2026-02-18,00:00:00,67.10000000,67.49000000,66.92000000,67.49000000,196004
OFZ 26225,D1,2026-02-19,00:00:00,67.52100000,67.68800000,67.08500000,67.24800000,46788
OFZ 26225,D1,2026-02-20,00:00:00,67.35300000,67.42100000,66.86100000,67.14800000,237420
OFZ 26225,D1,2026-02-24,00:00:00,67.14900000,67.25000000,66.81100000,66.94800000,102261
OFZ 26225,D1,2026-02-25,00:00:00,67.02800000,67.10000000,66.65000000,66.86100000,354183
OFZ 26225,D1,2026-02-26,00:00:00,66.88500000,67.01300000,66.60800000,66.70900000,175009
OFZ 26225,D1,2026-02-27,00:00:00,66.84400000,66.99000000,66.60000000,66.85800000,190329
OFZ 26225,D1,2026-03-02,00:00:00,66.88100000,67.29500000,66.41200000,66.72000000,537450
OFZ 26225,D1,2026-03-03,00:00:00,66.80000000,67.10100000,66.60000000,66.78900000,115771
OFZ 26225,D1,2026-03-04,00:00:00,66.89900000,66.89900000,66.50000000,66.75000000,34812
OFZ 26225,D1,2026-03-05,00:00:00,66.75000000,67.10000000,66.55900000,66.60000000,171551
OFZ 26225,D1,2026-03-06,00:00:00,66.59000000,66.85100000,66.54700000,66.59900000,428426
OFZ 26225,D1,2026-03-09,00:00:00,66.75600000,66.88900000,66.59000000,66.75800000,30003
OFZ 26225,D1,2026-03-10,00:00:00,66.83000000,67.06800000,66.70600000,67.01400000,237721
OFZ 26225,D1,2026-03-11,00:00:00,67.01400000,67.07300000,66.76200000,66.90000000,286355
OFZ 26225,D1,2026-03-12,00:00:00,66.90000000,67.75500000,66.65000000,67.57400000,558660
OFZ 26225,D1,2026-03-13,00:00:00,67.55700000,68.46000000,67.55700000,68.06500000,543425
OFZ 26225,D1,2026-03-16,00:00:00,68.07200000,68.48000000,67.78000000,67.99400000,562311
OFZ 26225,D1,2026-03-17,00:00:00,67.98000000,68.09900000,67.57800000,67.72500000,253097
OFZ 26225,D1,2026-03-18,00:00:00,67.79800000,67.94500000,67.62300000,67.79100000,72803
OFZ 26225,D1,2026-03-19,00:00:00,67.79100000,67.95900000,67.55000000,67.74400000,634975
OFZ 26225,D1,2026-03-20,00:00:00,67.80000000,68.00600000,67.64800000,67.74500000,342539
OFZ 26225,D1,2026-03-23,00:00:00,67.80000000,67.99400000,67.28400000,67.65000000,39415
OFZ 26225,D1,2026-03-24,00:00:00,67.68300000,67.90000000,67.50000000,67.76200000,50943
OFZ 26225,D1,2026-03-25,00:00:00,67.76200000,67.78800000,67.52200000,67.70000000,92112
OFZ 26225,D1,2026-03-26,00:00:00,67.70000000,67.80000000,67.25400000,67.57600000,389807
OFZ 26225,D1,2026-03-27,00:00:00,67.69700000,67.73900000,67.50300000,67.71600000,32585
OFZ 26225,D1,2026-03-28,00:00:00,67.67100000,67.74000000,67.57700000,67.73600000,2315
OFZ 26225,D1,2026-03-29,00:00:00,67.74500000,67.79900000,67.58500000,67.72700000,1944
OFZ 26225,D1,2026-03-30,00:00:00,67.67100000,67.79900000,67.45000000,67.53500000,241753
OFZ 26225,D1,2026-03-31,00:00:00,67.55000000,67.72000000,67.45700000,67.65000000,442291
OFZ 26225,D1,2026-04-01,00:00:00,67.65000000,67.78400000,67.53300000,67.60500000,154828
OFZ 26225,D1,2026-04-02,00:00:00,67.78900000,67.79600000,67.52000000,67.68900000,68997
OFZ 26225,D1,2026-04-03,00:00:00,67.60000000,67.86400000,67.50000000,67.72700000,78618
OFZ 26225,D1,2026-04-04,00:00:00,67.73300000,67.73400000,67.60200000,67.73200000,3292
OFZ 26225,D1,2026-04-05,00:00:00,67.74900000,67.80700000,67.60700000,67.67500000,2474
OFZ 26225,D1,2026-04-06,00:00:00,67.73300000,67.99900000,67.50700000,67.78300000,235427
OFZ 26225,D1,2026-04-07,00:00:00,67.61100000,67.87900000,67.40000000,67.70000000,90626
OFZ 26225,D1,2026-04-08,00:00:00,67.70300000,67.95100000,67.42100000,67.72800000,92651
OFZ 26225,D1,2026-04-09,00:00:00,67.69300000,67.77000000,67.38100000,67.51500000,145966
OFZ 26225,D1,2026-04-10,00:00:00,67.50000000,67.91900000,67.40000000,67.90000000,535701
OFZ 26225,D1,2026-04-11,00:00:00,67.95000000,68.19600000,67.78600000,67.80200000,6042
OFZ 26225,D1,2026-04-12,00:00:00,67.94000000,68.02400000,67.82000000,68.01500000,2663
OFZ 26225,D1,2026-04-13,00:00:00,67.95000000,68.19600000,67.50100000,67.65800000,644860
OFZ 26225,D1,2026-04-14,00:00:00,67.81600000,67.88600000,67.50000000,67.67900000,455789
OFZ 26225,D1,2026-04-15,00:00:00,67.67900000,68.30100000,67.45000000,68.20300000,186183
OFZ 26225,D1,2026-04-16,00:00:00,68.30000000,68.32500000,67.90000000,68.20800000,1818497
OFZ 26225,D1,2026-04-17,00:00:00,68.20800000,68.32400000,68.00000000,68.12000000,30633
OFZ 26225,D1,2026-04-18,00:00:00,68.23000000,68.29000000,68.06100000,68.23000000,6660
OFZ 26225,D1,2026-04-19,00:00:00,68.27900000,68.29900000,68.06600000,68.23000000,4604
OFZ 26225,D1,2026-04-20,00:00:00,68.23000000,68.34000000,67.79800000,68.15800000,127349
OFZ 26225,D1,2026-04-21,00:00:00,68.15700000,68.30000000,67.93100000,68.28600000,137084
OFZ 26225,D1,2026-04-22,00:00:00,68.28600000,69.05000000,68.14700000,68.99700000,2905823
OFZ 26225,D1,2026-04-23,00:00:00,68.99700000,69.39700000,68.45100000,68.56800000,213248
OFZ 26225,D1,2026-04-24,00:00:00,68.68900000,68.84900000,67.50000000,67.63300000,451039
OFZ 26225,D1,2026-04-25,00:00:00,67.63300000,68.01900000,67.63200000,67.92000000,7168
OFZ 26225,D1,2026-04-26,00:00:00,67.94100000,68.19800000,67.70100000,67.89000000,11636
OFZ 26225,D1,2026-04-27,00:00:00,67.63300000,68.21100000,67.55800000,67.75300000,129403
OFZ 26225,D1,2026-04-28,00:00:00,67.79900000,67.79900000,67.51000000,67.65000000,32398
OFZ 26225,D1,2026-04-29,00:00:00,67.73900000,67.96500000,67.60600000,67.93800000,872101
OFZ 26225,D1,2026-04-30,00:00:00,67.93800000,68.21000000,67.83300000,68.09400000,286789
OFZ 26225,D1,2026-05-02,00:00:00,68.18800000,68.19800000,68.03500000,68.16000000,5803
OFZ 26225,D1,2026-05-03,00:00:00,68.16000000,68.18400000,67.96000000,68.13200000,12121
OFZ 26225,D1,2026-05-04,00:00:00,68.09400000,68.19800000,67.90000000,68.01700000,807463
OFZ 26225,D1,2026-05-05,00:00:00,68.17900000,68.17900000,67.84000000,67.92700000,294799
OFZ 26225,D1,2026-05-06,00:00:00,67.98500000,68.10000000,67.85000000,68.00000000,102709
OFZ 26225,D1,2026-05-07,00:00:00,68.00000000,68.19700000,67.80000000,67.85400000,1033017
OFZ 26225,D1,2026-05-08,00:00:00,68.05300000,68.05400000,67.61100000,67.83100000,98590
OFZ 26225,D1,2026-05-11,00:00:00,67.85400000,68.19700000,67.71400000,68.08700000,22605
OFZ 26225,D1,2026-05-12,00:00:00,68.15800000,68.19600000,67.83100000,67.85000000,29946
OFZ 26225,D1,2026-05-13,00:00:00,68.08400000,68.19300000,67.70000000,67.78500000,590519
OFZ 26225,D1,2026-05-14,00:00:00,67.84600000,67.95000000,67.70000000,67.79900000,109945
OFZ 26225,D1,2026-05-15,00:00:00,67.95700000,68.05200000,67.79000000,67.94800000,32724
OFZ 26225,D1,2026-05-16,00:00:00,67.94800000,68.29700000,67.85900000,68.07600000,9621
OFZ 26225,D1,2026-05-17,00:00:00,68.07600000,68.29800000,67.95600000,68.05900000,6675
OFZ 26225,D1,2026-05-18,00:00:00,67.94800000,68.29800000,67.80000000,67.93300000,183771
OFZ 26225,D1,2026-05-19,00:00:00,67.95900000,67.95900000,67.64700000,67.72500000,72359
OFZ 26225,D1,2026-05-20,00:00:00,67.70100000,67.95000000,67.60000000,67.87400000,279331
OFZ 26225,D1,2026-05-21,00:00:00,67.90000000,67.96100000,67.48000000,67.88900000,107690
OFZ 26225,D1,2026-05-22,00:00:00,67.89100000,67.98300000,67.60100000,67.71100000,247326
OFZ 26225,D1,2026-05-23,00:00:00,67.72800000,67.92300000,67.65100000,67.78800000,7941
OFZ 26225,D1,2026-05-24,00:00:00,67.78800000,67.78800000,67.60300000,67.75000000,4427
OFZ 26225,D1,2026-05-25,00:00:00,67.72800000,67.92300000,67.49000000,67.66000000,289934
OFZ 26225,D1,2026-05-26,00:00:00,67.66000000,67.69700000,67.35500000,67.54700000,820892
OFZ 26225,D1,2026-05-27,00:00:00,67.54700000,67.69000000,67.35500000,67.40400000,628761
OFZ 26225,D1,2026-05-28,00:00:00,67.40400000,67.67600000,67.35700000,67.59100000,434901
OFZ 26225,D1,2026-05-29,00:00:00,67.59100000,67.69700000,67.35500000,67.61200000,208988
OFZ 26225,D1,2026-05-30,00:00:00,67.68900000,67.69700000,67.20200000,67.50300000,10386
OFZ 26225,D1,2026-05-31,00:00:00,67.50300000,67.69200000,67.41300000,67.60700000,3145
OFZ 26225,MN1,2025-12-31,00:00:00,66.38700000,68.95000000,66.00600000,67.85900000,3627864
OFZ 26225,MN1,2026-01-31,00:00:00,67.95100000,69.00000000,65.70000000,66.30000000,1967404
OFZ 26225,MN1,2026-02-28,00:00:00,66.30000000,67.71900000,65.02800000,66.85800000,4327307
OFZ 26225,MN1,2026-03-31,00:00:00,66.88100000,68.48000000,66.41200000,67.65000000,6103064
OFZ 26225,MN1,2026-04-30,00:00:00,67.65000000,69.39700000,67.38100000,68.09400000,9738549
OFZ 26225,W1,2025-12-07,00:00:00,66.38700000,67.90000000,66.00600000,67.74900000,829269
OFZ 26225,W1,2025-12-14,00:00:00,67.74900000,68.34800000,66.91300000,68.22800000,1062846
OFZ 26225,W1,2025-12-21,00:00:00,68.08100000,68.95000000,67.44000000,67.91400000,1185143
OFZ 26225,W1,2025-12-28,00:00:00,67.82800000,68.24000000,66.71100000,67.34200000,367896
OFZ 26225,W1,2026-01-04,00:00:00,67.39200000,68.30000000,66.50000000,67.85900000,182710
OFZ 26225,W1,2026-01-11,00:00:00,67.95100000,69.00000000,67.78600000,68.50600000,52828
OFZ 26225,W1,2026-01-18,00:00:00,67.91000000,68.74800000,65.73600000,66.70500000,805457
OFZ 26225,W1,2026-01-25,00:00:00,66.70500000,67.32700000,65.90800000,66.28000000,512452
OFZ 26225,W1,2026-02-01,00:00:00,66.30000000,66.61400000,65.70000000,66.30000000,596667
OFZ 26225,W1,2026-02-08,00:00:00,66.30000000,67.40000000,65.63200000,65.74700000,495255
OFZ 26225,W1,2026-02-15,00:00:00,65.81200000,66.90700000,65.02800000,66.87700000,1832579
OFZ 26225,W1,2026-02-22,00:00:00,66.91800000,67.71900000,66.54600000,67.14800000,1177691
OFZ 26225,W1,2026-03-01,00:00:00,67.14900000,67.25000000,66.60000000,66.85800000,821782
OFZ 26225,W1,2026-03-08,00:00:00,66.88100000,67.29500000,66.41200000,66.59900000,1288010
OFZ 26225,W1,2026-03-15,00:00:00,66.75600000,68.46000000,66.59000000,68.06500000,1656164
OFZ 26225,W1,2026-03-22,00:00:00,68.07200000,68.48000000,67.55000000,67.74500000,1865725
OFZ 26225,W1,2026-03-29,00:00:00,67.80000000,67.99400000,67.25400000,67.72700000,609121
OFZ 26225,W1,2026-04-05,00:00:00,67.67100000,67.86400000,67.45000000,67.67500000,992253
OFZ 26225,W1,2026-04-12,00:00:00,67.73300000,68.19600000,67.38100000,68.01500000,1109076
OFZ 26225,W1,2026-04-19,00:00:00,67.95000000,68.32500000,67.45000000,68.23000000,3147226
OFZ 26225,W1,2026-04-26,00:00:00,68.23000000,69.39700000,67.50000000,67.89000000,3853347
OFZ 26225,W1,2026-05-03,00:00:00,67.63300000,68.21100000,67.51000000,68.13200000,1338615
OFZ 26225,W1,2026-05-10,00:00:00,68.09400000,68.19800000,67.61100000,67.83100000,2336578
OFZ 26225,W1,2026-05-17,00:00:00,67.85400000,68.29800000,67.70000000,68.05900000,802035
OFZ 26225,W1,2026-05-24,00:00:00,67.94800000,68.29800000,67.48000000,67.75000000,902845
OFZ 26226,D1,2025-12-01,00:00:00,95.56800000,95.81900000,95.40200000,95.65000000,198289
OFZ 26226,D1,2025-12-02,00:00:00,95.65000000,95.72100000,95.47500000,95.56000000,25041
OFZ 26226,D1,2025-12-03,00:00:00,95.55900000,95.72300000,95.42400000,95.54900000,66184
OFZ 26226,D1,2025-12-04,00:00:00,95.55600000,95.73000000,95.40600000,95.69400000,392059
OFZ 26226,D1,2025-12-05,00:00:00,95.72900000,95.76800000,95.55400000,95.69900000,66034
OFZ 26226,D1,2025-12-08,00:00:00,95.70000000,95.79900000,95.55800000,95.67700000,28360
OFZ 26226,D1,2025-12-09,00:00:00,95.69900000,95.83600000,95.60400000,95.83600000,21924
OFZ 26226,D1,2025-12-10,00:00:00,95.77800000,95.92900000,95.70000000,95.92600000,40947
OFZ 26226,D1,2025-12-11,00:00:00,95.90000000,95.98600000,95.55700000,95.93000000,38668
OFZ 26226,D1,2025-12-12,00:00:00,95.93100000,95.93600000,95.64300000,95.80400000,501445
OFZ 26226,D1,2025-12-15,00:00:00,95.80600000,95.89700000,95.66400000,95.80600000,115295
OFZ 26226,D1,2025-12-16,00:00:00,95.80500000,95.93600000,95.71700000,95.82800000,50600
OFZ 26226,D1,2025-12-17,00:00:00,95.82800000,96.06300000,95.70000000,95.99900000,270637
OFZ 26226,D1,2025-12-18,00:00:00,96.05900000,96.06000000,95.65100000,95.89500000,221719
OFZ 26226,D1,2025-12-19,00:00:00,95.88000000,96.00000000,95.78100000,95.89800000,224122
OFZ 26226,D1,2025-12-22,00:00:00,95.89800000,96.06300000,95.71400000,95.90400000,306210
OFZ 26226,D1,2025-12-23,00:00:00,95.98400000,95.99800000,95.73000000,95.99200000,23761
OFZ 26226,D1,2025-12-24,00:00:00,95.99200000,96.18800000,95.84100000,96.17100000,48979
OFZ 26226,D1,2025-12-25,00:00:00,96.19700000,96.25200000,96.00100000,96.09100000,141706
OFZ 26226,D1,2025-12-26,00:00:00,96.23500000,96.23500000,96.10000000,96.18000000,92622
OFZ 26226,D1,2025-12-29,00:00:00,96.18000000,96.49700000,96.10000000,96.10000000,200352
OFZ 26226,D1,2025-12-30,00:00:00,96.19900000,96.90000000,96.19900000,96.83900000,95147
OFZ 26226,D1,2026-01-05,00:00:00,96.83900000,97.14400000,96.37100000,96.71200000,21667
OFZ 26226,D1,2026-01-06,00:00:00,96.90600000,97.01000000,96.57000000,96.75000000,10939
OFZ 26226,D1,2026-01-08,00:00:00,96.72100000,97.39800000,96.42800000,96.67000000,14902
OFZ 26226,D1,2026-01-09,00:00:00,96.87800000,96.96300000,96.60000000,96.70000000,8638
OFZ 26226,D1,2026-01-12,00:00:00,96.70000000,96.99800000,96.40300000,96.45000000,23648
OFZ 26226,D1,2026-01-13,00:00:00,96.52400000,96.78900000,96.35000000,96.43900000,13860
OFZ 26226,D1,2026-01-14,00:00:00,96.39400000,96.54000000,96.36100000,96.41000000,38754
OFZ 26226,D1,2026-01-15,00:00:00,96.40000000,96.56200000,96.26200000,96.29400000,19209
OFZ 26226,D1,2026-01-16,00:00:00,96.31500000,96.50000000,96.18000000,96.34900000,19378
OFZ 26226,D1,2026-01-19,00:00:00,96.29400000,96.56200000,96.10300000,96.19800000,30085
OFZ 26226,D1,2026-01-20,00:00:00,96.14400000,96.36000000,96.10100000,96.15000000,18984
OFZ 26226,D1,2026-01-21,00:00:00,96.32000000,96.38900000,95.96700000,96.06000000,35019
OFZ 26226,D1,2026-01-22,00:00:00,96.05800000,96.12600000,95.88100000,96.07600000,22897
OFZ 26226,D1,2026-01-23,00:00:00,96.12500000,96.29000000,95.85200000,95.95600000,38302
OFZ 26226,D1,2026-01-26,00:00:00,96.15000000,96.24000000,95.95600000,96.02700000,28152
OFZ 26226,D1,2026-01-27,00:00:00,96.02100000,96.20300000,96.01100000,96.19200000,12614
OFZ 26226,D1,2026-01-28,00:00:00,96.21000000,96.28500000,95.94600000,96.04900000,62819
OFZ 26226,D1,2026-01-29,00:00:00,96.15400000,96.18000000,95.96000000,96.02000000,58480
OFZ 26226,D1,2026-01-30,00:00:00,96.07600000,96.22500000,96.00000000,96.08200000,66150
OFZ 26226,D1,2026-02-02,00:00:00,96.08200000,96.34800000,96.04000000,96.17500000,53601
OFZ 26226,D1,2026-02-03,00:00:00,96.17400000,96.27100000,96.10000000,96.13000000,65092
OFZ 26226,D1,2026-02-04,00:00:00,96.13400000,96.27100000,96.12000000,96.14900000,18968
OFZ 26226,D1,2026-02-05,00:00:00,96.15000000,96.25000000,96.10100000,96.15900000,21948
OFZ 26226,D1,2026-02-06,00:00:00,96.19000000,96.20000000,96.10000000,96.10000000,91714
OFZ 26226,D1,2026-02-09,00:00:00,96.16300000,96.96000000,96.06300000,96.24600000,123344
OFZ 26226,D1,2026-02-10,00:00:00,96.24500000,96.56200000,96.16700000,96.26800000,472992
OFZ 26226,D1,2026-02-11,00:00:00,96.35300000,96.58000000,96.20300000,96.30000000,140015
OFZ 26226,D1,2026-02-12,00:00:00,96.42000000,96.43800000,96.25100000,96.30000000,25336
OFZ 26226,D1,2026-02-13,00:00:00,96.30000000,96.46000000,96.25600000,96.39900000,391505
OFZ 26226,D1,2026-02-16,00:00:00,96.39900000,96.59000000,96.33700000,96.45400000,83651
OFZ 26226,D1,2026-02-17,00:00:00,96.55500000,96.55500000,96.35500000,96.38600000,67111
OFZ 26226,D1,2026-02-18,00:00:00,96.49800000,96.49800000,96.36500000,96.46800000,22939
OFZ 26226,D1,2026-02-19,00:00:00,96.49900000,96.50000000,96.35500000,96.49000000,167066
OFZ 26226,D1,2026-02-20,00:00:00,96.43700000,96.59900000,96.43600000,96.59900000,183552
OFZ 26226,D1,2026-02-24,00:00:00,96.59900000,96.71000000,96.40000000,96.64900000,31129
OFZ 26226,D1,2026-02-25,00:00:00,96.64400000,96.71000000,96.53000000,96.60000000,67948
OFZ 26226,D1,2026-02-26,00:00:00,96.57300000,96.70900000,96.46400000,96.59700000,134361
OFZ 26226,D1,2026-02-27,00:00:00,96.53000000,96.70500000,96.51200000,96.69200000,240144
OFZ 26226,D1,2026-03-02,00:00:00,96.69100000,96.99800000,96.53900000,96.69900000,54310
OFZ 26226,D1,2026-03-03,00:00:00,96.70000000,96.85000000,96.63000000,96.74800000,147879
OFZ 26226,D1,2026-03-04,00:00:00,96.75000000,96.86000000,96.65600000,96.79400000,50290
OFZ 26226,D1,2026-03-05,00:00:00,96.80000000,96.82000000,96.67000000,96.79900000,92112
OFZ 26226,D1,2026-03-06,00:00:00,96.80000000,96.85000000,96.70000000,96.83000000,99035
OFZ 26226,D1,2026-03-09,00:00:00,96.79900000,97.10200000,96.64800000,96.82700000,39560
OFZ 26226,D1,2026-03-10,00:00:00,96.87900000,96.92900000,96.80900000,96.87900000,32686
OFZ 26226,D1,2026-03-11,00:00:00,96.88700000,96.93000000,96.80000000,96.89900000,148455
OFZ 26226,D1,2026-03-12,00:00:00,96.95000000,97.09300000,96.83000000,97.01000000,414477
OFZ 26226,D1,2026-03-13,00:00:00,97.07900000,97.29900000,97.00000000,97.29800000,82186
OFZ 26226,D1,2026-03-16,00:00:00,97.29800000,97.49000000,97.10600000,97.43400000,59232
OFZ 26226,D1,2026-03-17,00:00:00,97.39600000,97.48900000,97.31700000,97.45600000,578083
OFZ 26226,D1,2026-03-18,00:00:00,97.39000000,97.59900000,97.35500000,97.58200000,427065
OFZ 26226,D1,2026-03-19,00:00:00,97.60000000,97.67900000,97.48800000,97.66400000,301244
OFZ 26226,D1,2026-03-20,00:00:00,97.66400000,97.70000000,97.29300000,97.68700000,37472
OFZ 26226,D1,2026-03-23,00:00:00,97.68700000,97.70000000,97.25100000,97.67900000,87318
OFZ 26226,D1,2026-03-24,00:00:00,97.70000000,97.74800000,97.61100000,97.72500000,35592
OFZ 26226,D1,2026-03-25,00:00:00,97.72500000,97.81900000,97.63100000,97.81800000,131718
OFZ 26226,D1,2026-03-26,00:00:00,97.81700000,98.00000000,97.67400000,97.82400000,253907
OFZ 26226,D1,2026-03-27,00:00:00,97.82400000,97.94000000,97.71700000,97.85000000,44628
OFZ 26226,D1,2026-03-28,00:00:00,97.90500000,97.94700000,97.70000000,97.85000000,7675
OFZ 26226,D1,2026-03-29,00:00:00,97.85100000,97.86000000,97.79000000,97.81500000,3375
OFZ 26226,D1,2026-03-30,00:00:00,97.90500000,97.94700000,97.69000000,97.78000000,111652
OFZ 26226,D1,2026-03-31,00:00:00,97.80400000,97.82300000,97.69200000,97.77500000,67203
OFZ 26226,D1,2026-04-01,00:00:00,97.82600000,97.93000000,97.69700000,97.89000000,139132
OFZ 26226,D1,2026-04-02,00:00:00,97.90100000,97.95000000,97.72000000,97.91100000,58929
OFZ 26226,D1,2026-04-03,00:00:00,97.92000000,97.95000000,97.75100000,97.88800000,38618
OFZ 26226,D1,2026-04-04,00:00:00,97.91800000,98.00000000,97.75100000,97.95400000,2771
OFZ 26226,D1,2026-04-05,00:00:00,97.85600000,98.10000000,97.81000000,97.97900000,3570
OFZ 26226,D1,2026-04-06,00:00:00,97.91800000,98.10000000,97.75100000,97.91000000,24564
OFZ 26226,D1,2026-04-07,00:00:00,97.91000000,98.00000000,97.82600000,97.91000000,67947
OFZ 26226,D1,2026-04-08,00:00:00,97.95000000,97.99800000,97.80400000,97.89800000,108727
OFZ 26226,D1,2026-04-09,00:00:00,97.85100000,98.00000000,97.71200000,97.86900000,93744
OFZ 26226,D1,2026-04-10,00:00:00,97.86900000,97.99900000,97.70000000,97.97700000,50020
OFZ 26226,D1,2026-04-11,00:00:00,97.83400000,97.86900000,97.72000000,97.80100000,4233
OFZ 26226,D1,2026-04-12,00:00:00,97.96900000,97.96900000,97.80000000,97.94700000,3130
OFZ 26226,D1,2026-04-13,00:00:00,97.83400000,97.96900000,97.72000000,97.90500000,100726
OFZ 26226,D1,2026-04-14,00:00:00,97.95000000,97.97500000,97.85000000,97.89100000,28667
OFZ 26226,D1,2026-04-15,00:00:00,97.89100000,97.94000000,97.80300000,97.93900000,218926
OFZ 26226,D1,2026-04-16,00:00:00,97.89200000,98.00000000,97.85000000,97.92700000,18786
OFZ 26226,D1,2026-04-17,00:00:00,97.97400000,98.06000000,97.75200000,97.97500000,29572
OFZ 26226,D1,2026-04-18,00:00:00,97.99000000,98.03800000,97.88100000,97.98000000,2964
OFZ 26226,D1,2026-04-19,00:00:00,97.99000000,98.00000000,97.85200000,97.99100000,2188
OFZ 26226,D1,2026-04-20,00:00:00,97.99000000,98.04900000,97.85200000,97.96200000,28425
OFZ 26226,D1,2026-04-21,00:00:00,97.98500000,98.04800000,97.85400000,97.94800000,12961
OFZ 26226,D1,2026-04-22,00:00:00,97.98500000,98.02100000,97.90000000,97.92100000,172283
OFZ 26226,D1,2026-04-23,00:00:00,97.92100000,97.99900000,97.76000000,97.96500000,62910
OFZ 26226,D1,2026-04-24,00:00:00,97.99800000,98.00000000,97.78500000,97.98000000,60960
OFZ 26226,D1,2026-04-25,00:00:00,97.99800000,98.00000000,97.87100000,97.90000000,1964
OFZ 26226,D1,2026-04-26,00:00:00,97.99900000,97.99900000,97.87000000,97.96000000,2227
OFZ 26226,D1,2026-04-27,00:00:00,97.99800000,98.00000000,97.66100000,97.93900000,52737
OFZ 26226,D1,2026-04-28,00:00:00,97.87000000,97.95100000,97.85000000,97.94700000,21819
OFZ 26226,D1,2026-04-29,00:00:00,97.94700000,97.99900000,97.85300000,97.96600000,20964
OFZ 26226,D1,2026-04-30,00:00:00,97.94800000,98.00000000,97.85300000,97.99100000,36398
OFZ 26226,D1,2026-05-02,00:00:00,98.10000000,98.10000000,97.86600000,98.09900000,1331
OFZ 26226,D1,2026-05-03,00:00:00,98.03900000,98.10000000,98.03900000,98.09900000,1525
OFZ 26226,D1,2026-05-04,00:00:00,97.99100000,98.10000000,97.86600000,97.91700000,26689
OFZ 26226,D1,2026-05-05,00:00:00,97.85200000,98.09700000,97.85000000,97.99700000,33272
OFZ 26226,D1,2026-05-06,00:00:00,97.99300000,98.07800000,97.85100000,97.93200000,30365
OFZ 26226,D1,2026-05-07,00:00:00,97.93200000,98.15000000,97.90000000,98.10000000,48539
OFZ 26226,D1,2026-05-08,00:00:00,98.13000000,98.18900000,97.96500000,98.00200000,60531
OFZ 26226,D1,2026-05-11,00:00:00,98.00200000,98.40000000,98.00200000,98.20000000,12801
OFZ 26226,D1,2026-05-12,00:00:00,98.10100000,98.24800000,98.01000000,98.08600000,73472
OFZ 26226,D1,2026-05-13,00:00:00,98.08000000,98.30000000,98.05000000,98.09500000,1163494
OFZ 26226,D1,2026-05-14,00:00:00,98.03900000,98.28900000,98.02100000,98.12000000,178578
OFZ 26226,D1,2026-05-15,00:00:00,98.10000000,98.20000000,98.00000000,98.13800000,21258
OFZ 26226,D1,2026-05-16,00:00:00,98.13800000,98.28400000,98.04700000,98.13000000,1035
OFZ 26226,D1,2026-05-17,00:00:00,98.26100000,98.26100000,98.13100000,98.14500000,1618
OFZ 26226,D1,2026-05-18,00:00:00,98.13800000,98.49000000,98.04700000,98.13900000,132798
OFZ 26226,D1,2026-05-19,00:00:00,98.13900000,98.25000000,98.04700000,98.14600000,149768
OFZ 26226,D1,2026-05-20,00:00:00,98.24900000,98.28000000,98.10100000,98.19800000,3227049
OFZ 26226,D1,2026-05-21,00:00:00,98.19700000,98.22900000,98.10800000,98.19900000,88332
OFZ 26226,D1,2026-05-22,00:00:00,98.19900000,98.23700000,98.13700000,98.19900000,34393
OFZ 26226,D1,2026-05-23,00:00:00,98.19900000,98.25000000,98.01100000,98.07300000,2127
OFZ 26226,D1,2026-05-24,00:00:00,98.24800000,98.24800000,98.00200000,98.15800000,1362
OFZ 26226,D1,2026-05-25,00:00:00,98.19900000,98.27900000,98.00200000,98.20300000,59245
OFZ 26226,D1,2026-05-26,00:00:00,98.15300000,98.30000000,98.15000000,98.23100000,54831
OFZ 26226,D1,2026-05-27,00:00:00,98.15000000,98.35000000,98.10000000,98.30000000,134367
OFZ 26226,D1,2026-05-28,00:00:00,98.28100000,98.39900000,98.28000000,98.34400000,46681
OFZ 26226,D1,2026-05-29,00:00:00,98.34800000,98.49000000,98.26000000,98.39900000,21640
OFZ 26226,D1,2026-05-30,00:00:00,98.35100000,98.44800000,98.35000000,98.40000000,2860
OFZ 26226,D1,2026-05-31,00:00:00,98.40000000,98.47900000,98.35100000,98.46800000,1157
OFZ 26226,MN1,2025-12-31,00:00:00,95.56800000,96.90000000,95.40200000,96.83900000,3170101
OFZ 26226,MN1,2026-01-31,00:00:00,96.83900000,97.39800000,95.85200000,96.08200000,544497
OFZ 26226,MN1,2026-02-28,00:00:00,96.08200000,96.96000000,96.04000000,96.69200000,2402416
OFZ 26226,MN1,2026-03-31,00:00:00,96.69100000,98.00000000,96.53900000,97.77500000,3307154
OFZ 26226,MN1,2026-04-30,00:00:00,97.82600000,98.10000000,97.66100000,97.99100000,1470862
OFZ 26226,W1,2025-12-07,00:00:00,95.56800000,95.81900000,95.40200000,95.69900000,747607
OFZ 26226,W1,2025-12-14,00:00:00,95.70000000,95.98600000,95.55700000,95.80400000,631344
OFZ 26226,W1,2025-12-21,00:00:00,95.80600000,96.06300000,95.65100000,95.89800000,882373
OFZ 26226,W1,2025-12-28,00:00:00,95.89800000,96.25200000,95.71400000,96.18000000,613278
OFZ 26226,W1,2026-01-04,00:00:00,96.18000000,96.90000000,96.10000000,96.83900000,295499
OFZ 26226,W1,2026-01-11,00:00:00,96.83900000,97.39800000,96.37100000,96.70000000,56146
OFZ 26226,W1,2026-01-18,00:00:00,96.70000000,96.99800000,96.18000000,96.34900000,114849
OFZ 26226,W1,2026-01-25,00:00:00,96.29400000,96.56200000,95.85200000,95.95600000,145287
OFZ 26226,W1,2026-02-01,00:00:00,96.15000000,96.28500000,95.94600000,96.08200000,228215
OFZ 26226,W1,2026-02-08,00:00:00,96.08200000,96.34800000,96.04000000,96.10000000,251323
OFZ 26226,W1,2026-02-15,00:00:00,96.16300000,96.96000000,96.06300000,96.39900000,1153192
OFZ 26226,W1,2026-02-22,00:00:00,96.39900000,96.59900000,96.33700000,96.59900000,524319
OFZ 26226,W1,2026-03-01,00:00:00,96.59900000,96.71000000,96.40000000,96.69200000,473582
OFZ 26226,W1,2026-03-08,00:00:00,96.69100000,96.99800000,96.53900000,96.83000000,443626
OFZ 26226,W1,2026-03-15,00:00:00,96.79900000,97.29900000,96.64800000,97.29800000,717364
OFZ 26226,W1,2026-03-22,00:00:00,97.29800000,97.70000000,97.10600000,97.68700000,1403096
OFZ 26226,W1,2026-03-29,00:00:00,97.68700000,98.00000000,97.25100000,97.81500000,564213
OFZ 26226,W1,2026-04-05,00:00:00,97.90500000,98.10000000,97.69000000,97.97900000,421875
OFZ 26226,W1,2026-04-12,00:00:00,97.91800000,98.10000000,97.70000000,97.94700000,352365
OFZ 26226,W1,2026-04-19,00:00:00,97.83400000,98.06000000,97.72000000,97.99100000,401829
OFZ 26226,W1,2026-04-26,00:00:00,97.99000000,98.04900000,97.76000000,97.96000000,341730
OFZ 26226,W1,2026-05-03,00:00:00,97.99800000,98.10000000,97.66100000,98.09900000,134774
OFZ 26226,W1,2026-05-10,00:00:00,97.99100000,98.18900000,97.85000000,98.00200000,199396
OFZ 26226,W1,2026-05-17,00:00:00,98.00200000,98.40000000,98.00000000,98.14500000,1452256
OFZ 26226,W1,2026-05-24,00:00:00,98.13800000,98.49000000,98.00200000,98.15800000,3635829
OFZ 26228,D1,2025-12-01,00:00:00,79.94800000,80.13300000,79.01100000,79.64000000,43670
OFZ 26228,D1,2025-12-02,00:00:00,79.72000000,79.89800000,79.50000000,79.82700000,53092
OFZ 26228,D1,2025-12-03,00:00:00,79.88600000,79.93800000,79.55000000,79.93700000,672471
OFZ 26228,D1,2025-12-04,00:00:00,79.90100000,80.61800000,79.83000000,80.34200000,221473
OFZ 26228,D1,2025-12-05,00:00:00,80.39900000,80.89900000,80.27400000,80.66400000,102216
OFZ 26228,D1,2025-12-08,00:00:00,80.67500000,80.67500000,80.04200000,80.35000000,36735
OFZ 26228,D1,2025-12-09,00:00:00,80.53500000,80.58000000,80.08000000,80.30800000,591991
OFZ 26228,D1,2025-12-10,00:00:00,80.32600000,80.84200000,79.84600000,80.68500000,33661
OFZ 26228,D1,2025-12-11,00:00:00,80.76900000,80.99400000,80.27600000,80.80000000,133450
OFZ 26228,D1,2025-12-12,00:00:00,80.80000000,81.28400000,80.61500000,80.85600000,66175
OFZ 26228,D1,2025-12-15,00:00:00,80.93800000,81.24900000,80.63800000,81.09000000,93469
OFZ 26228,D1,2025-12-16,00:00:00,81.03000000,81.23000000,80.62500000,80.91800000,42641
OFZ 26228,D1,2025-12-17,00:00:00,80.95700000,81.58100000,80.90100000,81.56600000,49634
OFZ 26228,D1,2025-12-18,00:00:00,81.56100000,81.71400000,81.03500000,81.38300000,67633
OFZ 26228,D1,2025-12-19,00:00:00,81.39500000,81.63100000,80.11000000,81.07200000,70415
OFZ 26228,D1,2025-12-22,00:00:00,81.07200000,81.25900000,79.94300000,80.84500000,58315
OFZ 26228,D1,2025-12-23,00:00:00,80.94400000,81.06000000,80.61000000,80.88100000,129628
OFZ 26228,D1,2025-12-24,00:00:00,81.02400000,81.02500000,80.53300000,80.63200000,50455
OFZ 26228,D1,2025-12-25,00:00:00,80.80600000,80.95000000,79.97700000,80.50100000,40441
OFZ 26228,D1,2025-12-26,00:00:00,80.59400000,81.14900000,80.50400000,80.80000000,80840
OFZ 26228,D1,2025-12-29,00:00:00,81.05800000,81.67000000,80.80000000,81.66800000,42802
OFZ 26228,D1,2025-12-30,00:00:00,81.66000000,82.87000000,81.33200000,82.33500000,73163
OFZ 26228,D1,2026-01-05,00:00:00,82.33500000,82.99800000,81.79300000,82.38500000,12437
OFZ 26228,D1,2026-01-06,00:00:00,82.42200000,83.10700000,82.24900000,82.35000000,11133
OFZ 26228,D1,2026-01-08,00:00:00,82.35000000,82.55000000,81.78000000,82.02100000,5377
OFZ 26228,D1,2026-01-09,00:00:00,81.85800000,82.33300000,81.85700000,82.05600000,6332
OFZ 26228,D1,2026-01-12,00:00:00,82.05700000,82.99000000,80.74500000,80.88400000,200435
OFZ 26228,D1,2026-01-13,00:00:00,80.95000000,81.20600000,80.38100000,80.65000000,43679
OFZ 26228,D1,2026-01-14,00:00:00,80.72300000,81.02000000,79.99700000,80.41100000,49194
OFZ 26228,D1,2026-01-15,00:00:00,80.64500000,80.71300000,80.05100000,80.52500000,76596
OFZ 26228,D1,2026-01-16,00:00:00,80.55400000,81.00000000,80.40600000,80.91900000,21807
OFZ 26228,D1,2026-01-19,00:00:00,80.95000000,81.26000000,80.20800000,80.56900000,53337
OFZ 26228,D1,2026-01-20,00:00:00,80.77000000,80.92200000,79.90000000,80.09600000,221976
OFZ 26228,D1,2026-01-21,00:00:00,80.29800000,80.29800000,79.65000000,79.70600000,1673769
OFZ 26228,D1,2026-01-22,00:00:00,79.71200000,79.88000000,79.55000000,79.81900000,224118
OFZ 26228,D1,2026-01-23,00:00:00,79.81900000,80.08000000,79.74700000,79.79900000,75697
OFZ 26228,D1,2026-01-26,00:00:00,79.80900000,80.41900000,79.30000000,79.77400000,157950
OFZ 26228,D1,2026-01-27,00:00:00,79.99500000,80.05600000,79.40000000,79.57200000,8935
OFZ 26228,D1,2026-01-28,00:00:00,79.69100000,80.43500000,79.50000000,79.86000000,99984
OFZ 26228,D1,2026-01-29,00:00:00,80.12200000,80.35900000,79.60000000,79.99600000,128928
OFZ 26228,D1,2026-01-30,00:00:00,80.02000000,80.35900000,79.81800000,79.83200000,585781
OFZ 26228,D1,2026-02-02,00:00:00,79.83200000,80.20000000,79.70600000,79.80000000,247806
OFZ 26228,D1,2026-02-03,00:00:00,79.80000000,80.05000000,79.65000000,79.99800000,230444
OFZ 26228,D1,2026-02-04,00:00:00,80.14100000,80.52200000,79.80900000,80.32400000,1010519
OFZ 26228,D1,2026-02-05,00:00:00,80.32400000,80.89900000,79.80000000,79.95600000,275779
OFZ 26228,D1,2026-02-06,00:00:00,79.88200000,80.94900000,79.78500000,79.85200000,36118
OFZ 26228,D1,2026-02-09,00:00:00,79.85200000,80.23400000,79.70000000,79.78500000,50713
OFZ 26228,D1,2026-02-10,00:00:00,79.88200000,80.80000000,79.48000000,79.74900000,287550
OFZ 26228,D1,2026-02-11,00:00:00,79.93400000,80.84500000,79.50700000,80.31200000,644606
OFZ 26228,D1,2026-02-12,00:00:00,80.20300000,80.75900000,80.07000000,80.19000000,54921
OFZ 26228,D1,2026-02-13,00:00:00,80.30100000,80.76500000,80.10200000,80.50000000,77548
OFZ 26228,D1,2026-02-16,00:00:00,80.69700000,81.15000000,80.52000000,80.68300000,88204
OFZ 26228,D1,2026-02-17,00:00:00,80.85800000,80.98200000,80.63300000,80.90200000,35771
OFZ 26228,D1,2026-02-18,00:00:00,80.95000000,81.20500000,80.71400000,81.19500000,56630
OFZ 26228,D1,2026-02-19,00:00:00,81.20000000,81.22100000,80.93200000,81.10000000,26670
OFZ 26228,D1,2026-02-20,00:00:00,81.20000000,81.80400000,81.01300000,81.13700000,46961
OFZ 26228,D1,2026-02-24,00:00:00,81.35900000,81.54000000,80.79000000,81.11500000,86430
OFZ 26228,D1,2026-02-25,00:00:00,81.40800000,81.40800000,81.00600000,81.01000000,71641
OFZ 26228,D1,2026-02-26,00:00:00,81.12800000,81.28100000,80.70500000,81.00700000,38770
OFZ 26228,D1,2026-02-27,00:00:00,81.25100000,81.44700000,80.85100000,80.88600000,75055
OFZ 26228,D1,2026-03-02,00:00:00,81.17400000,81.31200000,80.70300000,81.08600000,200813
OFZ 26228,D1,2026-03-03,00:00:00,81.16000000,81.24600000,80.90100000,81.24400000,45146
OFZ 26228,D1,2026-03-04,00:00:00,81.20900000,81.33600000,81.00000000,81.24600000,26044
OFZ 26228,D1,2026-03-05,00:00:00,81.29700000,81.31200000,81.00000000,81.02200000,242073
OFZ 26228,D1,2026-03-06,00:00:00,81.27400000,81.29700000,80.80000000,81.05000000,437477
OFZ 26228,D1,2026-03-09,00:00:00,81.12000000,81.50000000,81.00000000,81.21600000,17626
OFZ 26228,D1,2026-03-10,00:00:00,81.15100000,81.39300000,81.00300000,81.33600000,68637
OFZ 26228,D1,2026-03-11,00:00:00,81.41900000,81.52500000,81.00500000,81.31900000,46209
OFZ 26228,D1,2026-03-12,00:00:00,81.11100000,82.35000000,81.11100000,82.33700000,781947
OFZ 26228,D1,2026-03-13,00:00:00,82.33700000,82.95000000,82.13000000,82.46900000,206331
OFZ 26228,D1,2026-03-16,00:00:00,82.51300000,82.85000000,82.13600000,82.37400000,93783
OFZ 26228,D1,2026-03-17,00:00:00,82.57000000,82.57000000,82.15000000,82.41100000,68482
OFZ 26228,D1,2026-03-18,00:00:00,82.26400000,82.79500000,82.26200000,82.45100000,387148
OFZ 26228,D1,2026-03-19,00:00:00,82.49300000,82.55000000,82.33500000,82.49900000,252495
OFZ 26228,D1,2026-03-20,00:00:00,82.60000000,83.10000000,82.51900000,82.95100000,35476
OFZ 26228,D1,2026-03-23,00:00:00,82.94800000,83.15100000,82.50100000,82.82100000,21804
OFZ 26228,D1,2026-03-24,00:00:00,82.82000000,83.20200000,82.65100000,83.17600000,132589
OFZ 26228,D1,2026-03-25,00:00:00,83.20800000,83.35000000,83.04500000,83.16900000,29084
OFZ 26228,D1,2026-03-26,00:00:00,83.30000000,83.43800000,83.05100000,83.26700000,100738
OFZ 26228,D1,2026-03-27,00:00:00,83.30300000,83.49300000,83.04000000,83.28400000,30763
OFZ 26228,D1,2026-03-28,00:00:00,83.28400000,83.40000000,83.00000000,83.37700000,1508
OFZ 26228,D1,2026-03-29,00:00:00,83.20100000,83.38300000,83.00100000,83.38200000,979
OFZ 26228,D1,2026-03-30,00:00:00,83.28400000,83.44400000,82.90300000,83.04700000,315739
OFZ 26228,D1,2026-03-31,00:00:00,83.15200000,83.15200000,82.94300000,83.11700000,862497
OFZ 26228,D1,2026-04-01,00:00:00,83.32500000,83.34000000,82.94600000,83.19000000,31837
OFZ 26228,D1,2026-04-02,00:00:00,83.19000000,83.42200000,82.91200000,83.24800000,134688
OFZ 26228,D1,2026-04-03,00:00:00,83.31000000,83.42000000,83.07100000,83.17000000,87369
OFZ 26228,D1,2026-04-04,00:00:00,83.29700000,83.29800000,82.91200000,83.14400000,3199
OFZ 26228,D1,2026-04-05,00:00:00,83.20000000,83.29700000,83.00100000,83.20000000,2538
OFZ 26228,D1,2026-04-06,00:00:00,83.29700000,83.42000000,82.91200000,83.23900000,79069
OFZ 26228,D1,2026-04-07,00:00:00,83.11400000,83.36900000,82.99700000,83.14200000,171660
OFZ 26228,D1,2026-04-08,00:00:00,83.19300000,83.39700000,82.99100000,83.30500000,78483
OFZ 26228,D1,2026-04-09,00:00:00,83.28500000,83.31900000,83.00000000,83.21000000,107886
OFZ 26228,D1,2026-04-10,00:00:00,83.21000000,83.48800000,83.00000000,83.48200000,151866
OFZ 26228,D1,2026-04-11,00:00:00,83.48400000,83.54900000,83.00500000,83.42300000,19374
OFZ 26228,D1,2026-04-12,00:00:00,83.22100000,83.51300000,83.22100000,83.37100000,4066
OFZ 26228,D1,2026-04-13,00:00:00,83.48400000,83.54900000,83.00500000,83.35000000,186608
OFZ 26228,D1,2026-04-14,00:00:00,83.30000000,83.39900000,83.00200000,83.36300000,321557
OFZ 26228,D1,2026-04-15,00:00:00,83.36300000,83.86900000,83.13000000,83.78500000,265724
OFZ 26228,D1,2026-04-16,00:00:00,83.32300000,83.97200000,83.32000000,83.53400000,142588
OFZ 26228,D1,2026-04-17,00:00:00,83.63000000,83.69800000,83.40000000,83.53900000,165321
OFZ 26228,D1,2026-04-18,00:00:00,83.52000000,83.59900000,83.37300000,83.59900000,2164
OFZ 26228,D1,2026-04-19,00:00:00,83.40100000,83.72200000,83.37100000,83.68800000,8445
OFZ 26228,D1,2026-04-20,00:00:00,83.52000000,84.88000000,83.37100000,83.90000000,1465577
OFZ 26228,D1,2026-04-21,00:00:00,83.75100000,84.16800000,83.60400000,84.01100000,483024
OFZ 26228,D1,2026-04-22,00:00:00,84.06000000,84.70000000,83.94500000,84.16000000,123638
OFZ 26228,D1,2026-04-23,00:00:00,84.10000000,84.48600000,84.10000000,84.17200000,115637
OFZ 26228,D1,2026-04-24,00:00:00,84.15100000,84.36100000,82.90200000,83.20700000,1204513
OFZ 26228,D1,2026-04-25,00:00:00,83.56900000,83.56900000,83.10800000,83.33100000,3203
OFZ 26228,D1,2026-04-26,00:00:00,83.33000000,83.39300000,83.11200000,83.31100000,2711
OFZ 26228,D1,2026-04-27,00:00:00,83.56900000,83.56900000,83.00100000,83.12700000,56764
OFZ 26228,D1,2026-04-28,00:00:00,83.12100000,83.26700000,82.99800000,83.12000000,87626
OFZ 26228,D1,2026-04-29,00:00:00,83.00500000,83.50900000,83.00500000,83.11200000,107787
OFZ 26228,D1,2026-04-30,00:00:00,83.32700000,83.50000000,83.00100000,83.31100000,346552
OFZ 26228,D1,2026-05-02,00:00:00,83.31200000,83.47800000,83.31100000,83.37900000,4454
OFZ 26228,D1,2026-05-03,00:00:00,83.42100000,83.42200000,83.28000000,83.41900000,2209
OFZ 26228,D1,2026-05-04,00:00:00,83.31000000,83.47800000,83.20000000,83.24300000,73291
OFZ 26228,D1,2026-05-05,00:00:00,83.34000000,83.41300000,83.13000000,83.16500000,173381
OFZ 26228,D1,2026-05-06,00:00:00,83.16500000,83.43800000,83.06000000,83.19600000,166872
OFZ 26228,D1,2026-05-07,00:00:00,83.39900000,83.39900000,83.00900000,83.10000000,30675
OFZ 26228,D1,2026-05-08,00:00:00,83.10000000,83.35400000,83.02000000,83.20100000,24736
OFZ 26228,D1,2026-05-11,00:00:00,83.38800000,83.72600000,83.11000000,83.42600000,9527
OFZ 26228,D1,2026-05-12,00:00:00,83.49800000,83.67800000,83.12300000,83.20600000,291008
OFZ 26228,D1,2026-05-13,00:00:00,83.48700000,83.59700000,83.15800000,83.19200000,42717
OFZ 26228,D1,2026-05-14,00:00:00,83.19200000,83.39900000,83.00000000,83.11300000,66628
OFZ 26228,D1,2026-05-15,00:00:00,82.99700000,83.49900000,82.99700000,83.17200000,216726
OFZ 26228,D1,2026-05-16,00:00:00,83.17500000,83.39100000,83.03300000,83.35300000,615
OFZ 26228,D1,2026-05-17,00:00:00,83.34900000,83.35200000,83.10700000,83.19000000,594
OFZ 26228,D1,2026-05-18,00:00:00,83.17500000,83.39100000,83.03300000,83.20500000,257014
OFZ 26228,D1,2026-05-19,00:00:00,83.29900000,83.29900000,82.75000000,82.86100000,1191634
OFZ 26228,D1,2026-05-20,00:00:00,82.80000000,83.09900000,82.71100000,83.09100000,1325215
OFZ 26228,D1,2026-05-21,00:00:00,83.09900000,83.28800000,83.00000000,83.00400000,2298185
OFZ 26228,D1,2026-05-22,00:00:00,83.00400000,83.19900000,82.87000000,83.02400000,1631817
OFZ 26228,D1,2026-05-23,00:00:00,83.02400000,83.24500000,82.90000000,82.91000000,3425
OFZ 26228,D1,2026-05-24,00:00:00,83.20000000,83.24700000,82.90300000,83.00000000,1531
OFZ 26228,D1,2026-05-25,00:00:00,83.02400000,83.24700000,82.70000000,82.83900000,322886
OFZ 26228,D1,2026-05-26,00:00:00,82.98700000,82.98700000,82.70400000,82.84700000,282352
OFZ 26228,D1,2026-05-27,00:00:00,82.79900000,83.19400000,82.70000000,82.90200000,83680
OFZ 26228,D1,2026-05-28,00:00:00,82.90200000,83.17200000,82.67600000,83.00200000,92438
OFZ 26228,D1,2026-05-29,00:00:00,83.00200000,83.19500000,82.40200000,82.85500000,112925
OFZ 26228,D1,2026-05-30,00:00:00,82.85500000,82.89900000,82.70000000,82.84000000,979
OFZ 26228,D1,2026-05-31,00:00:00,82.89800000,82.93600000,82.81000000,82.85900000,4597
OFZ 26228,MN1,2025-12-31,00:00:00,79.94800000,82.87000000,79.01100000,82.33500000,2754370
OFZ 26228,MN1,2026-01-31,00:00:00,82.33500000,83.10700000,79.30000000,79.83200000,3657465
OFZ 26228,MN1,2026-02-28,00:00:00,79.83200000,81.80400000,79.48000000,80.88600000,3442136
OFZ 26228,MN1,2026-03-31,00:00:00,81.17400000,83.49300000,80.70300000,83.11700000,4405388
OFZ 26228,MN1,2026-04-30,00:00:00,83.32500000,84.88000000,82.90200000,83.31100000,5961474
OFZ 26228,W1,2025-12-07,00:00:00,79.94800000,80.89900000,79.01100000,80.66400000,1092922
OFZ 26228,W1,2025-12-14,00:00:00,80.67500000,81.28400000,79.84600000,80.85600000,862012
OFZ 26228,W1,2025-12-21,00:00:00,80.93800000,81.71400000,80.11000000,81.07200000,323792
OFZ 26228,W1,2025-12-28,00:00:00,81.07200000,81.25900000,79.94300000,80.80000000,359679
OFZ 26228,W1,2026-01-04,00:00:00,81.05800000,82.87000000,80.80000000,82.33500000,115965
OFZ 26228,W1,2026-01-11,00:00:00,82.33500000,83.10700000,81.78000000,82.05600000,35279
OFZ 26228,W1,2026-01-18,00:00:00,82.05700000,82.99000000,79.99700000,80.91900000,391711
OFZ 26228,W1,2026-01-25,00:00:00,80.95000000,81.26000000,79.55000000,79.79900000,2248897
OFZ 26228,W1,2026-02-01,00:00:00,79.80900000,80.43500000,79.30000000,79.83200000,981578
OFZ 26228,W1,2026-02-08,00:00:00,79.83200000,80.94900000,79.65000000,79.85200000,1800666
OFZ 26228,W1,2026-02-15,00:00:00,79.85200000,80.84500000,79.48000000,80.50000000,1115338
OFZ 26228,W1,2026-02-22,00:00:00,80.69700000,81.80400000,80.52000000,81.13700000,254236
OFZ 26228,W1,2026-03-01,00:00:00,81.35900000,81.54000000,80.70500000,80.88600000,271896
OFZ 26228,W1,2026-03-08,00:00:00,81.17400000,81.33600000,80.70300000,81.05000000,951553
OFZ 26228,W1,2026-03-15,00:00:00,81.12000000,82.95000000,81.00000000,82.46900000,1120750
OFZ 26228,W1,2026-03-22,00:00:00,82.51300000,83.10000000,82.13600000,82.95100000,837384
OFZ 26228,W1,2026-03-29,00:00:00,82.94800000,83.49300000,82.50100000,83.38200000,317465
OFZ 26228,W1,2026-04-05,00:00:00,83.28400000,83.44400000,82.90300000,83.20000000,1437867
OFZ 26228,W1,2026-04-12,00:00:00,83.29700000,83.54900000,82.91200000,83.37100000,612404
OFZ 26228,W1,2026-04-19,00:00:00,83.48400000,83.97200000,83.00200000,83.68800000,1092407
OFZ 26228,W1,2026-04-26,00:00:00,83.52000000,84.88000000,82.90200000,83.31100000,3398303
OFZ 26228,W1,2026-05-03,00:00:00,83.56900000,83.56900000,82.99800000,83.41900000,605392
OFZ 26228,W1,2026-05-10,00:00:00,83.31000000,83.47800000,83.00900000,83.20100000,468955
OFZ 26228,W1,2026-05-17,00:00:00,83.38800000,83.72600000,82.99700000,83.19000000,627815
OFZ 26228,W1,2026-05-24,00:00:00,83.17500000,83.39100000,82.71100000,83.00000000,6708821
OFZ 26230,D1,2025-12-01,00:00:00,62.59400000,63.13500000,62.29200000,62.55500000,309396
OFZ 26230,D1,2025-12-02,00:00:00,62.55800000,62.73100000,62.29500000,62.54200000,247297
OFZ 26230,D1,2025-12-03,00:00:00,62.62600000,62.92200000,62.21500000,62.87800000,286134
OFZ 26230,D1,2025-12-04,00:00:00,63.10000000,63.28000000,62.87800000,63.10000000,794077
OFZ 26230,D1,2025-12-05,00:00:00,62.90000000,63.40500000,62.88000000,63.38000000,786199
OFZ 26230,D1,2025-12-08,00:00:00,63.38000000,63.52000000,63.19000000,63.32500000,165132
OFZ 26230,D1,2025-12-09,00:00:00,63.39000000,63.41900000,62.89500000,63.14800000,517198
OFZ 26230,D1,2025-12-10,00:00:00,63.14900000,63.39900000,62.95700000,63.34900000,345692
OFZ 26230,D1,2025-12-11,00:00:00,63.09200000,63.86000000,63.09200000,63.70700000,2415434
OFZ 26230,D1,2025-12-12,00:00:00,63.65300000,63.97000000,63.63500000,63.82700000,1680541
OFZ 26230,D1,2025-12-15,00:00:00,63.82700000,64.43900000,63.75000000,63.96000000,723201
OFZ 26230,D1,2025-12-16,00:00:00,63.96100000,63.99000000,63.20000000,63.71900000,1724049
OFZ 26230,D1,2025-12-17,00:00:00,63.72000000,63.96200000,63.50000000,63.91000000,813771
OFZ 26230,D1,2025-12-18,00:00:00,63.90900000,64.16000000,63.83400000,64.13000000,1110595
OFZ 26230,D1,2025-12-19,00:00:00,64.01600000,64.34000000,63.55000000,63.91500000,3969262
OFZ 26230,D1,2025-12-22,00:00:00,63.97000000,64.00000000,63.50000000,63.67700000,222348
OFZ 26230,D1,2025-12-23,00:00:00,63.68700000,63.78400000,63.43600000,63.62300000,986231
OFZ 26230,D1,2025-12-24,00:00:00,63.67700000,63.71000000,63.40000000,63.47800000,615939
OFZ 26230,D1,2025-12-25,00:00:00,63.56100000,63.58100000,62.72000000,63.21700000,598537
OFZ 26230,D1,2025-12-26,00:00:00,63.23100000,63.32700000,62.80000000,63.09900000,265802
OFZ 26230,D1,2025-12-29,00:00:00,63.10000000,63.67000000,63.08000000,63.37000000,165178
OFZ 26230,D1,2025-12-30,00:00:00,63.64300000,63.91900000,63.32700000,63.83000000,153992
OFZ 26230,D1,2026-01-05,00:00:00,63.83000000,64.11500000,63.67800000,63.91900000,60342
OFZ 26230,D1,2026-01-06,00:00:00,63.89800000,64.21900000,63.86800000,63.95100000,42899
OFZ 26230,D1,2026-01-08,00:00:00,63.95100000,64.02900000,63.82500000,63.91200000,32769
OFZ 26230,D1,2026-01-09,00:00:00,63.87800000,63.99900000,63.83000000,63.90600000,31570
OFZ 26230,D1,2026-01-12,00:00:00,63.91200000,63.98900000,62.56000000,62.78700000,289911
OFZ 26230,D1,2026-01-13,00:00:00,62.78700000,62.80100000,62.11000000,62.29500000,540324
OFZ 26230,D1,2026-01-14,00:00:00,62.02000000,62.50000000,62.01000000,62.13200000,323633
OFZ 26230,D1,2026-01-15,00:00:00,62.23700000,62.49000000,61.80000000,62.38000000,206916
OFZ 26230,D1,2026-01-16,00:00:00,62.38000000,62.79700000,62.30000000,62.70000000,529644
OFZ 26230,D1,2026-01-19,00:00:00,62.70500000,62.82400000,62.35100000,62.40100000,238040
OFZ 26230,D1,2026-01-20,00:00:00,62.40100000,62.59000000,61.88100000,62.05000000,1241129
OFZ 26230,D1,2026-01-21,00:00:00,62.21700000,62.30500000,61.59600000,61.66900000,811822
OFZ 26230,D1,2026-01-22,00:00:00,61.83800000,62.03800000,61.52300000,62.03500000,2135266
OFZ 26230,D1,2026-01-23,00:00:00,62.03800000,62.19900000,61.87200000,62.00600000,1481368
OFZ 26230,D1,2026-01-26,00:00:00,62.00500000,62.15000000,61.52000000,61.63000000,2315769
OFZ 26230,D1,2026-01-27,00:00:00,61.74300000,61.74900000,61.47500000,61.73000000,2045339
OFZ 26230,D1,2026-01-28,00:00:00,61.68900000,61.89200000,61.54100000,61.81200000,646105
OFZ 26230,D1,2026-01-29,00:00:00,61.81200000,62.40000000,61.64100000,62.11900000,726617
OFZ 26230,D1,2026-01-30,00:00:00,62.22300000,62.38000000,62.07900000,62.19400000,1993416
OFZ 26230,D1,2026-02-02,00:00:00,62.22000000,62.40000000,62.00000000,62.30600000,1982550
OFZ 26230,D1,2026-02-03,00:00:00,62.35000000,62.36800000,62.23200000,62.35400000,81456
OFZ 26230,D1,2026-02-04,00:00:00,62.49900000,62.56200000,62.16000000,62.30600000,397065
OFZ 26230,D1,2026-02-05,00:00:00,62.48000000,62.69400000,61.85000000,62.10000000,522425
OFZ 26230,D1,2026-02-06,00:00:00,62.19800000,62.28000000,61.56000000,61.64500000,617668
OFZ 26230,D1,2026-02-09,00:00:00,61.64500000,62.07000000,61.60000000,61.75900000,78488
OFZ 26230,D1,2026-02-10,00:00:00,61.80000000,61.87300000,61.04500000,61.39600000,273815
OFZ 26230,D1,2026-02-11,00:00:00,61.44100000,62.25400000,61.20000000,62.23900000,581091
OFZ 26230,D1,2026-02-12,00:00:00,62.23900000,62.50100000,62.00000000,62.39900000,308968
OFZ 26230,D1,2026-02-13,00:00:00,62.50000000,63.44900000,62.28300000,63.37300000,1123726
OFZ 26230,D1,2026-02-16,00:00:00,63.40500000,65.15300000,63.40500000,63.85500000,2396243
OFZ 26230,D1,2026-02-17,00:00:00,63.94800000,64.03200000,63.02500000,63.86300000,343963
OFZ 26230,D1,2026-02-18,00:00:00,63.65000000,64.45000000,63.65000000,64.36000000,216462
OFZ 26230,D1,2026-02-19,00:00:00,64.37900000,64.75000000,64.23300000,64.34600000,1433268
OFZ 26230,D1,2026-02-20,00:00:00,64.49400000,64.57200000,64.00000000,64.21100000,295376
OFZ 26230,D1,2026-02-24,00:00:00,64.21100000,64.39600000,63.74500000,64.09000000,199794
OFZ 26230,D1,2026-02-25,00:00:00,64.09600000,64.19900000,63.65000000,63.82700000,126708
OFZ 26230,D1,2026-02-26,00:00:00,63.80000000,63.92900000,63.36800000,63.55000000,512046
OFZ 26230,D1,2026-02-27,00:00:00,63.63700000,63.92900000,63.38300000,63.69700000,363063
OFZ 26230,D1,2026-03-02,00:00:00,63.69700000,63.85000000,63.40000000,63.69600000,327208
OFZ 26230,D1,2026-03-03,00:00:00,63.76000000,63.77900000,63.49100000,63.57600000,104068
OFZ 26230,D1,2026-03-04,00:00:00,63.58000000,63.67000000,63.00000000,63.39800000,305600
OFZ 26230,D1,2026-03-05,00:00:00,63.45500000,63.67000000,63.23900000,63.30900000,80331
OFZ 26230,D1,2026-03-06,00:00:00,63.30900000,63.65000000,63.08100000,63.20000000,134800
OFZ 26230,D1,2026-03-09,00:00:00,63.30800000,63.64900000,63.00000000,63.49000000,78500
OFZ 26230,D1,2026-03-10,00:00:00,63.48200000,63.50000000,63.27000000,63.34600000,196111
OFZ 26230,D1,2026-03-11,00:00:00,63.34000000,63.39900000,63.00000000,63.20200000,358062
OFZ 26230,D1,2026-03-12,00:00:00,63.17000000,64.04900000,63.15000000,64.02800000,660387
OFZ 26230,D1,2026-03-13,00:00:00,64.02000000,64.60000000,63.91800000,64.25200000,1311230
OFZ 26230,D1,2026-03-16,00:00:00,64.27000000,64.40500000,63.89000000,64.00100000,565603
OFZ 26230,D1,2026-03-17,00:00:00,64.09900000,64.09900000,63.50000000,63.60000000,1104219
OFZ 26230,D1,2026-03-18,00:00:00,63.69900000,63.80000000,63.58000000,63.70000000,1049936
OFZ 26230,D1,2026-03-19,00:00:00,63.70000000,63.90000000,63.40300000,63.55000000,404430
OFZ 26230,D1,2026-03-20,00:00:00,63.54700000,64.10400000,63.54300000,63.63000000,271644
OFZ 26230,D1,2026-03-23,00:00:00,63.63000000,63.99700000,62.30000000,63.47500000,234916
OFZ 26230,D1,2026-03-24,00:00:00,63.47500000,63.83900000,62.89900000,63.02900000,1273341
OFZ 26230,D1,2026-03-25,00:00:00,63.20000000,63.20000000,62.85100000,62.95000000,1766130
OFZ 26230,D1,2026-03-26,00:00:00,63.08900000,63.08900000,62.77500000,62.87000000,2408344
OFZ 26230,D1,2026-03-27,00:00:00,63.04700000,63.04700000,62.67800000,62.74800000,1167553
OFZ 26230,D1,2026-03-28,00:00:00,62.88200000,62.88200000,62.65300000,62.83800000,24696
OFZ 26230,D1,2026-03-29,00:00:00,62.80300000,62.94000000,62.80200000,62.85500000,33819
OFZ 26230,D1,2026-03-30,00:00:00,62.88200000,62.99900000,62.54000000,62.83700000,1112068
OFZ 26230,D1,2026-03-31,00:00:00,62.85500000,62.86100000,62.66100000,62.76900000,1180826
OFZ 26230,D1,2026-04-01,00:00:00,62.76700000,62.82600000,62.67000000,62.74200000,512457
OFZ 26230,D1,2026-04-02,00:00:00,62.79900000,62.79900000,62.55100000,62.72000000,339397
OFZ 26230,D1,2026-04-03,00:00:00,62.77400000,62.77400000,62.30000000,62.49900000,351177
OFZ 26230,D1,2026-04-04,00:00:00,62.31000000,62.64900000,62.31000000,62.63000000,24188
OFZ 26230,D1,2026-04-05,00:00:00,62.58100000,62.65900000,62.51700000,62.53000000,13511
OFZ 26230,D1,2026-04-06,00:00:00,62.31000000,62.69700000,62.31000000,62.59400000,324530
OFZ 26230,D1,2026-04-07,00:00:00,62.45500000,62.90000000,62.44100000,62.60000000,305228
OFZ 26230,D1,2026-04-08,00:00:00,62.59800000,62.75800000,62.40100000,62.52700000,219155
OFZ 26230,D1,2026-04-09,00:00:00,62.52700000,62.56900000,62.08000000,62.41100000,434524
OFZ 26230,D1,2026-04-10,00:00:00,62.49600000,62.74900000,62.21000000,62.71800000,447113
OFZ 26230,D1,2026-04-11,00:00:00,62.71500000,62.85500000,62.41000000,62.85000000,38047
OFZ 26230,D1,2026-04-12,00:00:00,62.87800000,62.98000000,62.75300000,62.87400000,55253
OFZ 26230,D1,2026-04-13,00:00:00,62.71500000,62.98800000,62.39900000,62.47300000,2381666
OFZ 26230,D1,2026-04-14,00:00:00,62.46100000,62.69000000,62.11000000,62.36300000,1717603
OFZ 26230,D1,2026-04-15,00:00:00,62.36400000,63.23900000,62.11100000,63.23000000,1236212
OFZ 26230,D1,2026-04-16,00:00:00,63.23100000,63.50000000,62.90200000,63.35700000,3774685
OFZ 26230,D1,2026-04-17,00:00:00,63.45000000,63.55500000,63.24400000,63.37000000,788268
OFZ 26230,D1,2026-04-18,00:00:00,63.37100000,63.57500000,63.30600000,63.56800000,39804
OFZ 26230,D1,2026-04-19,00:00:00,63.56800000,63.59000000,63.35000000,63.48500000,60740
OFZ 26230,D1,2026-04-20,00:00:00,63.37100000,63.61200000,63.08000000,63.42200000,1705315
OFZ 26230,D1,2026-04-21,00:00:00,63.42500000,64.50000000,62.83000000,63.53900000,374918
OFZ 26230,D1,2026-04-22,00:00:00,63.60000000,64.10200000,63.43900000,64.09300000,288409
OFZ 26230,D1,2026-04-23,00:00:00,64.12200000,64.13900000,63.80100000,63.99800000,725851
OFZ 26230,D1,2026-04-24,00:00:00,63.99800000,64.38000000,62.99600000,63.17600000,1948022
OFZ 26230,D1,2026-04-25,00:00:00,63.17000000,63.30000000,63.05000000,63.16200000,18492
OFZ 26230,D1,2026-04-26,00:00:00,63.27100000,63.27200000,62.92400000,62.99900000,137494
OFZ 26230,D1,2026-04-27,00:00:00,63.17000000,63.30000000,62.92400000,62.99100000,739240
OFZ 26230,D1,2026-04-28,00:00:00,62.99100000,63.11900000,62.68200000,62.84700000,435598
OFZ 26230,D1,2026-04-29,00:00:00,62.84700000,63.27700000,62.60000000,62.91000000,281960
OFZ 26230,D1,2026-04-30,00:00:00,62.91000000,63.21000000,62.82900000,63.05500000,218032
OFZ 26230,D1,2026-05-02,00:00:00,63.22000000,63.22000000,63.07000000,63.12900000,7785
OFZ 26230,D1,2026-05-03,00:00:00,63.16400000,63.21000000,63.13000000,63.18200000,9422
OFZ 26230,D1,2026-05-04,00:00:00,63.05500000,63.28800000,62.83000000,62.91900000,189969
OFZ 26230,D1,2026-05-05,00:00:00,62.91900000,63.00200000,62.52500000,62.53600000,238999
OFZ 26230,D1,2026-05-06,00:00:00,62.54100000,62.67900000,62.35000000,62.46700000,274865
OFZ 26230,D1,2026-05-07,00:00:00,62.58000000,62.58000000,62.27100000,62.38700000,1137199
OFZ 26230,D1,2026-05-08,00:00:00,62.40000000,62.49600000,62.09900000,62.28200000,675889
OFZ 26230,D1,2026-05-11,00:00:00,62.28200000,62.62500000,62.20300000,62.54700000,185080
OFZ 26230,D1,2026-05-12,00:00:00,62.62800000,62.70600000,62.24500000,62.39700000,1152590
OFZ 26230,D1,2026-05-13,00:00:00,62.39800000,62.55700000,62.18900000,62.28400000,1004967
OFZ 26230,D1,2026-05-14,00:00:00,62.31000000,62.37700000,62.05000000,62.09600000,556873
OFZ 26230,D1,2026-05-15,00:00:00,62.09700000,62.19900000,62.00300000,62.08100000,286435
OFZ 26230,D1,2026-05-16,00:00:00,62.19900000,62.35700000,61.87000000,62.13400000,104003
OFZ 26230,D1,2026-05-17,00:00:00,62.10100000,62.24900000,62.05100000,62.13100000,8631
OFZ 26230,D1,2026-05-18,00:00:00,62.19900000,62.35700000,61.87000000,62.02600000,258183
OFZ 26230,D1,2026-05-19,00:00:00,62.02700000,62.19400000,61.94400000,62.07500000,352566
OFZ 26230,D1,2026-05-20,00:00:00,62.09500000,62.28800000,61.98600000,62.23600000,272054
OFZ 26230,D1,2026-05-21,00:00:00,62.28900000,62.40400000,62.09600000,62.29800000,289848
OFZ 26230,D1,2026-05-22,00:00:00,62.34400000,62.47000000,62.20900000,62.29000000,193064
OFZ 26230,D1,2026-05-23,00:00:00,62.29000000,62.35000000,62.23500000,62.30000000,20759
OFZ 26230,D1,2026-05-24,00:00:00,62.30000000,62.40000000,62.22500000,62.28500000,10899
OFZ 26230,D1,2026-05-25,00:00:00,62.29000000,62.45800000,61.99100000,62.09700000,1048549
OFZ 26230,D1,2026-05-26,00:00:00,62.23500000,62.27500000,61.65200000,61.86000000,440336
OFZ 26230,D1,2026-05-27,00:00:00,61.94000000,61.95800000,61.67000000,61.84500000,663327
OFZ 26230,D1,2026-05-28,00:00:00,61.85800000,61.98700000,61.81100000,61.90600000,380108
OFZ 26230,D1,2026-05-29,00:00:00,61.91500000,61.97000000,61.74000000,61.81900000,251879
OFZ 26230,D1,2026-05-30,00:00:00,61.80200000,61.88100000,61.71700000,61.83800000,18386
OFZ 26230,D1,2026-05-31,00:00:00,61.77100000,61.93000000,61.77100000,61.88100000,9575
OFZ 26230,MN1,2025-12-31,00:00:00,62.59400000,64.43900000,62.21500000,63.83000000,18896005
OFZ 26230,MN1,2026-01-31,00:00:00,63.83000000,64.21900000,61.47500000,62.19400000,15692879
OFZ 26230,MN1,2026-02-28,00:00:00,62.22000000,65.15300000,61.04500000,63.69700000,11854175
OFZ 26230,MN1,2026-03-31,00:00:00,63.69700000,64.60000000,62.30000000,62.76900000,16153822
OFZ 26230,MN1,2026-04-30,00:00:00,62.76700000,64.50000000,62.08000000,63.05500000,19936889
OFZ 26230,W1,2025-12-07,00:00:00,62.59400000,63.40500000,62.21500000,63.38000000,2423103
OFZ 26230,W1,2025-12-14,00:00:00,63.38000000,63.97000000,62.89500000,63.82700000,5123997
OFZ 26230,W1,2025-12-21,00:00:00,63.82700000,64.43900000,63.20000000,63.91500000,8340878
OFZ 26230,W1,2025-12-28,00:00:00,63.97000000,64.00000000,62.72000000,63.09900000,2688857
OFZ 26230,W1,2026-01-04,00:00:00,63.10000000,63.91900000,63.08000000,63.83000000,319170
OFZ 26230,W1,2026-01-11,00:00:00,63.83000000,64.21900000,63.67800000,63.90600000,167580
OFZ 26230,W1,2026-01-18,00:00:00,63.91200000,63.98900000,61.80000000,62.70000000,1890428
OFZ 26230,W1,2026-01-25,00:00:00,62.70500000,62.82400000,61.52300000,62.00600000,5907625
OFZ 26230,W1,2026-02-01,00:00:00,62.00500000,62.40000000,61.47500000,62.19400000,7727246
OFZ 26230,W1,2026-02-08,00:00:00,62.22000000,62.69400000,61.56000000,61.64500000,3601164
OFZ 26230,W1,2026-02-15,00:00:00,61.64500000,63.44900000,61.04500000,63.37300000,2366088
OFZ 26230,W1,2026-02-22,00:00:00,63.40500000,65.15300000,63.02500000,64.21100000,4685312
OFZ 26230,W1,2026-03-01,00:00:00,64.21100000,64.39600000,63.36800000,63.69700000,1201611
OFZ 26230,W1,2026-03-08,00:00:00,63.69700000,63.85000000,63.00000000,63.20000000,952007
OFZ 26230,W1,2026-03-15,00:00:00,63.30800000,64.60000000,63.00000000,64.25200000,2604290
OFZ 26230,W1,2026-03-22,00:00:00,64.27000000,64.40500000,63.40300000,63.63000000,3395832
OFZ 26230,W1,2026-03-29,00:00:00,63.63000000,63.99700000,62.30000000,62.85500000,6908799
OFZ 26230,W1,2026-04-05,00:00:00,62.88200000,62.99900000,62.30000000,62.53000000,3533624
OFZ 26230,W1,2026-04-12,00:00:00,62.31000000,62.98000000,62.08000000,62.87400000,1823850
OFZ 26230,W1,2026-04-19,00:00:00,62.71500000,63.59000000,62.11000000,63.48500000,9998978
OFZ 26230,W1,2026-04-26,00:00:00,63.37100000,64.50000000,62.83000000,62.99900000,5198501
OFZ 26230,W1,2026-05-03,00:00:00,63.17000000,63.30000000,62.60000000,63.18200000,1692037
OFZ 26230,W1,2026-05-10,00:00:00,63.05500000,63.28800000,62.09900000,62.28200000,2516921
OFZ 26230,W1,2026-05-17,00:00:00,62.28200000,62.70600000,61.87000000,62.13100000,3298579
OFZ 26230,W1,2026-05-24,00:00:00,62.19900000,62.47000000,61.87000000,62.28500000,1397373
OFZ 26232,D1,2025-12-01,00:00:00,87.54000000,87.77900000,87.15100000,87.57500000,649529
OFZ 26232,D1,2025-12-02,00:00:00,87.51200000,87.81100000,87.16700000,87.77400000,395681
OFZ 26232,D1,2025-12-03,00:00:00,87.81000000,88.10000000,87.50100000,88.05500000,24697
OFZ 26232,D1,2025-12-04,00:00:00,88.05700000,88.20000000,87.83000000,87.99900000,85922
OFZ 26232,D1,2025-12-05,00:00:00,88.07000000,88.18600000,87.88700000,88.14900000,70693
OFZ 26232,D1,2025-12-08,00:00:00,88.18600000,88.29700000,87.97000000,88.21500000,185376
OFZ 26232,D1,2025-12-09,00:00:00,88.21500000,88.24800000,88.00000000,88.23500000,42145
OFZ 26232,D1,2025-12-10,00:00:00,88.22400000,88.33500000,88.02600000,88.29300000,25590
OFZ 26232,D1,2025-12-11,00:00:00,88.26600000,88.45000000,88.14300000,88.42400000,17582
OFZ 26232,D1,2025-12-12,00:00:00,88.32800000,88.51500000,88.14700000,88.49700000,93881
OFZ 26232,D1,2025-12-15,00:00:00,88.51900000,88.65000000,88.30400000,88.59000000,329309
OFZ 26232,D1,2025-12-16,00:00:00,88.65000000,88.71000000,88.36100000,88.60300000,231024
OFZ 26232,D1,2025-12-17,00:00:00,88.60800000,88.73200000,88.35300000,88.73200000,150723
OFZ 26232,D1,2025-12-18,00:00:00,88.75000000,88.82900000,88.30000000,88.65800000,30406
OFZ 26232,D1,2025-12-19,00:00:00,88.60100000,88.84800000,87.64900000,88.27100000,59765
OFZ 26232,D1,2025-12-22,00:00:00,88.37900000,88.40900000,87.90600000,88.34200000,289013
OFZ 26232,D1,2025-12-23,00:00:00,88.48300000,88.55000000,88.10000000,88.41900000,215057
OFZ 26232,D1,2025-12-24,00:00:00,88.52200000,88.52400000,88.24400000,88.45000000,62042
OFZ 26232,D1,2025-12-25,00:00:00,88.52100000,88.69300000,88.26600000,88.45000000,103027
OFZ 26232,D1,2025-12-26,00:00:00,88.45000000,88.70000000,88.09800000,88.60800000,92381
OFZ 26232,D1,2025-12-29,00:00:00,88.60800000,88.99800000,88.10800000,88.85100000,169101
OFZ 26232,D1,2025-12-30,00:00:00,88.97000000,89.00000000,87.70700000,88.16200000,183023
OFZ 26232,D1,2026-01-05,00:00:00,88.44400000,88.82900000,88.00300000,88.69800000,12233
OFZ 26232,D1,2026-01-06,00:00:00,88.52200000,88.80000000,88.52200000,88.77500000,9130
OFZ 26232,D1,2026-01-08,00:00:00,88.77300000,89.20400000,88.31400000,88.53400000,7218
OFZ 26232,D1,2026-01-09,00:00:00,88.57900000,88.79000000,88.32500000,88.61200000,4760
OFZ 26232,D1,2026-01-12,00:00:00,88.64000000,88.94900000,88.30000000,88.76000000,26909
OFZ 26232,D1,2026-01-13,00:00:00,88.86400000,88.91800000,88.31500000,88.62800000,10656
OFZ 26232,D1,2026-01-14,00:00:00,88.69800000,88.72200000,88.38100000,88.44400000,32624
OFZ 26232,D1,2026-01-15,00:00:00,88.40800000,88.62600000,88.29900000,88.57900000,7882
OFZ 26232,D1,2026-01-16,00:00:00,88.58000000,88.89800000,88.57900000,88.89800000,13968
OFZ 26232,D1,2026-01-19,00:00:00,88.89800000,88.90000000,88.50300000,88.71900000,159842
OFZ 26232,D1,2026-01-20,00:00:00,88.84800000,88.89900000,88.50000000,88.66600000,16774
OFZ 26232,D1,2026-01-21,00:00:00,88.75100000,88.79300000,88.54600000,88.57100000,7491
OFZ 26232,D1,2026-01-22,00:00:00,88.57100000,88.77300000,88.50200000,88.71600000,149303
OFZ 26232,D1,2026-01-23,00:00:00,88.73300000,88.77400000,88.65000000,88.74600000,144945
OFZ 26232,D1,2026-01-26,00:00:00,88.71800000,89.16900000,88.26800000,88.40700000,28749
OFZ 26232,D1,2026-01-27,00:00:00,88.59700000,88.69600000,88.29400000,88.52500000,112042
OFZ 26232,D1,2026-01-28,00:00:00,88.85100000,88.89600000,88.38800000,88.54900000,7262
OFZ 26232,D1,2026-01-29,00:00:00,88.55000000,88.86200000,88.46500000,88.64800000,264141
OFZ 26232,D1,2026-01-30,00:00:00,88.69700000,88.79900000,88.54700000,88.67600000,6545
OFZ 26232,D1,2026-02-02,00:00:00,88.67900000,88.79800000,88.40400000,88.49000000,13140
OFZ 26232,D1,2026-02-03,00:00:00,88.49100000,88.79900000,88.40000000,88.45100000,117025
OFZ 26232,D1,2026-02-04,00:00:00,88.74800000,88.75000000,88.45600000,88.75000000,94512
OFZ 26232,D1,2026-02-05,00:00:00,88.69000000,88.91400000,88.50000000,88.73900000,35099
OFZ 26232,D1,2026-02-06,00:00:00,88.84500000,88.86000000,88.50400000,88.57500000,220291
OFZ 26232,D1,2026-02-09,00:00:00,88.57500000,88.88900000,88.57500000,88.61300000,193760
OFZ 26232,D1,2026-02-10,00:00:00,88.70000000,88.95000000,88.51300000,88.80000000,186491
OFZ 26232,D1,2026-02-11,00:00:00,88.54700000,89.09000000,88.50400000,89.00100000,732061
OFZ 26232,D1,2026-02-12,00:00:00,89.05400000,89.10000000,88.88100000,89.06500000,268555
OFZ 26232,D1,2026-02-13,00:00:00,89.10000000,89.45000000,88.88000000,89.41100000,359459
OFZ 26232,D1,2026-02-16,00:00:00,89.47000000,89.96400000,89.10200000,89.36800000,102553
OFZ 26232,D1,2026-02-17,00:00:00,89.51600000,89.77100000,89.17600000,89.37000000,13301
OFZ 26232,D1,2026-02-18,00:00:00,89.37000000,89.57900000,89.05000000,89.41000000,42341
OFZ 26232,D1,2026-02-19,00:00:00,89.41000000,89.54000000,89.28000000,89.33000000,704775
OFZ 26232,D1,2026-02-20,00:00:00,89.55900000,89.56000000,89.00800000,89.28200000,14190
OFZ 26232,D1,2026-02-24,00:00:00,89.28200000,89.60000000,89.13000000,89.40000000,130022
OFZ 26232,D1,2026-02-25,00:00:00,89.55000000,89.80700000,89.20100000,89.24100000,31702
OFZ 26232,D1,2026-02-26,00:00:00,89.42100000,89.57900000,89.21300000,89.41000000,68990
OFZ 26232,D1,2026-02-27,00:00:00,89.41000000,89.70000000,89.26600000,89.51700000,39796
OFZ 26232,D1,2026-03-02,00:00:00,89.51700000,89.75000000,89.25000000,89.53300000,205847
OFZ 26232,D1,2026-03-03,00:00:00,89.53300000,89.79800000,89.38500000,89.60000000,59672
OFZ 26232,D1,2026-03-04,00:00:00,89.60000000,89.85000000,89.50200000,89.52000000,30356
OFZ 26232,D1,2026-03-05,00:00:00,89.85000000,89.90700000,89.40000000,89.68700000,61835
OFZ 26232,D1,2026-03-06,00:00:00,89.68800000,89.68800000,89.51000000,89.67900000,96641
OFZ 26232,D1,2026-03-09,00:00:00,89.75100000,89.98100000,89.27100000,89.71000000,15599
OFZ 26232,D1,2026-03-10,00:00:00,89.71000000,89.99700000,89.50200000,89.95000000,22639
OFZ 26232,D1,2026-03-11,00:00:00,89.97200000,90.15000000,89.75400000,90.14900000,18310
OFZ 26232,D1,2026-03-12,00:00:00,90.18100000,90.40000000,89.98300000,90.40000000,124492
OFZ 26232,D1,2026-03-13,00:00:00,90.43900000,90.87200000,90.40900000,90.67400000,28162
OFZ 26232,D1,2026-03-16,00:00:00,90.60000000,91.40600000,90.12200000,90.53400000,28399
OFZ 26232,D1,2026-03-17,00:00:00,90.71700000,90.71700000,90.20600000,90.42700000,326990
OFZ 26232,D1,2026-03-18,00:00:00,90.60000000,90.84800000,90.23300000,90.63400000,241633
OFZ 26232,D1,2026-03-19,00:00:00,90.72100000,90.92000000,90.50100000,90.80000000,12969
OFZ 26232,D1,2026-03-20,00:00:00,90.80000000,91.40000000,90.57200000,91.39400000,28166
OFZ 26232,D1,2026-03-23,00:00:00,91.38400000,91.45000000,90.80000000,91.19600000,87642
OFZ 26232,D1,2026-03-24,00:00:00,91.20000000,91.38000000,91.00100000,91.31500000,63224
OFZ 26232,D1,2026-03-25,00:00:00,91.39000000,91.63900000,91.00000000,91.39000000,22222
OFZ 26232,D1,2026-03-26,00:00:00,91.44700000,91.56400000,91.23900000,91.24900000,35104
OFZ 26232,D1,2026-03-27,00:00:00,91.35600000,91.56500000,91.13300000,91.30000000,9676
OFZ 26232,D1,2026-03-28,00:00:00,91.15000000,91.66700000,91.15000000,91.37400000,959
OFZ 26232,D1,2026-03-29,00:00:00,91.69100000,91.69100000,91.10200000,91.26500000,628
OFZ 26232,D1,2026-03-30,00:00:00,91.15000000,91.69100000,91.10000000,91.28800000,40084
OFZ 26232,D1,2026-03-31,00:00:00,91.29800000,91.64100000,91.16300000,91.40200000,6871
OFZ 26232,D1,2026-04-01,00:00:00,91.51000000,91.68600000,91.16200000,91.45200000,64140
OFZ 26232,D1,2026-04-02,00:00:00,91.66600000,91.68000000,91.10200000,91.35100000,31602
OFZ 26232,D1,2026-04-03,00:00:00,91.50000000,91.69200000,91.25200000,91.67700000,22754
OFZ 26232,D1,2026-04-04,00:00:00,91.67700000,91.77200000,91.60200000,91.75400000,720
OFZ 26232,D1,2026-04-05,00:00:00,91.80800000,91.80800000,91.54300000,91.72300000,388
OFZ 26232,D1,2026-04-06,00:00:00,91.67700000,91.80800000,91.25000000,91.76200000,40523
OFZ 26232,D1,2026-04-07,00:00:00,91.80000000,91.84700000,91.50000000,91.70000000,75465
OFZ 26232,D1,2026-04-08,00:00:00,91.70000000,91.90000000,91.53900000,91.69800000,47006
OFZ 26232,D1,2026-04-09,00:00:00,91.68300000,91.69800000,91.40700000,91.53000000,21866
OFZ 26232,D1,2026-04-10,00:00:00,91.53000000,91.70000000,91.50400000,91.63500000,68488
OFZ 26232,D1,2026-04-11,00:00:00,91.60000000,91.80000000,91.50000000,91.69800000,2019
OFZ 26232,D1,2026-04-12,00:00:00,91.60000000,91.69700000,91.30100000,91.62000000,1897
OFZ 26232,D1,2026-04-13,00:00:00,91.60000000,91.80000000,91.30100000,91.62500000,20543
OFZ 26232,D1,2026-04-14,00:00:00,91.66800000,91.80000000,91.13700000,91.35300000,96541
OFZ 26232,D1,2026-04-15,00:00:00,91.39900000,91.84500000,91.10000000,91.65900000,44719
OFZ 26232,D1,2026-04-16,00:00:00,91.84600000,91.88200000,91.65100000,91.70000000,9785
OFZ 26232,D1,2026-04-17,00:00:00,91.73700000,91.87100000,91.45300000,91.64600000,11887
OFZ 26232,D1,2026-04-18,00:00:00,91.70000000,91.74900000,91.50300000,91.69800000,1085
OFZ 26232,D1,2026-04-19,00:00:00,91.69800000,91.74900000,91.45000000,91.46200000,1009
OFZ 26232,D1,2026-04-20,00:00:00,91.70000000,91.80000000,91.45000000,91.80000000,35823
OFZ 26232,D1,2026-04-21,00:00:00,91.88200000,91.88200000,91.50300000,91.73200000,17450
OFZ 26232,D1,2026-04-22,00:00:00,91.79900000,91.87300000,91.46000000,91.67000000,55082
OFZ 26232,D1,2026-04-23,00:00:00,91.69900000,91.80000000,91.52300000,91.52300000,14148
OFZ 26232,D1,2026-04-24,00:00:00,91.53100000,91.79800000,90.90600000,91.26100000,54440
OFZ 26232,D1,2026-04-25,00:00:00,91.58700000,91.58700000,91.15500000,91.33400000,1407
OFZ 26232,D1,2026-04-26,00:00:00,91.57900000,91.58200000,91.15400000,91.20400000,1721
OFZ 26232,D1,2026-04-27,00:00:00,91.58700000,91.58700000,91.15000000,91.15100000,31588
OFZ 26232,D1,2026-04-28,00:00:00,91.18300000,91.50000000,91.15000000,91.21600000,62357
OFZ 26232,D1,2026-04-29,00:00:00,91.31800000,91.47900000,91.10400000,91.35600000,153470
OFZ 26232,D1,2026-04-30,00:00:00,91.47700000,91.64800000,91.10600000,91.55200000,62424
OFZ 26232,D1,2026-05-02,00:00:00,91.85000000,91.87200000,91.27900000,91.55200000,1736
OFZ 26232,D1,2026-05-03,00:00:00,91.66100000,91.75600000,91.50500000,91.74400000,864
OFZ 26232,D1,2026-05-04,00:00:00,91.69100000,91.87200000,91.25100000,91.56000000,320476
OFZ 26232,D1,2026-05-05,00:00:00,91.56800000,91.82300000,91.45000000,91.50000000,138443
OFZ 26232,D1,2026-05-06,00:00:00,91.50000000,91.79800000,91.47800000,91.69800000,38919
OFZ 26232,D1,2026-05-07,00:00:00,91.70000000,91.80000000,91.60000000,91.65900000,9227
OFZ 26232,D1,2026-05-08,00:00:00,91.77000000,91.79900000,91.41100000,91.72300000,28431
OFZ 26232,D1,2026-05-11,00:00:00,91.27200000,91.80000000,91.27200000,91.66400000,7475
OFZ 26232,D1,2026-05-12,00:00:00,91.81100000,91.87200000,91.66500000,91.87100000,109658
OFZ 26232,D1,2026-05-13,00:00:00,91.98300000,92.00000000,91.75000000,91.76800000,8199
OFZ 26232,D1,2026-05-14,00:00:00,91.85800000,91.85800000,91.70500000,91.78000000,316891
OFZ 26232,D1,2026-05-15,00:00:00,91.78000000,91.89800000,91.71100000,91.75700000,191692
OFZ 26232,D1,2026-05-16,00:00:00,91.78000000,91.97400000,91.71400000,91.73900000,2469
OFZ 26232,D1,2026-05-17,00:00:00,91.72000000,91.97200000,91.71100000,91.97000000,1045
OFZ 26232,D1,2026-05-18,00:00:00,91.78000000,91.97400000,91.70000000,91.72200000,23907
OFZ 26232,D1,2026-05-19,00:00:00,91.84000000,91.84000000,91.50000000,91.59300000,22423
OFZ 26232,D1,2026-05-20,00:00:00,91.69900000,91.97300000,91.50000000,91.91800000,340302
OFZ 26232,D1,2026-05-21,00:00:00,91.70100000,92.00000000,91.70100000,91.93800000,25385
OFZ 26232,D1,2026-05-22,00:00:00,91.93800000,91.93800000,91.59500000,91.68100000,210982
OFZ 26232,D1,2026-05-23,00:00:00,91.70000000,91.89900000,91.50200000,91.69100000,1455
OFZ 26232,D1,2026-05-24,00:00:00,91.68000000,91.68000000,91.50700000,91.59700000,1022
OFZ 26232,D1,2026-05-25,00:00:00,91.70000000,91.94000000,91.50200000,91.78400000,28337
OFZ 26232,D1,2026-05-26,00:00:00,91.84200000,91.84200000,91.54200000,91.78800000,26223
OFZ 26232,D1,2026-05-27,00:00:00,91.84200000,91.97400000,91.55800000,91.96700000,104865
OFZ 26232,D1,2026-05-28,00:00:00,92.00000000,92.06400000,91.70100000,91.83800000,33303
OFZ 26232,D1,2026-05-29,00:00:00,91.97400000,92.06600000,91.56900000,91.81900000,49476
OFZ 26232,D1,2026-05-30,00:00:00,91.81800000,91.86400000,91.65100000,91.70000000,825
OFZ 26232,D1,2026-05-31,00:00:00,91.64800000,91.88500000,91.60000000,91.85400000,6321
OFZ 26232,MN1,2025-12-31,00:00:00,87.54000000,89.00000000,87.15100000,88.16200000,3505967
OFZ 26232,MN1,2026-01-31,00:00:00,88.44400000,89.20400000,88.00300000,88.67600000,1022474
OFZ 26232,MN1,2026-02-28,00:00:00,88.67900000,89.96400000,88.40000000,89.51700000,3368063
OFZ 26232,MN1,2026-03-31,00:00:00,89.51700000,91.69100000,89.25000000,91.40200000,1568120
OFZ 26232,MN1,2026-04-30,00:00:00,91.51000000,91.90000000,90.90600000,91.55200000,1052347
OFZ 26232,W1,2025-12-07,00:00:00,87.54000000,88.20000000,87.15100000,88.14900000,1226522
OFZ 26232,W1,2025-12-14,00:00:00,88.18600000,88.51500000,87.97000000,88.49700000,364574
OFZ 26232,W1,2025-12-21,00:00:00,88.51900000,88.84800000,87.64900000,88.27100000,801227
OFZ 26232,W1,2025-12-28,00:00:00,88.37900000,88.70000000,87.90600000,88.60800000,761520
OFZ 26232,W1,2026-01-04,00:00:00,88.60800000,89.00000000,87.70700000,88.16200000,352124
OFZ 26232,W1,2026-01-11,00:00:00,88.44400000,89.20400000,88.00300000,88.61200000,33341
OFZ 26232,W1,2026-01-18,00:00:00,88.64000000,88.94900000,88.29900000,88.89800000,92039
OFZ 26232,W1,2026-01-25,00:00:00,88.89800000,88.90000000,88.50000000,88.74600000,478355
OFZ 26232,W1,2026-02-01,00:00:00,88.71800000,89.16900000,88.26800000,88.67600000,418739
OFZ 26232,W1,2026-02-08,00:00:00,88.67900000,88.91400000,88.40000000,88.57500000,480067
OFZ 26232,W1,2026-02-15,00:00:00,88.57500000,89.45000000,88.50400000,89.41100000,1740326
OFZ 26232,W1,2026-02-22,00:00:00,89.47000000,89.96400000,89.00800000,89.28200000,877160
OFZ 26232,W1,2026-03-01,00:00:00,89.28200000,89.80700000,89.13000000,89.51700000,270510
OFZ 26232,W1,2026-03-08,00:00:00,89.51700000,89.90700000,89.25000000,89.67900000,454351
OFZ 26232,W1,2026-03-15,00:00:00,89.75100000,90.87200000,89.27100000,90.67400000,209202
OFZ 26232,W1,2026-03-22,00:00:00,90.60000000,91.40600000,90.12200000,91.39400000,638157
OFZ 26232,W1,2026-03-29,00:00:00,91.38400000,91.69100000,90.80000000,91.26500000,219455
OFZ 26232,W1,2026-04-05,00:00:00,91.15000000,91.80800000,91.10000000,91.72300000,166559
OFZ 26232,W1,2026-04-12,00:00:00,91.67700000,91.90000000,91.25000000,91.62000000,257264
OFZ 26232,W1,2026-04-19,00:00:00,91.60000000,91.88200000,91.10000000,91.46200000,185569
OFZ 26232,W1,2026-04-26,00:00:00,91.70000000,91.88200000,90.90600000,91.20400000,180071
OFZ 26232,W1,2026-05-03,00:00:00,91.58700000,91.87200000,91.10400000,91.74400000,312439
OFZ 26232,W1,2026-05-10,00:00:00,91.69100000,91.87200000,91.25100000,91.72300000,535496
OFZ 26232,W1,2026-05-17,00:00:00,91.27200000,92.00000000,91.27200000,91.97000000,637429
OFZ 26232,W1,2026-05-24,00:00:00,91.78000000,92.00000000,91.50000000,91.59700000,625476
OFZ 26233,D1,2025-12-01,00:00:00,58.59800000,58.84500000,58.24400000,58.50000000,152274
OFZ 26233,D1,2025-12-02,00:00:00,58.55000000,58.59000000,58.20000000,58.53400000,640323
OFZ 26233,D1,2025-12-03,00:00:00,58.50000000,59.07800000,58.21000000,59.03500000,803688
OFZ 26233,D1,2025-12-04,00:00:00,59.08000000,59.25000000,58.76900000,59.16700000,724258
OFZ 26233,D1,2025-12-05,00:00:00,59.12200000,59.78900000,59.12200000,59.74600000,494086
OFZ 26233,D1,2025-12-08,00:00:00,59.74600000,59.99900000,59.44300000,59.58200000,358031
OFZ 26233,D1,2025-12-09,00:00:00,59.66000000,59.69900000,59.32300000,59.48700000,200361
OFZ 26233,D1,2025-12-10,00:00:00,59.57300000,59.70000000,59.25000000,59.67900000,372665
OFZ 26233,D1,2025-12-11,00:00:00,59.70000000,59.94600000,59.29900000,59.79900000,749312
OFZ 26233,D1,2025-12-12,00:00:00,59.79900000,59.97000000,59.74600000,59.77000000,201291
OFZ 26233,D1,2025-12-15,00:00:00,59.77000000,60.10500000,59.45500000,60.01900000,302755
OFZ 26233,D1,2025-12-16,00:00:00,60.01900000,60.36800000,59.65500000,59.99700000,651483
OFZ 26233,D1,2025-12-17,00:00:00,60.03900000,60.08900000,59.65700000,60.02800000,213001
OFZ 26233,D1,2025-12-18,00:00:00,60.05000000,60.30000000,59.87500000,60.10200000,288459
OFZ 26233,D1,2025-12-19,00:00:00,60.10100000,60.34900000,59.70300000,59.88300000,225050
OFZ 26233,D1,2025-12-22,00:00:00,59.88300000,60.10800000,59.50900000,59.62500000,503753
OFZ 26233,D1,2025-12-23,00:00:00,59.63900000,59.80000000,59.47000000,59.50000000,824366
OFZ 26233,D1,2025-12-24,00:00:00,59.50100000,59.62400000,59.15100000,59.27400000,164634
OFZ 26233,D1,2025-12-25,00:00:00,59.31600000,59.34700000,58.39900000,58.76200000,1443994
OFZ 26233,D1,2025-12-26,00:00:00,58.80400000,58.89100000,58.57400000,58.73500000,366266
OFZ 26233,D1,2025-12-29,00:00:00,58.73600000,58.97800000,58.60100000,58.82700000,346237
OFZ 26233,D1,2025-12-30,00:00:00,58.83200000,59.50800000,58.80000000,59.49500000,203411
OFZ 26233,D1,2026-01-05,00:00:00,59.52300000,59.83700000,59.21500000,59.60000000,117331
OFZ 26233,D1,2026-01-06,00:00:00,59.60000000,59.82900000,59.59000000,59.69400000,76075
OFZ 26233,D1,2026-01-08,00:00:00,59.65000000,59.71500000,59.55200000,59.69100000,63378
OFZ 26233,D1,2026-01-09,00:00:00,59.69800000,59.72500000,59.60000000,59.63700000,57779
OFZ 26233,D1,2026-01-12,00:00:00,59.63700000,59.72600000,58.70000000,59.07200000,200979
OFZ 26233,D1,2026-01-13,00:00:00,59.07500000,59.09900000,58.57300000,58.90000000,406789
OFZ 26233,D1,2026-01-14,00:00:00,58.90000000,59.16200000,58.64700000,58.79900000,522899
OFZ 26233,D1,2026-01-15,00:00:00,58.89700000,58.89700000,58.15400000,58.69900000,1172777
OFZ 26233,D1,2026-01-16,00:00:00,58.70000000,58.75200000,58.56200000,58.59000000,364885
OFZ 26233,D1,2026-01-19,00:00:00,58.59000000,59.02500000,58.49800000,58.62500000,610768
OFZ 26233,D1,2026-01-20,00:00:00,58.62500000,58.82500000,58.31400000,58.54900000,109271
OFZ 26233,D1,2026-01-21,00:00:00,58.54900000,58.60000000,58.33000000,58.38800000,221162
OFZ 26233,D1,2026-01-22,00:00:00,58.46800000,58.54300000,58.24000000,58.54200000,422939
OFZ 26233,D1,2026-01-23,00:00:00,58.46800000,58.79000000,58.25000000,58.57700000,259851
OFZ 26233,D1,2026-01-26,00:00:00,58.57700000,58.74300000,58.22800000,58.32100000,161659
OFZ 26233,D1,2026-01-27,00:00:00,58.29400000,58.44500000,58.23000000,58.43700000,229250
OFZ 26233,D1,2026-01-28,00:00:00,58.30100000,58.63400000,58.20000000,58.50000000,400817
OFZ 26233,D1,2026-01-29,00:00:00,58.50000000,58.56900000,58.39300000,58.53900000,340212
OFZ 26233,D1,2026-01-30,00:00:00,58.50000000,58.59400000,58.41500000,58.48500000,146796
OFZ 26233,D1,2026-02-02,00:00:00,58.52700000,58.84900000,58.24900000,58.33000000,266161
OFZ 26233,D1,2026-02-03,00:00:00,58.37000000,58.51800000,58.27000000,58.32500000,1223955
OFZ 26233,D1,2026-02-04,00:00:00,58.45900000,58.69900000,58.30000000,58.42000000,632593
OFZ 26233,D1,2026-02-05,00:00:00,58.48700000,58.49100000,58.19900000,58.31300000,543269
OFZ 26233,D1,2026-02-06,00:00:00,58.31300000,58.39900000,57.72200000,58.22500000,237788
OFZ 26233,D1,2026-02-09,00:00:00,58.22500000,58.23100000,57.89000000,58.04100000,374306
OFZ 26233,D1,2026-02-10,00:00:00,58.09800000,58.09800000,57.43400000,57.67100000,445700
OFZ 26233,D1,2026-02-11,00:00:00,57.69900000,58.37900000,57.57600000,58.33500000,708757
OFZ 26233,D1,2026-02-12,00:00:00,58.32900000,58.44000000,57.75300000,58.31000000,483545
OFZ 26233,D1,2026-02-13,00:00:00,58.42100000,59.32600000,58.07800000,59.10200000,725884
OFZ 26233,D1,2026-02-16,00:00:00,59.12000000,60.19800000,59.00300000,59.41100000,500734
OFZ 26233,D1,2026-02-17,00:00:00,59.50000000,59.94800000,59.23400000,59.64700000,213109
OFZ 26233,D1,2026-02-18,00:00:00,59.65000000,59.97500000,59.55000000,59.89300000,447915
OFZ 26233,D1,2026-02-19,00:00:00,59.89000000,60.00000000,59.59200000,59.69900000,265726
OFZ 26233,D1,2026-02-20,00:00:00,59.69900000,59.78900000,59.41100000,59.56900000,409609
OFZ 26233,D1,2026-02-24,00:00:00,59.56800000,59.75000000,59.47100000,59.62500000,835863
OFZ 26233,D1,2026-02-25,00:00:00,59.59200000,59.66900000,59.27400000,59.35200000,374997
OFZ 26233,D1,2026-02-26,00:00:00,59.43000000,59.43900000,59.22000000,59.28400000,458785
OFZ 26233,D1,2026-02-27,00:00:00,59.35100000,59.52800000,59.00100000,59.44800000,792872
OFZ 26233,D1,2026-03-02,00:00:00,59.49900000,59.52700000,59.12900000,59.47400000,278840
OFZ 26233,D1,2026-03-03,00:00:00,59.48200000,59.56800000,59.32000000,59.46700000,135842
OFZ 26233,D1,2026-03-04,00:00:00,59.46700000,59.50000000,59.25000000,59.39300000,116310
OFZ 26233,D1,2026-03-05,00:00:00,59.44900000,60.65000000,59.09700000,59.17100000,527726
OFZ 26233,D1,2026-03-06,00:00:00,59.18000000,59.26600000,58.85200000,59.05400000,1972912
OFZ 26233,D1,2026-03-09,00:00:00,59.05400000,59.46600000,59.02800000,59.16000000,178049
OFZ 26233,D1,2026-03-10,00:00:00,59.16000000,59.27500000,59.00100000,59.06200000,406273
OFZ 26233,D1,2026-03-11,00:00:00,59.06200000,59.27900000,58.95100000,59.15300000,637094
OFZ 26233,D1,2026-03-12,00:00:00,59.15300000,59.75200000,59.10100000,59.73000000,638654
OFZ 26233,D1,2026-03-13,00:00:00,59.73000000,60.18900000,59.68000000,60.12500000,717343
OFZ 26233,D1,2026-03-16,00:00:00,60.12500000,60.35600000,60.00000000,60.06900000,410633
OFZ 26233,D1,2026-03-17,00:00:00,60.06900000,60.09900000,59.81100000,59.88000000,236802
OFZ 26233,D1,2026-03-18,00:00:00,59.91900000,59.99800000,59.79000000,59.98700000,243683
OFZ 26233,D1,2026-03-19,00:00:00,60.14000000,60.14000000,59.60100000,59.95200000,574159
OFZ 26233,D1,2026-03-20,00:00:00,59.99100000,60.35400000,59.96500000,60.02600000,270778
OFZ 26233,D1,2026-03-23,00:00:00,60.14100000,60.14900000,59.60600000,59.77500000,262560
OFZ 26233,D1,2026-03-24,00:00:00,59.82400000,60.00100000,59.67000000,59.86800000,183031
OFZ 26233,D1,2026-03-25,00:00:00,59.86800000,59.99500000,59.70000000,59.93400000,207939
OFZ 26233,D1,2026-03-26,00:00:00,59.99300000,60.03700000,59.80100000,59.91900000,173898
OFZ 26233,D1,2026-03-27,00:00:00,59.93500000,60.00000000,59.76100000,59.80600000,109197
OFZ 26233,D1,2026-03-28,00:00:00,59.80600000,60.02800000,59.76000000,60.00300000,19215
OFZ 26233,D1,2026-03-29,00:00:00,60.09800000,60.09800000,59.86000000,59.92100000,13245
OFZ 26233,D1,2026-03-30,00:00:00,59.80600000,60.09800000,59.38100000,59.41300000,437958
OFZ 26233,D1,2026-03-31,00:00:00,59.53900000,59.66300000,59.22000000,59.64800000,450420
OFZ 26233,D1,2026-04-01,00:00:00,59.64800000,59.89400000,59.45700000,59.79900000,592718
OFZ 26233,D1,2026-04-02,00:00:00,59.67000000,59.88900000,59.40000000,59.48900000,248161
OFZ 26233,D1,2026-04-03,00:00:00,59.59300000,59.59600000,59.27100000,59.45100000,2646942
OFZ 26233,D1,2026-04-04,00:00:00,59.53000000,59.69600000,59.45100000,59.62800000,17430
OFZ 26233,D1,2026-04-05,00:00:00,59.57000000,59.66100000,59.50500000,59.61000000,19318
OFZ 26233,D1,2026-04-06,00:00:00,59.53000000,59.70000000,59.40000000,59.57000000,371632
OFZ 26233,D1,2026-04-07,00:00:00,59.57000000,59.68000000,59.34300000,59.60300000,170899
OFZ 26233,D1,2026-04-08,00:00:00,59.61000000,59.90200000,59.38100000,59.59700000,373267
OFZ 26233,D1,2026-04-09,00:00:00,59.59700000,59.65000000,59.34200000,59.47900000,220924
OFZ 26233,D1,2026-04-10,00:00:00,59.55000000,59.80700000,59.43100000,59.67300000,189978
OFZ 26233,D1,2026-04-11,00:00:00,59.67300000,59.93900000,59.60500000,59.76600000,18998
OFZ 26233,D1,2026-04-12,00:00:00,59.82400000,59.82600000,59.65400000,59.82300000,23265
OFZ 26233,D1,2026-04-13,00:00:00,59.67300000,59.93900000,59.45000000,59.53600000,165920
OFZ 26233,D1,2026-04-14,00:00:00,59.47000000,59.70000000,59.47000000,59.67600000,282395
OFZ 26233,D1,2026-04-15,00:00:00,59.67700000,60.36600000,59.54800000,60.31500000,155532
OFZ 26233,D1,2026-04-16,00:00:00,60.25100000,60.49000000,60.24800000,60.49000000,995120
OFZ 26233,D1,2026-04-17,00:00:00,60.49000000,60.64300000,60.43100000,60.55400000,142856
OFZ 26233,D1,2026-04-18,00:00:00,60.58700000,60.67800000,60.55400000,60.67800000,25833
OFZ 26233,D1,2026-04-19,00:00:00,60.67600000,60.85700000,60.58900000,60.85300000,53898
OFZ 26233,D1,2026-04-20,00:00:00,60.58700000,60.86300000,60.31500000,60.50000000,1703382
OFZ 26233,D1,2026-04-21,00:00:00,60.55000000,60.59600000,60.32500000,60.49200000,932423
OFZ 26233,D1,2026-04-22,00:00:00,60.49200000,60.93500000,60.39700000,60.77100000,628683
OFZ 26233,D1,2026-04-23,00:00:00,60.77100000,60.94100000,60.44800000,60.63500000,1600156
OFZ 26233,D1,2026-04-24,00:00:00,60.66300000,60.81300000,60.05000000,60.11200000,1431226
OFZ 26233,D1,2026-04-25,00:00:00,60.14000000,60.19900000,60.10000000,60.15000000,35852
OFZ 26233,D1,2026-04-26,00:00:00,60.19700000,60.35000000,60.15200000,60.26100000,27009
OFZ 26233,D1,2026-04-27,00:00:00,60.14000000,60.36500000,59.92400000,60.06600000,1579715
OFZ 26233,D1,2026-04-28,00:00:00,60.12000000,60.15800000,59.90700000,59.98800000,152838
OFZ 26233,D1,2026-04-29,00:00:00,59.95400000,60.14000000,59.90000000,60.07900000,178099
OFZ 26233,D1,2026-04-30,00:00:00,60.08200000,60.16000000,59.99900000,60.11400000,652177
OFZ 26233,D1,2026-05-02,00:00:00,60.16900000,60.22800000,60.14100000,60.22000000,27104
OFZ 26233,D1,2026-05-03,00:00:00,60.23700000,60.25100000,60.17500000,60.23600000,25332
OFZ 26233,D1,2026-05-04,00:00:00,60.12400000,60.27700000,60.00000000,60.07800000,224112
OFZ 26233,D1,2026-05-05,00:00:00,60.07800000,60.19000000,59.95200000,60.05100000,146826
OFZ 26233,D1,2026-05-06,00:00:00,60.10000000,60.16900000,59.88300000,60.14700000,315053
OFZ 26233,D1,2026-05-07,00:00:00,60.14700000,60.15000000,59.87500000,60.01000000,196460
OFZ 26233,D1,2026-05-08,00:00:00,60.01000000,60.11600000,59.85000000,60.04500000,145156
OFZ 26233,D1,2026-05-11,00:00:00,60.04500000,60.26700000,59.93200000,60.25800000,57360
OFZ 26233,D1,2026-05-12,00:00:00,60.26700000,60.32100000,59.94400000,60.07300000,301379
OFZ 26233,D1,2026-05-13,00:00:00,60.14600000,60.16100000,59.79300000,59.96300000,419270
OFZ 26233,D1,2026-05-14,00:00:00,59.96300000,60.01900000,59.67800000,59.89000000,124401
OFZ 26233,D1,2026-05-15,00:00:00,59.80000000,59.90500000,59.66000000,59.78000000,234023
OFZ 26233,D1,2026-05-16,00:00:00,59.92000000,60.00000000,59.71200000,59.87700000,31274
OFZ 26233,D1,2026-05-17,00:00:00,59.87700000,60.00000000,59.82000000,59.88600000,16593
OFZ 26233,D1,2026-05-18,00:00:00,59.92000000,60.00000000,59.71200000,59.83600000,779257
OFZ 26233,D1,2026-05-19,00:00:00,59.83000000,59.89000000,59.66000000,59.81200000,84546
OFZ 26233,D1,2026-05-20,00:00:00,59.81200000,60.04000000,59.73600000,59.90900000,118932
OFZ 26233,D1,2026-05-21,00:00:00,59.99800000,59.99800000,59.81100000,59.98700000,95952
OFZ 26233,D1,2026-05-22,00:00:00,59.99200000,60.00000000,59.80000000,59.87900000,175691
OFZ 26233,D1,2026-05-23,00:00:00,59.87900000,59.90000000,59.79400000,59.88500000,25764
OFZ 26233,D1,2026-05-24,00:00:00,59.88500000,59.94300000,59.77400000,59.93100000,18217
OFZ 26233,D1,2026-05-25,00:00:00,59.87900000,60.00000000,59.67000000,59.81500000,227993
OFZ 26233,D1,2026-05-26,00:00:00,59.82000000,59.89500000,59.49900000,59.61000000,238125
OFZ 26233,D1,2026-05-27,00:00:00,59.60700000,59.61000000,59.44900000,59.53600000,146005
OFZ 26233,D1,2026-05-28,00:00:00,59.54000000,59.67300000,59.46400000,59.61700000,157282
OFZ 26233,D1,2026-05-29,00:00:00,59.62000000,59.72900000,59.41300000,59.62400000,98406
OFZ 26233,D1,2026-05-30,00:00:00,59.70000000,59.70000000,59.52900000,59.65400000,18318
OFZ 26233,D1,2026-05-31,00:00:00,59.62400000,59.70000000,59.60000000,59.70000000,23980
OFZ 26233,MN1,2025-12-31,00:00:00,58.59800000,60.36800000,58.20000000,59.49500000,10229698
OFZ 26233,MN1,2026-01-31,00:00:00,59.52300000,59.83700000,58.15400000,58.48500000,5885617
OFZ 26233,MN1,2026-02-28,00:00:00,58.52700000,60.19800000,57.43400000,59.44800000,9941568
OFZ 26233,MN1,2026-03-31,00:00:00,59.49900000,60.65000000,58.85200000,59.64800000,9202561
OFZ 26233,MN1,2026-04-30,00:00:00,59.64800000,60.94100000,59.27100000,60.11400000,15636646
OFZ 26233,W1,2025-12-07,00:00:00,58.59800000,59.78900000,58.20000000,59.74600000,2814629
OFZ 26233,W1,2025-12-14,00:00:00,59.74600000,59.99900000,59.25000000,59.77000000,1881660
OFZ 26233,W1,2025-12-21,00:00:00,59.77000000,60.36800000,59.45500000,59.88300000,1680748
OFZ 26233,W1,2025-12-28,00:00:00,59.88300000,60.10800000,58.39900000,58.73500000,3303013
OFZ 26233,W1,2026-01-04,00:00:00,58.73600000,59.50800000,58.60100000,59.49500000,549648
OFZ 26233,W1,2026-01-11,00:00:00,59.52300000,59.83700000,59.21500000,59.63700000,314563
OFZ 26233,W1,2026-01-18,00:00:00,59.63700000,59.72600000,58.15400000,58.59000000,2668329
OFZ 26233,W1,2026-01-25,00:00:00,58.59000000,59.02500000,58.24000000,58.57700000,1623991
OFZ 26233,W1,2026-02-01,00:00:00,58.57700000,58.74300000,58.20000000,58.48500000,1278734
OFZ 26233,W1,2026-02-08,00:00:00,58.52700000,58.84900000,57.72200000,58.22500000,2903766
OFZ 26233,W1,2026-02-15,00:00:00,58.22500000,59.32600000,57.43400000,59.10200000,2738192
OFZ 26233,W1,2026-02-22,00:00:00,59.12000000,60.19800000,59.00300000,59.56900000,1837093
OFZ 26233,W1,2026-03-01,00:00:00,59.56800000,59.75000000,59.00100000,59.44800000,2462517
OFZ 26233,W1,2026-03-08,00:00:00,59.49900000,60.65000000,58.85200000,59.05400000,3031630
OFZ 26233,W1,2026-03-15,00:00:00,59.05400000,60.18900000,58.95100000,60.12500000,2577413
OFZ 26233,W1,2026-03-22,00:00:00,60.12500000,60.35600000,59.60100000,60.02600000,1736055
OFZ 26233,W1,2026-03-29,00:00:00,60.14100000,60.14900000,59.60600000,59.92100000,969085
OFZ 26233,W1,2026-04-05,00:00:00,59.80600000,60.09800000,59.22000000,59.61000000,4412947
OFZ 26233,W1,2026-04-12,00:00:00,59.53000000,59.93900000,59.34200000,59.82300000,1368963
OFZ 26233,W1,2026-04-19,00:00:00,59.67300000,60.85700000,59.45000000,60.85300000,1821554
OFZ 26233,W1,2026-04-26,00:00:00,60.58700000,60.94100000,60.05000000,60.26100000,6358731
OFZ 26233,W1,2026-05-03,00:00:00,60.14000000,60.36500000,59.90000000,60.23600000,2615265
OFZ 26233,W1,2026-05-10,00:00:00,60.12400000,60.27700000,59.85000000,60.04500000,1027607
OFZ 26233,W1,2026-05-17,00:00:00,60.04500000,60.32100000,59.66000000,59.88600000,1184300
OFZ 26233,W1,2026-05-24,00:00:00,59.92000000,60.04000000,59.66000000,59.93100000,1298359
OFZ 26235,D1,2025-12-01,00:00:00,70.15100000,70.31700000,69.65000000,70.15200000,44059
OFZ 26235,D1,2025-12-02,00:00:00,69.97700000,70.32000000,69.96600000,70.26500000,121485
OFZ 26235,D1,2025-12-03,00:00:00,70.29400000,70.77300000,69.74400000,70.55000000,373227
OFZ 26235,D1,2025-12-04,00:00:00,70.58200000,71.19300000,70.36100000,71.19300000,78294
OFZ 26235,D1,2025-12-05,00:00:00,71.19300000,71.27200000,70.69900000,71.03700000,711048
OFZ 26235,D1,2025-12-08,00:00:00,71.19200000,71.19300000,70.50000000,70.97400000,275496
OFZ 26235,D1,2025-12-09,00:00:00,71.08300000,71.08700000,70.80000000,71.06800000,757347
OFZ 26235,D1,2025-12-10,00:00:00,71.07200000,71.19000000,70.77900000,71.18000000,785885
OFZ 26235,D1,2025-12-11,00:00:00,71.18900000,71.87100000,70.91500000,71.58700000,87435
OFZ 26235,D1,2025-12-12,00:00:00,71.49500000,72.29800000,71.33300000,71.57200000,103798
OFZ 26235,D1,2025-12-15,00:00:00,71.56000000,72.26900000,71.40000000,71.85300000,62607
OFZ 26235,D1,2025-12-16,00:00:00,71.71900000,71.96500000,71.32100000,71.49500000,90493
OFZ 26235,D1,2025-12-17,00:00:00,71.50000000,72.00000000,71.04600000,71.70000000,84823
OFZ 26235,D1,2025-12-18,00:00:00,71.93700000,71.99800000,71.67000000,71.89400000,145071
OFZ 26235,D1,2025-12-19,00:00:00,71.91400000,72.00000000,70.79700000,71.46500000,227489
OFZ 26235,D1,2025-12-22,00:00:00,71.67700000,71.74000000,71.15000000,71.15000000,162692
OFZ 26235,D1,2025-12-23,00:00:00,71.28800000,71.28900000,70.70000000,71.12900000,28096
OFZ 26235,D1,2025-12-24,00:00:00,71.13700000,71.65500000,71.00000000,71.23300000,102103
OFZ 26235,D1,2025-12-25,00:00:00,71.27500000,71.46200000,70.91000000,71.08000000,19069
OFZ 26235,D1,2025-12-26,00:00:00,71.10600000,71.18000000,70.90500000,71.04900000,87888
OFZ 26235,D1,2025-12-29,00:00:00,71.14200000,71.66100000,71.00100000,71.19900000,39983
OFZ 26235,D1,2025-12-30,00:00:00,71.21800000,72.39600000,71.17100000,71.95900000,63122
OFZ 26235,D1,2026-01-05,00:00:00,72.24400000,72.99200000,71.62600000,72.19800000,9633
OFZ 26235,D1,2026-01-06,00:00:00,72.22300000,72.68000000,71.99000000,72.23700000,14130
OFZ 26235,D1,2026-01-08,00:00:00,72.32500000,72.48500000,71.67500000,71.96500000,7549
OFZ 26235,D1,2026-01-09,00:00:00,71.96600000,72.02100000,71.71500000,71.84200000,4619
OFZ 26235,D1,2026-01-12,00:00:00,72.14700000,72.14700000,70.82800000,71.45100000,715397
OFZ 26235,D1,2026-01-13,00:00:00,71.56700000,72.23600000,70.99700000,71.29300000,45878
OFZ 26235,D1,2026-01-14,00:00:00,71.38800000,71.99000000,70.98700000,71.14000000,17367
OFZ 26235,D1,2026-01-15,00:00:00,71.21600000,71.34200000,70.93400000,71.20000000,250779
OFZ 26235,D1,2026-01-16,00:00:00,71.62400000,71.75000000,71.20000000,71.54200000,30444
OFZ 26235,D1,2026-01-19,00:00:00,71.54200000,71.59900000,71.16700000,71.33500000,21490
OFZ 26235,D1,2026-01-20,00:00:00,71.39800000,71.40000000,70.80500000,70.80500000,45972
OFZ 26235,D1,2026-01-21,00:00:00,70.93700000,71.18300000,70.33700000,70.38000000,72575
OFZ 26235,D1,2026-01-22,00:00:00,70.49700000,71.10000000,70.38000000,70.91500000,255963
OFZ 26235,D1,2026-01-23,00:00:00,71.09200000,71.42800000,70.70400000,71.20100000,42320
OFZ 26235,D1,2026-01-26,00:00:00,71.31000000,71.42700000,70.39300000,70.59600000,639777
OFZ 26235,D1,2026-01-27,00:00:00,70.85500000,70.85600000,69.89900000,70.20100000,1315588
OFZ 26235,D1,2026-01-28,00:00:00,70.24000000,71.00000000,69.92700000,70.46700000,2279014
OFZ 26235,D1,2026-01-29,00:00:00,70.78800000,71.27300000,69.96500000,70.95000000,320279
OFZ 26235,D1,2026-01-30,00:00:00,71.08700000,71.22300000,70.39900000,70.60300000,149166
OFZ 26235,D1,2026-02-02,00:00:00,70.72200000,70.99900000,70.00000000,70.99300000,47927
OFZ 26235,D1,2026-02-03,00:00:00,70.68200000,70.99300000,70.25000000,70.53300000,372178
OFZ 26235,D1,2026-02-04,00:00:00,70.60200000,71.00100000,70.40200000,70.95900000,1646130
OFZ 26235,D1,2026-02-05,00:00:00,70.96600000,71.10000000,70.55900000,70.65100000,43881
OFZ 26235,D1,2026-02-06,00:00:00,70.68700000,70.98900000,70.04400000,70.36800000,917009
OFZ 26235,D1,2026-02-09,00:00:00,70.53900000,70.99000000,70.00600000,70.31600000,90956
OFZ 26235,D1,2026-02-10,00:00:00,70.59000000,70.93700000,69.90000000,70.19800000,659340
OFZ 26235,D1,2026-02-11,00:00:00,70.99900000,70.99900000,69.95000000,70.79000000,412436
OFZ 26235,D1,2026-02-12,00:00:00,70.67100000,70.88800000,70.40100000,70.47100000,412118
OFZ 26235,D1,2026-02-13,00:00:00,70.68700000,71.50000000,70.41800000,71.33900000,39050
OFZ 26235,D1,2026-02-16,00:00:00,71.31700000,71.97600000,71.11000000,71.40800000,63409
OFZ 26235,D1,2026-02-17,00:00:00,71.55600000,71.74200000,71.28600000,71.73200000,36845
OFZ 26235,D1,2026-02-18,00:00:00,71.74300000,71.99400000,71.60100000,71.87200000,167559
OFZ 26235,D1,2026-02-19,00:00:00,72.00000000,72.17200000,71.70000000,71.76900000,186902
OFZ 26235,D1,2026-02-20,00:00:00,71.80600000,72.13500000,71.64000000,72.03800000,59921
OFZ 26235,D1,2026-02-24,00:00:00,72.03800000,72.21600000,71.69700000,71.83700000,78638
OFZ 26235,D1,2026-02-25,00:00:00,72.01300000,72.01400000,71.63100000,71.75600000,78582
OFZ 26235,D1,2026-02-26,00:00:00,72.01500000,72.20000000,71.41100000,71.41200000,78835
OFZ 26235,D1,2026-02-27,00:00:00,71.63900000,72.26600000,71.19100000,71.76000000,71203
OFZ 26235,D1,2026-03-02,00:00:00,72.00000000,72.25000000,71.12300000,71.90000000,132500
OFZ 26235,D1,2026-03-03,00:00:00,71.75500000,72.07500000,71.56400000,71.74700000,158022
OFZ 26235,D1,2026-03-04,00:00:00,71.85100000,72.10000000,71.53700000,71.63600000,205936
OFZ 26235,D1,2026-03-05,00:00:00,71.77900000,71.82000000,71.59700000,71.66900000,142156
OFZ 26235,D1,2026-03-06,00:00:00,71.79900000,71.82500000,71.61200000,71.65000000,62828
OFZ 26235,D1,2026-03-09,00:00:00,71.77700000,72.15000000,71.65000000,72.03800000,16192
OFZ 26235,D1,2026-03-10,00:00:00,71.87700000,72.35500000,71.77900000,72.13900000,164939
OFZ 26235,D1,2026-03-11,00:00:00,72.18900000,72.46500000,71.80000000,71.99200000,42544
OFZ 26235,D1,2026-03-12,00:00:00,72.08100000,73.14200000,71.90000000,72.99800000,131362
OFZ 26235,D1,2026-03-13,00:00:00,72.80000000,73.69000000,72.80000000,73.32400000,103628
OFZ 26235,D1,2026-03-16,00:00:00,73.40000000,73.90000000,73.15100000,73.44000000,84948
OFZ 26235,D1,2026-03-17,00:00:00,73.59600000,73.75000000,73.21000000,73.47200000,21130
OFZ 26235,D1,2026-03-18,00:00:00,73.26800000,73.60000000,73.23800000,73.39700000,105421
OFZ 26235,D1,2026-03-19,00:00:00,73.30000000,73.56000000,73.01600000,73.36400000,102311
OFZ 26235,D1,2026-03-20,00:00:00,73.46000000,73.82000000,73.05000000,73.37300000,58081
OFZ 26235,D1,2026-03-23,00:00:00,73.39000000,73.47500000,72.83300000,73.23000000,233781
OFZ 26235,D1,2026-03-24,00:00:00,73.03500000,73.59200000,73.03500000,73.54300000,40155
OFZ 26235,D1,2026-03-25,00:00:00,73.54300000,73.60000000,73.26000000,73.39800000,25641
OFZ 26235,D1,2026-03-26,00:00:00,73.48000000,73.49100000,73.21000000,73.42200000,21726
OFZ 26235,D1,2026-03-27,00:00:00,73.43200000,73.51900000,72.55100000,72.95700000,127346
OFZ 26235,D1,2026-03-28,00:00:00,73.00000000,73.00000000,72.60000000,72.96800000,1773
OFZ 26235,D1,2026-03-29,00:00:00,72.96700000,73.00000000,72.75700000,72.95700000,2451
OFZ 26235,D1,2026-03-30,00:00:00,73.00000000,73.07000000,72.56500000,72.95900000,74290
OFZ 26235,D1,2026-03-31,00:00:00,73.09800000,73.16100000,72.74000000,73.16100000,63306
OFZ 26235,D1,2026-04-01,00:00:00,73.07900000,73.36300000,72.95700000,73.20100000,51947
OFZ 26235,D1,2026-04-02,00:00:00,73.00300000,73.35700000,72.99100000,73.18600000,64764
OFZ 26235,D1,2026-04-03,00:00:00,73.22000000,73.36100000,72.94000000,73.14000000,55325
OFZ 26235,D1,2026-04-04,00:00:00,73.02500000,73.44000000,73.02500000,73.23600000,1265
OFZ 26235,D1,2026-04-05,00:00:00,73.39900000,73.39900000,73.10000000,73.22100000,1937
OFZ 26235,D1,2026-04-06,00:00:00,73.02500000,73.44000000,73.01800000,73.25700000,45988
OFZ 26235,D1,2026-04-07,00:00:00,73.24000000,73.42800000,72.65000000,72.74900000,744468
OFZ 26235,D1,2026-04-08,00:00:00,72.75000000,72.90000000,72.65000000,72.73700000,1406913
OFZ 26235,D1,2026-04-09,00:00:00,72.75000000,73.00000000,72.67000000,72.81100000,1935931
OFZ 26235,D1,2026-04-10,00:00:00,72.81100000,73.35000000,72.80000000,73.34800000,1986869
OFZ 26235,D1,2026-04-11,00:00:00,73.30000000,73.46500000,73.30000000,73.46500000,1911
OFZ 26235,D1,2026-04-12,00:00:00,73.46500000,73.46600000,73.30600000,73.30600000,1152
OFZ 26235,D1,2026-04-13,00:00:00,73.30000000,73.46600000,73.01600000,73.10000000,239205
OFZ 26235,D1,2026-04-14,00:00:00,73.29900000,73.30000000,72.91900000,73.11900000,449237
OFZ 26235,D1,2026-04-15,00:00:00,73.19900000,73.85100000,72.99400000,73.79300000,1408071
OFZ 26235,D1,2026-04-16,00:00:00,73.79000000,73.81400000,73.50000000,73.64900000,1059898
OFZ 26235,D1,2026-04-17,00:00:00,73.43300000,73.69700000,73.25000000,73.65700000,34319
OFZ 26235,D1,2026-04-18,00:00:00,73.69400000,73.81200000,73.50500000,73.80700000,1675
OFZ 26235,D1,2026-04-19,00:00:00,73.81300000,73.81300000,73.60600000,73.79000000,2382
OFZ 26235,D1,2026-04-20,00:00:00,73.69400000,73.91100000,73.50500000,73.91000000,967007
OFZ 26235,D1,2026-04-21,00:00:00,73.93000000,74.28600000,73.84000000,74.26900000,665836
OFZ 26235,D1,2026-04-22,00:00:00,74.26900000,74.95900000,74.20000000,74.87600000,417135
OFZ 26235,D1,2026-04-23,00:00:00,74.98900000,75.00800000,74.54300000,74.62500000,377670
OFZ 26235,D1,2026-04-24,00:00:00,75.00000000,75.00000000,72.99500000,73.42000000,492460
OFZ 26235,D1,2026-04-25,00:00:00,73.41900000,73.86000000,73.41900000,73.63600000,2128
OFZ 26235,D1,2026-04-26,00:00:00,73.70200000,73.84900000,73.50500000,73.64600000,2972
OFZ 26235,D1,2026-04-27,00:00:00,73.41900000,73.86000000,73.41900000,73.54000000,698379
OFZ 26235,D1,2026-04-28,00:00:00,73.59000000,73.84000000,73.29700000,73.30700000,45158
OFZ 26235,D1,2026-04-29,00:00:00,73.40000000,73.50000000,73.25500000,73.36500000,65332
OFZ 26235,D1,2026-04-30,00:00:00,73.30900000,73.95000000,73.30900000,73.70000000,50885
OFZ 26235,D1,2026-05-02,00:00:00,73.46800000,73.94700000,73.46800000,73.91000000,7725
OFZ 26235,D1,2026-05-03,00:00:00,73.94800000,73.99000000,73.66100000,73.92300000,1449
OFZ 26235,D1,2026-05-04,00:00:00,73.79900000,74.15000000,73.46800000,73.64500000,65893
OFZ 26235,D1,2026-05-05,00:00:00,73.80000000,73.94700000,73.08300000,73.20800000,1031988
OFZ 26235,D1,2026-05-06,00:00:00,73.20800000,73.30900000,73.08200000,73.12700000,995677
OFZ 26235,D1,2026-05-07,00:00:00,73.29900000,73.30000000,73.02300000,73.18800000,2469835
OFZ 26235,D1,2026-05-08,00:00:00,73.24000000,73.39400000,72.98500000,73.18000000,903547
OFZ 26235,D1,2026-05-11,00:00:00,73.20000000,73.44900000,73.00300000,73.40100000,14013
OFZ 26235,D1,2026-05-12,00:00:00,73.40000000,73.41200000,73.12800000,73.24400000,515055
OFZ 26235,D1,2026-05-13,00:00:00,73.39300000,73.39300000,73.00000000,73.14000000,194840
OFZ 26235,D1,2026-05-14,00:00:00,73.10000000,73.37000000,73.05400000,73.27500000,144608
OFZ 26235,D1,2026-05-15,00:00:00,73.27500000,73.48200000,73.07000000,73.25700000,95095
OFZ 26235,D1,2026-05-16,00:00:00,73.25700000,73.39800000,73.19300000,73.37900000,2217
OFZ 26235,D1,2026-05-17,00:00:00,73.37900000,73.37900000,73.23100000,73.34500000,1771
OFZ 26235,D1,2026-05-18,00:00:00,73.25700000,73.46000000,73.19000000,73.26200000,137770
OFZ 26235,D1,2026-05-19,00:00:00,73.36700000,73.36700000,73.02900000,73.16700000,114069
OFZ 26235,D1,2026-05-20,00:00:00,73.30000000,73.40000000,72.99900000,73.24300000,217589
OFZ 26235,D1,2026-05-21,00:00:00,73.35300000,73.35300000,73.17400000,73.29900000,30097
OFZ 26235,D1,2026-05-22,00:00:00,73.38100000,73.40900000,73.18700000,73.20600000,298187
OFZ 26235,D1,2026-05-23,00:00:00,73.18700000,73.36900000,73.18600000,73.30300000,611
OFZ 26235,D1,2026-05-24,00:00:00,73.38000000,73.38000000,73.20100000,73.30600000,2509
OFZ 26235,D1,2026-05-25,00:00:00,73.18700000,73.39700000,72.91000000,73.09800000,137312
OFZ 26235,D1,2026-05-26,00:00:00,73.19900000,73.20000000,72.96200000,73.12400000,583527
OFZ 26235,D1,2026-05-27,00:00:00,73.00000000,73.27500000,72.93300000,73.03800000,67178
OFZ 26235,D1,2026-05-28,00:00:00,73.24100000,73.29500000,73.00100000,73.21300000,456531
OFZ 26235,D1,2026-05-29,00:00:00,73.29700000,73.29700000,73.00000000,73.22800000,167945
OFZ 26235,D1,2026-05-30,00:00:00,73.28900000,73.28900000,73.10000000,73.23800000,2624
OFZ 26235,D1,2026-05-31,00:00:00,73.23800000,73.28800000,73.11200000,73.26500000,1469
OFZ 26235,MN1,2025-12-31,00:00:00,70.15100000,72.39600000,69.65000000,71.95900000,4451510
OFZ 26235,MN1,2026-01-31,00:00:00,72.24400000,72.99200000,69.89900000,70.60300000,6237940
OFZ 26235,MN1,2026-02-28,00:00:00,70.72200000,72.26600000,69.90000000,71.76000000,5462919
OFZ 26235,MN1,2026-03-31,00:00:00,72.00000000,73.90000000,71.12300000,73.16100000,2122467
OFZ 26235,MN1,2026-04-30,00:00:00,73.07900000,75.00800000,72.65000000,73.70000000,13278219
OFZ 26235,W1,2025-12-07,00:00:00,70.15100000,71.27200000,69.65000000,71.03700000,1328113
OFZ 26235,W1,2025-12-14,00:00:00,71.19200000,72.29800000,70.50000000,71.57200000,2009961
OFZ 26235,W1,2025-12-21,00:00:00,71.56000000,72.26900000,70.79700000,71.46500000,610483
OFZ 26235,W1,2025-12-28,00:00:00,71.67700000,71.74000000,70.70000000,71.04900000,399848
OFZ 26235,W1,2026-01-04,00:00:00,71.14200000,72.39600000,71.00100000,71.95900000,103105
OFZ 26235,W1,2026-01-11,00:00:00,72.24400000,72.99200000,71.62600000,71.84200000,35931
OFZ 26235,W1,2026-01-18,00:00:00,72.14700000,72.23600000,70.82800000,71.54200000,1059865
OFZ 26235,W1,2026-01-25,00:00:00,71.54200000,71.59900000,70.33700000,71.20100000,438320
OFZ 26235,W1,2026-02-01,00:00:00,71.31000000,71.42700000,69.89900000,70.60300000,4703824
OFZ 26235,W1,2026-02-08,00:00:00,70.72200000,71.10000000,70.00000000,70.36800000,3027125
OFZ 26235,W1,2026-02-15,00:00:00,70.53900000,71.50000000,69.90000000,71.33900000,1613900
OFZ 26235,W1,2026-02-22,00:00:00,71.31700000,72.17200000,71.11000000,72.03800000,514636
OFZ 26235,W1,2026-03-01,00:00:00,72.03800000,72.26600000,71.19100000,71.76000000,307258
OFZ 26235,W1,2026-03-08,00:00:00,72.00000000,72.25000000,71.12300000,71.65000000,701442
OFZ 26235,W1,2026-03-15,00:00:00,71.77700000,73.69000000,71.65000000,73.32400000,458665
OFZ 26235,W1,2026-03-22,00:00:00,73.40000000,73.90000000,73.01600000,73.37300000,371891
OFZ 26235,W1,2026-03-29,00:00:00,73.39000000,73.60000000,72.55100000,72.95700000,452873
OFZ 26235,W1,2026-04-05,00:00:00,73.00000000,73.44000000,72.56500000,73.22100000,312834
OFZ 26235,W1,2026-04-12,00:00:00,73.02500000,73.46600000,72.65000000,73.30600000,6123232
OFZ 26235,W1,2026-04-19,00:00:00,73.30000000,73.85100000,72.91900000,73.79000000,3194787
OFZ 26235,W1,2026-04-26,00:00:00,73.69400000,75.00800000,72.99500000,73.64600000,2925208
OFZ 26235,W1,2026-05-03,00:00:00,73.41900000,73.99000000,73.25500000,73.92300000,868928
OFZ 26235,W1,2026-05-10,00:00:00,73.79900000,74.15000000,72.98500000,73.18000000,5466940
OFZ 26235,W1,2026-05-17,00:00:00,73.20000000,73.48200000,73.00000000,73.34500000,967599
OFZ 26235,W1,2026-05-24,00:00:00,73.25700000,73.46000000,72.99900000,73.30600000,800832
OFZ 26236,D1,2025-12-01,00:00:00,83.40000000,83.40000000,82.80600000,83.22600000,46369
OFZ 26236,D1,2025-12-02,00:00:00,83.30700000,83.55000000,83.15400000,83.49600000,169357
OFZ 26236,D1,2025-12-03,00:00:00,83.49900000,83.90900000,83.30400000,83.89600000,94464
OFZ 26236,D1,2025-12-04,00:00:00,83.68800000,83.90000000,83.30000000,83.65100000,618647
OFZ 26236,D1,2025-12-05,00:00:00,83.70000000,84.03400000,83.51100000,83.95800000,84782
OFZ 26236,D1,2025-12-08,00:00:00,84.03600000,84.08400000,83.70300000,83.98900000,332030
OFZ 26236,D1,2025-12-09,00:00:00,84.04800000,84.04800000,83.85200000,83.95000000,288053
OFZ 26236,D1,2025-12-10,00:00:00,83.80800000,84.25000000,83.80500000,84.24200000,332221
OFZ 26236,D1,2025-12-11,00:00:00,84.21000000,84.59500000,83.83400000,84.19300000,133003
OFZ 26236,D1,2025-12-12,00:00:00,84.19400000,84.45000000,84.02400000,84.45000000,72415
OFZ 26236,D1,2025-12-15,00:00:00,84.46400000,84.55000000,84.30000000,84.47900000,108670
OFZ 26236,D1,2025-12-16,00:00:00,84.50200000,84.60000000,84.32000000,84.50400000,22551
OFZ 26236,D1,2025-12-17,00:00:00,84.54200000,84.65000000,83.67000000,84.64900000,70193
OFZ 26236,D1,2025-12-18,00:00:00,84.33800000,84.67000000,84.05800000,84.60000000,16918
OFZ 26236,D1,2025-12-19,00:00:00,84.65900000,84.67200000,83.58400000,84.26500000,102844
OFZ 26236,D1,2025-12-22,00:00:00,84.09000000,84.26500000,83.97100000,84.08400000,119875
OFZ 26236,D1,2025-12-23,00:00:00,84.15100000,84.20000000,83.90200000,84.10300000,51615
OFZ 26236,D1,2025-12-24,00:00:00,84.18900000,84.24100000,83.97000000,84.00300000,17461
OFZ 26236,D1,2025-12-25,00:00:00,84.09500000,84.15200000,83.71400000,84.00200000,115135
OFZ 26236,D1,2025-12-26,00:00:00,84.14700000,84.44300000,84.00000000,84.40800000,101907
OFZ 26236,D1,2025-12-29,00:00:00,84.40800000,84.68500000,83.99900000,84.32000000,211175
OFZ 26236,D1,2025-12-30,00:00:00,84.39200000,84.86700000,83.80000000,84.54400000,116078
OFZ 26236,D1,2026-01-05,00:00:00,84.54300000,84.98200000,84.20900000,84.66000000,14930
OFZ 26236,D1,2026-01-06,00:00:00,84.84500000,85.39700000,84.56600000,84.79900000,7982
OFZ 26236,D1,2026-01-08,00:00:00,84.90100000,84.90200000,84.59600000,84.72300000,4195
OFZ 26236,D1,2026-01-09,00:00:00,84.84800000,84.84800000,84.40200000,84.45900000,7464
OFZ 26236,D1,2026-01-12,00:00:00,84.53200000,84.62200000,84.20200000,84.21700000,68196
OFZ 26236,D1,2026-01-13,00:00:00,84.49500000,84.49500000,84.00000000,84.14000000,43648
OFZ 26236,D1,2026-01-14,00:00:00,84.03600000,84.30000000,83.91400000,84.18100000,114235
OFZ 26236,D1,2026-01-15,00:00:00,84.27300000,84.45300000,83.98000000,84.08600000,109466
OFZ 26236,D1,2026-01-16,00:00:00,83.93000000,84.59800000,83.81500000,84.57900000,166787
OFZ 26236,D1,2026-01-19,00:00:00,84.52000000,84.62300000,83.90000000,84.29000000,184950
OFZ 26236,D1,2026-01-20,00:00:00,84.29200000,84.56500000,84.13300000,84.30100000,159622
OFZ 26236,D1,2026-01-21,00:00:00,84.31200000,84.40000000,84.00200000,84.04800000,176148
OFZ 26236,D1,2026-01-22,00:00:00,84.03000000,84.37100000,83.80400000,84.04800000,218894
OFZ 26236,D1,2026-01-23,00:00:00,84.17400000,84.24900000,84.01400000,84.10500000,883503
OFZ 26236,D1,2026-01-26,00:00:00,84.51400000,84.56500000,83.86500000,83.93800000,303690
OFZ 26236,D1,2026-01-27,00:00:00,84.10500000,84.15300000,83.88000000,84.03300000,622107
OFZ 26236,D1,2026-01-28,00:00:00,84.20600000,84.20600000,83.90000000,84.14200000,97771
OFZ 26236,D1,2026-01-29,00:00:00,84.14200000,84.59400000,83.95800000,84.09800000,208401
OFZ 26236,D1,2026-01-30,00:00:00,84.38600000,84.38600000,83.80300000,84.11700000,22940
OFZ 26236,D1,2026-02-02,00:00:00,84.05900000,84.60000000,83.96300000,83.98900000,24391
OFZ 26236,D1,2026-02-03,00:00:00,84.11700000,84.56900000,83.98500000,84.35400000,37943
OFZ 26236,D1,2026-02-04,00:00:00,84.42600000,84.57300000,84.20000000,84.37600000,91807
OFZ 26236,D1,2026-02-05,00:00:00,84.45300000,84.45500000,84.00300000,84.14800000,149946
OFZ 26236,D1,2026-02-06,00:00:00,84.40200000,84.40200000,84.05100000,84.17400000,40307
OFZ 26236,D1,2026-02-09,00:00:00,84.17400000,84.58100000,84.00200000,84.25900000,150716
OFZ 26236,D1,2026-02-10,00:00:00,84.49900000,84.50000000,84.05000000,84.17400000,223788
OFZ 26236,D1,2026-02-11,00:00:00,84.44500000,84.54700000,84.05400000,84.33100000,161873
OFZ 26236,D1,2026-02-12,00:00:00,84.39800000,84.64900000,84.24900000,84.59900000,104926
OFZ 26236,D1,2026-02-13,00:00:00,84.57900000,85.53200000,84.37000000,84.69800000,139971
OFZ 26236,D1,2026-02-16,00:00:00,84.87000000,85.42300000,84.59600000,84.68000000,38734
OFZ 26236,D1,2026-02-17,00:00:00,84.68300000,85.20000000,84.51800000,85.16400000,63381
OFZ 26236,D1,2026-02-18,00:00:00,85.14600000,85.59300000,84.92800000,85.21700000,18915
OFZ 26236,D1,2026-02-19,00:00:00,85.10100000,85.62200000,84.80300000,85.50600000,108824
OFZ 26236,D1,2026-02-20,00:00:00,85.50600000,85.69000000,85.30100000,85.34900000,187337
OFZ 26236,D1,2026-02-24,00:00:00,85.44700000,85.69700000,85.27000000,85.51600000,41562
OFZ 26236,D1,2026-02-25,00:00:00,85.38400000,85.69900000,85.00000000,85.22100000,116315
OFZ 26236,D1,2026-02-26,00:00:00,85.35900000,85.43700000,84.85000000,84.85500000,65309
OFZ 26236,D1,2026-02-27,00:00:00,85.10000000,85.39300000,85.00000000,85.01200000,32788
OFZ 26236,D1,2026-03-02,00:00:00,85.01200000,85.34300000,84.70000000,85.33900000,165436
OFZ 26236,D1,2026-03-03,00:00:00,85.34400000,85.64900000,85.23100000,85.53200000,22070
OFZ 26236,D1,2026-03-04,00:00:00,85.53900000,85.70000000,85.46000000,85.53000000,11360
OFZ 26236,D1,2026-03-05,00:00:00,85.53100000,85.78000000,85.23100000,85.50500000,82749
OFZ 26236,D1,2026-03-06,00:00:00,85.66000000,85.97400000,85.50200000,85.55300000,23421
OFZ 26236,D1,2026-03-09,00:00:00,85.94100000,86.05600000,85.56000000,85.78900000,15046
OFZ 26236,D1,2026-03-10,00:00:00,85.94900000,85.96300000,85.58200000,85.82300000,21998
OFZ 26236,D1,2026-03-11,00:00:00,85.84200000,86.01000000,85.75700000,85.95100000,173864
OFZ 26236,D1,2026-03-12,00:00:00,85.94800000,86.14900000,85.70000000,86.14900000,94933
OFZ 26236,D1,2026-03-13,00:00:00,86.01900000,86.77200000,86.01900000,86.64700000,120367
OFZ 26236,D1,2026-03-16,00:00:00,87.00000000,87.00100000,86.23100000,86.36300000,101711
OFZ 26236,D1,2026-03-17,00:00:00,86.36300000,86.59900000,86.01800000,86.58100000,83400
OFZ 26236,D1,2026-03-18,00:00:00,86.49700000,86.76000000,86.40000000,86.53000000,19391
OFZ 26236,D1,2026-03-19,00:00:00,86.60000000,86.80000000,86.40300000,86.68400000,15936
OFZ 26236,D1,2026-03-20,00:00:00,86.75900000,87.49700000,86.47000000,86.89900000,824899
OFZ 26236,D1,2026-03-23,00:00:00,86.89900000,87.20000000,86.69000000,87.07100000,98476
OFZ 26236,D1,2026-03-24,00:00:00,87.15000000,87.15000000,86.80000000,87.05600000,1061547
OFZ 26236,D1,2026-03-25,00:00:00,87.00000000,87.29600000,86.87100000,87.04800000,39684
OFZ 26236,D1,2026-03-26,00:00:00,87.20000000,87.20000000,86.90000000,87.00200000,147272
OFZ 26236,D1,2026-03-27,00:00:00,87.17200000,87.19800000,86.80000000,86.88000000,62705
OFZ 26236,D1,2026-03-28,00:00:00,87.00000000,87.19000000,86.88000000,87.14600000,2076
OFZ 26236,D1,2026-03-29,00:00:00,86.93600000,87.19700000,86.93600000,86.95000000,2124
OFZ 26236,D1,2026-03-30,00:00:00,87.00000000,87.19800000,86.80000000,86.90300000,159972
OFZ 26236,D1,2026-03-31,00:00:00,87.00000000,87.00000000,86.86900000,86.87800000,136572
OFZ 26236,D1,2026-04-01,00:00:00,86.95000000,87.19900000,86.85100000,87.08800000,37089
OFZ 26236,D1,2026-04-02,00:00:00,87.20000000,87.20000000,86.90000000,87.03900000,136683
OFZ 26236,D1,2026-04-03,00:00:00,86.99100000,87.15000000,86.87900000,87.14400000,227420
OFZ 26236,D1,2026-04-04,00:00:00,87.20000000,87.20000000,86.92100000,87.05400000,3399
OFZ 26236,D1,2026-04-05,00:00:00,87.19900000,87.24200000,86.93500000,87.20000000,2011
OFZ 26236,D1,2026-04-06,00:00:00,87.20000000,87.25700000,86.92100000,86.99200000,32862
OFZ 26236,D1,2026-04-07,00:00:00,87.01800000,87.29900000,86.93300000,87.12500000,115698
OFZ 26236,D1,2026-04-08,00:00:00,87.20000000,87.20000000,86.99400000,87.19900000,56447
OFZ 26236,D1,2026-04-09,00:00:00,87.16000000,87.29900000,86.65800000,86.98000000,64504
OFZ 26236,D1,2026-04-10,00:00:00,87.20000000,87.29200000,86.98100000,87.29000000,214334
OFZ 26236,D1,2026-04-11,00:00:00,87.26900000,87.30000000,87.02200000,87.15300000,1831
OFZ 26236,D1,2026-04-12,00:00:00,87.29900000,87.40000000,87.03500000,87.40000000,2934
OFZ 26236,D1,2026-04-13,00:00:00,87.26900000,87.50000000,87.02200000,87.27800000,28251
OFZ 26236,D1,2026-04-14,00:00:00,87.35000000,87.50000000,87.14200000,87.33700000,36843
OFZ 26236,D1,2026-04-15,00:00:00,87.40000000,87.60000000,87.10300000,87.59900000,58181
OFZ 26236,D1,2026-04-16,00:00:00,87.60000000,87.77500000,87.05800000,87.27000000,129689
OFZ 26236,D1,2026-04-17,00:00:00,87.27600000,87.35000000,87.10100000,87.34800000,55452
OFZ 26236,D1,2026-04-18,00:00:00,87.40000000,87.64900000,87.33000000,87.57400000,2685
OFZ 26236,D1,2026-04-19,00:00:00,87.57300000,87.59500000,87.15200000,87.45000000,6458
OFZ 26236,D1,2026-04-20,00:00:00,87.40000000,87.69800000,87.15200000,87.67400000,142042
OFZ 26236,D1,2026-04-21,00:00:00,87.67400000,88.00000000,87.60000000,87.69700000,419288
OFZ 26236,D1,2026-04-22,00:00:00,87.76000000,88.14700000,87.62200000,87.96400000,186702
OFZ 26236,D1,2026-04-23,00:00:00,87.90000000,88.17000000,87.75000000,87.82200000,28068
OFZ 26236,D1,2026-04-24,00:00:00,88.09800000,88.29200000,87.20000000,87.46200000,317951
OFZ 26236,D1,2026-04-25,00:00:00,88.27700000,88.27700000,87.38100000,87.79000000,3487
OFZ 26236,D1,2026-04-26,00:00:00,87.94700000,87.94800000,87.62100000,87.79900000,1185
OFZ 26236,D1,2026-04-27,00:00:00,88.27700000,88.27700000,87.35000000,87.52000000,1123155
OFZ 26236,D1,2026-04-28,00:00:00,87.65000000,87.65000000,87.21700000,87.29900000,77709
OFZ 26236,D1,2026-04-29,00:00:00,87.33100000,87.64100000,87.22000000,87.48200000,46966
OFZ 26236,D1,2026-04-30,00:00:00,87.61800000,87.83600000,87.25200000,87.69900000,13241
OFZ 26236,D1,2026-05-02,00:00:00,87.84100000,87.85000000,87.70000000,87.84900000,5199
OFZ 26236,D1,2026-05-03,00:00:00,87.84900000,87.84900000,87.51400000,87.76000000,1733
OFZ 26236,D1,2026-05-04,00:00:00,87.69900000,87.91400000,87.26000000,87.66000000,148446
OFZ 26236,D1,2026-05-05,00:00:00,87.66000000,87.70000000,87.25500000,87.65300000,50701
OFZ 26236,D1,2026-05-06,00:00:00,87.65300000,87.84600000,87.43200000,87.79400000,41658
OFZ 26236,D1,2026-05-07,00:00:00,87.65300000,87.84900000,87.58800000,87.60100000,54336
OFZ 26236,D1,2026-05-08,00:00:00,87.87900000,87.91400000,87.55000000,87.91400000,25805
OFZ 26236,D1,2026-05-11,00:00:00,87.93000000,87.99900000,87.70000000,87.99600000,5289
OFZ 26236,D1,2026-05-12,00:00:00,87.99600000,88.08000000,87.69300000,87.85000000,72890
OFZ 26236,D1,2026-05-13,00:00:00,87.92800000,87.92800000,87.45800000,87.78200000,23579
OFZ 26236,D1,2026-05-14,00:00:00,87.85900000,87.99300000,87.54400000,87.95900000,18465
OFZ 26236,D1,2026-05-15,00:00:00,88.07500000,88.08500000,87.61400000,87.80200000,23056
OFZ 26236,D1,2026-05-16,00:00:00,87.62600000,88.05000000,87.61200000,87.65000000,2316
OFZ 26236,D1,2026-05-17,00:00:00,87.65000000,87.99900000,87.65000000,87.99900000,6035
OFZ 26236,D1,2026-05-18,00:00:00,87.62600000,88.07900000,87.61200000,87.84300000,26366
OFZ 26236,D1,2026-05-19,00:00:00,88.08400000,88.08500000,87.75200000,87.89500000,27385
OFZ 26236,D1,2026-05-20,00:00:00,87.89300000,88.08000000,87.62100000,88.04700000,25541
OFZ 26236,D1,2026-05-21,00:00:00,88.04700000,88.08500000,87.83400000,87.95800000,78767
OFZ 26236,D1,2026-05-22,00:00:00,87.99900000,88.08000000,87.65000000,87.75800000,90517
OFZ 26236,D1,2026-05-23,00:00:00,87.77000000,87.89800000,87.43000000,87.60200000,2042
OFZ 26236,D1,2026-05-24,00:00:00,87.90000000,87.99800000,87.60100000,87.79900000,670
OFZ 26236,D1,2026-05-25,00:00:00,87.77000000,87.99800000,87.43000000,87.71500000,18675
OFZ 26236,D1,2026-05-26,00:00:00,87.89900000,87.89900000,87.56500000,87.62000000,417365
OFZ 26236,D1,2026-05-27,00:00:00,87.72000000,87.89900000,87.50100000,87.76900000,83651
OFZ 26236,D1,2026-05-28,00:00:00,87.90000000,88.02700000,87.70100000,87.80400000,18136
OFZ 26236,D1,2026-05-29,00:00:00,88.05600000,88.05600000,87.55300000,87.77600000,90076
OFZ 26236,D1,2026-05-30,00:00:00,87.77600000,87.89200000,87.38100000,87.88300000,2449
OFZ 26236,D1,2026-05-31,00:00:00,87.88300000,88.05000000,87.88300000,88.04800000,3894
OFZ 26236,MN1,2025-12-31,00:00:00,83.40000000,84.86700000,82.80600000,84.54400000,3225763
OFZ 26236,MN1,2026-01-31,00:00:00,84.54300000,85.39700000,83.80300000,84.11700000,3414929
OFZ 26236,MN1,2026-02-28,00:00:00,84.05900000,85.69900000,83.96300000,85.01200000,1798833
OFZ 26236,MN1,2026-03-31,00:00:00,85.01200000,87.49700000,84.70000000,86.87800000,3487009
OFZ 26236,MN1,2026-04-30,00:00:00,86.95000000,88.29200000,86.65800000,87.69900000,3572565
OFZ 26236,W1,2025-12-07,00:00:00,83.40000000,84.03400000,82.80600000,83.95800000,1013619
OFZ 26236,W1,2025-12-14,00:00:00,84.03600000,84.59500000,83.70300000,84.45000000,1157722
OFZ 26236,W1,2025-12-21,00:00:00,84.46400000,84.67200000,83.58400000,84.26500000,321176
OFZ 26236,W1,2025-12-28,00:00:00,84.09000000,84.44300000,83.71400000,84.40800000,405993
OFZ 26236,W1,2026-01-04,00:00:00,84.40800000,84.86700000,83.80000000,84.54400000,327253
OFZ 26236,W1,2026-01-11,00:00:00,84.54300000,85.39700000,84.20900000,84.45900000,34571
OFZ 26236,W1,2026-01-18,00:00:00,84.53200000,84.62200000,83.81500000,84.57900000,502332
OFZ 26236,W1,2026-01-25,00:00:00,84.52000000,84.62300000,83.80400000,84.10500000,1623117
OFZ 26236,W1,2026-02-01,00:00:00,84.51400000,84.59400000,83.80300000,84.11700000,1254909
OFZ 26236,W1,2026-02-08,00:00:00,84.05900000,84.60000000,83.96300000,84.17400000,344394
OFZ 26236,W1,2026-02-15,00:00:00,84.17400000,85.53200000,84.00200000,84.69800000,781274
OFZ 26236,W1,2026-02-22,00:00:00,84.87000000,85.69000000,84.51800000,85.34900000,417191
OFZ 26236,W1,2026-03-01,00:00:00,85.44700000,85.69900000,84.85000000,85.01200000,255974
OFZ 26236,W1,2026-03-08,00:00:00,85.01200000,85.97400000,84.70000000,85.55300000,305036
OFZ 26236,W1,2026-03-15,00:00:00,85.94100000,86.77200000,85.56000000,86.64700000,426208
OFZ 26236,W1,2026-03-22,00:00:00,87.00000000,87.49700000,86.01800000,86.89900000,1045337
OFZ 26236,W1,2026-03-29,00:00:00,86.89900000,87.29600000,86.69000000,86.95000000,1413884
OFZ 26236,W1,2026-04-05,00:00:00,87.00000000,87.24200000,86.80000000,87.20000000,703146
OFZ 26236,W1,2026-04-12,00:00:00,87.20000000,87.40000000,86.65800000,87.40000000,488610
OFZ 26236,W1,2026-04-19,00:00:00,87.26900000,87.77500000,87.02200000,87.45000000,317559
OFZ 26236,W1,2026-04-26,00:00:00,87.40000000,88.29200000,87.15200000,87.79900000,1098723
OFZ 26236,W1,2026-05-03,00:00:00,88.27700000,88.27700000,87.21700000,87.76000000,1268003
OFZ 26236,W1,2026-05-10,00:00:00,87.69900000,87.91400000,87.25500000,87.91400000,320946
OFZ 26236,W1,2026-05-17,00:00:00,87.93000000,88.08500000,87.45800000,87.99900000,151630
OFZ 26236,W1,2026-05-24,00:00:00,87.62600000,88.08500000,87.43000000,87.79900000,251288
OFZ 26237,D1,2025-12-01,00:00:00,81.40200000,81.66000000,81.00200000,81.37700000,292376
OFZ 26237,D1,2025-12-02,00:00:00,81.41400000,81.52300000,80.97900000,81.48000000,165106
OFZ 26237,D1,2025-12-03,00:00:00,81.28700000,82.03300000,81.01200000,81.90900000,99896
OFZ 26237,D1,2025-12-04,00:00:00,81.80400000,82.49200000,81.64900000,81.79900000,123577
OFZ 26237,D1,2025-12-05,00:00:00,81.79500000,82.49600000,81.79500000,82.25600000,23918
OFZ 26237,D1,2025-12-08,00:00:00,82.25000000,82.39900000,81.85700000,81.93500000,223395
OFZ 26237,D1,2025-12-09,00:00:00,82.16900000,82.20000000,81.85500000,82.04300000,10751
OFZ 26237,D1,2025-12-10,00:00:00,81.98300000,82.50000000,81.75000000,82.44500000,71109
OFZ 26237,D1,2025-12-11,00:00:00,82.50000000,82.59400000,81.95500000,82.21600000,34691
OFZ 26237,D1,2025-12-12,00:00:00,82.21700000,82.49700000,82.01000000,82.11600000,39943
OFZ 26237,D1,2025-12-15,00:00:00,82.13000000,82.49700000,82.08400000,82.12900000,43309
OFZ 26237,D1,2025-12-16,00:00:00,82.44400000,82.49000000,82.00000000,82.29800000,78741
OFZ 26237,D1,2025-12-17,00:00:00,82.17300000,82.44500000,82.14500000,82.25000000,150801
OFZ 26237,D1,2025-12-18,00:00:00,82.25100000,82.50000000,82.21200000,82.36500000,216595
OFZ 26237,D1,2025-12-19,00:00:00,82.46900000,82.54800000,81.60300000,82.05300000,106699
OFZ 26237,D1,2025-12-22,00:00:00,82.14700000,82.35400000,81.65900000,82.21500000,178940
OFZ 26237,D1,2025-12-23,00:00:00,82.28800000,82.54600000,81.80000000,82.23400000,12950
OFZ 26237,D1,2025-12-24,00:00:00,82.38300000,82.58700000,82.10700000,82.20200000,20295
OFZ 26237,D1,2025-12-25,00:00:00,82.33000000,82.36900000,81.94900000,82.13200000,51475
OFZ 26237,D1,2025-12-26,00:00:00,82.14700000,82.34900000,81.98300000,82.33100000,27521
OFZ 26237,D1,2025-12-29,00:00:00,82.30000000,82.52600000,82.03200000,82.41900000,54152
OFZ 26237,D1,2025-12-30,00:00:00,82.42000000,82.51500000,81.88800000,82.14500000,103571
OFZ 26237,D1,2026-01-05,00:00:00,82.44800000,82.44900000,82.14600000,82.35300000,9014
OFZ 26237,D1,2026-01-06,00:00:00,82.46200000,82.70200000,82.24200000,82.39200000,9653
OFZ 26237,D1,2026-01-08,00:00:00,82.52100000,82.66800000,82.28700000,82.61500000,5104
OFZ 26237,D1,2026-01-09,00:00:00,82.70500000,82.70500000,82.33800000,82.49500000,3756
OFZ 26237,D1,2026-01-12,00:00:00,82.61500000,82.79200000,82.32800000,82.33900000,27245
OFZ 26237,D1,2026-01-13,00:00:00,82.44800000,82.60000000,81.70000000,82.33700000,46395
OFZ 26237,D1,2026-01-14,00:00:00,82.37600000,82.55000000,82.22000000,82.42900000,23512
OFZ 26237,D1,2026-01-15,00:00:00,82.42900000,82.59000000,82.12800000,82.34900000,29185
OFZ 26237,D1,2026-01-16,00:00:00,82.62600000,82.68400000,82.21700000,82.68400000,21613
OFZ 26237,D1,2026-01-19,00:00:00,82.75000000,82.91900000,82.30000000,82.55100000,45729
OFZ 26237,D1,2026-01-20,00:00:00,82.52000000,82.58400000,82.20000000,82.27100000,28831
OFZ 26237,D1,2026-01-21,00:00:00,82.53200000,82.55800000,81.76000000,81.94100000,23911
OFZ 26237,D1,2026-01-22,00:00:00,81.84700000,82.39300000,81.70000000,82.15000000,57060
OFZ 26237,D1,2026-01-23,00:00:00,82.49400000,82.49400000,81.88900000,82.24800000,29379
OFZ 26237,D1,2026-01-26,00:00:00,82.24800000,82.53000000,81.50000000,81.87100000,316367
OFZ 26237,D1,2026-01-27,00:00:00,81.84000000,82.08300000,81.54600000,81.89400000,67606
OFZ 26237,D1,2026-01-28,00:00:00,81.90200000,82.28900000,81.50000000,82.19000000,301455
OFZ 26237,D1,2026-01-29,00:00:00,82.18900000,82.39500000,81.65200000,81.80000000,81851
OFZ 26237,D1,2026-01-30,00:00:00,82.19800000,82.24900000,81.75000000,81.75300000,64307
OFZ 26237,D1,2026-02-02,00:00:00,81.75400000,82.41500000,81.70200000,81.93500000,256752
OFZ 26237,D1,2026-02-03,00:00:00,82.05000000,82.28200000,81.89900000,82.12500000,84843
OFZ 26237,D1,2026-02-04,00:00:00,82.20100000,82.40000000,82.01100000,82.19300000,62633
OFZ 26237,D1,2026-02-05,00:00:00,82.35300000,82.64300000,82.00000000,82.02600000,100251
OFZ 26237,D1,2026-02-06,00:00:00,82.45200000,82.45200000,81.90000000,81.91500000,74697
OFZ 26237,D1,2026-02-09,00:00:00,82.21800000,82.21800000,81.42300000,82.02000000,55416
OFZ 26237,D1,2026-02-10,00:00:00,82.06700000,82.22000000,81.70000000,82.05200000,1379611
OFZ 26237,D1,2026-02-11,00:00:00,82.19700000,82.50000000,81.70200000,82.33600000,96869
OFZ 26237,D1,2026-02-12,00:00:00,82.33500000,82.68300000,82.06200000,82.11300000,140576
OFZ 26237,D1,2026-02-13,00:00:00,82.39000000,82.90000000,81.89700000,82.51400000,324847
OFZ 26237,D1,2026-02-16,00:00:00,82.40000000,82.89800000,82.39900000,82.76400000,454084
OFZ 26237,D1,2026-02-17,00:00:00,82.93900000,83.09600000,82.48500000,83.09400000,925276
OFZ 26237,D1,2026-02-18,00:00:00,83.13900000,83.38800000,82.80000000,83.33800000,517418
OFZ 26237,D1,2026-02-19,00:00:00,83.10600000,83.42700000,83.00200000,83.03600000,541125
OFZ 26237,D1,2026-02-20,00:00:00,83.03700000,83.21800000,82.90000000,82.99200000,492730
OFZ 26237,D1,2026-02-24,00:00:00,82.99300000,83.59300000,82.91200000,83.04700000,120657
OFZ 26237,D1,2026-02-25,00:00:00,83.38900000,83.49400000,82.91000000,82.95000000,274461
OFZ 26237,D1,2026-02-26,00:00:00,82.77200000,83.35800000,82.77200000,82.96600000,207583
OFZ 26237,D1,2026-02-27,00:00:00,82.96600000,83.30700000,82.80000000,82.98100000,143837
OFZ 26237,D1,2026-03-02,00:00:00,83.09400000,83.36900000,82.65600000,83.36900000,165958
OFZ 26237,D1,2026-03-03,00:00:00,83.36900000,83.56300000,83.02300000,83.19000000,46096
OFZ 26237,D1,2026-03-04,00:00:00,83.19400000,83.49000000,83.08000000,83.33300000,108064
OFZ 26237,D1,2026-03-05,00:00:00,83.44500000,83.54800000,83.16000000,83.28200000,134812
OFZ 26237,D1,2026-03-06,00:00:00,83.48100000,83.50000000,83.06300000,83.29800000,69439
OFZ 26237,D1,2026-03-09,00:00:00,83.29900000,83.65500000,83.29800000,83.45800000,25875
OFZ 26237,D1,2026-03-10,00:00:00,83.46000000,83.66400000,83.35100000,83.59500000,220730
OFZ 26237,D1,2026-03-11,00:00:00,83.61000000,83.82300000,83.45700000,83.72300000,83135
OFZ 26237,D1,2026-03-12,00:00:00,83.76900000,84.35000000,83.60200000,84.34900000,824643
OFZ 26237,D1,2026-03-13,00:00:00,84.00000000,85.00000000,84.00000000,84.77000000,180782
OFZ 26237,D1,2026-03-16,00:00:00,84.96600000,85.34700000,84.56300000,84.79900000,519488
OFZ 26237,D1,2026-03-17,00:00:00,85.10400000,85.23800000,84.40000000,84.76600000,23151
OFZ 26237,D1,2026-03-18,00:00:00,84.76700000,84.89900000,84.00400000,84.68900000,42197
OFZ 26237,D1,2026-03-19,00:00:00,84.68900000,84.90000000,84.60000000,84.67800000,222031
OFZ 26237,D1,2026-03-20,00:00:00,84.67800000,85.24000000,84.64000000,84.83600000,24954
OFZ 26237,D1,2026-03-23,00:00:00,84.57900000,85.17400000,84.21900000,84.76800000,30112
OFZ 26237,D1,2026-03-24,00:00:00,84.77000000,85.10000000,84.62200000,85.10000000,25131
OFZ 26237,D1,2026-03-25,00:00:00,84.88500000,85.29900000,84.80000000,85.11400000,939902
OFZ 26237,D1,2026-03-26,00:00:00,85.23300000,85.32400000,84.87200000,84.90100000,352460
OFZ 26237,D1,2026-03-27,00:00:00,85.09900000,85.10000000,84.80000000,84.99500000,119434
OFZ 26237,D1,2026-03-28,00:00:00,85.06800000,85.17100000,84.90000000,85.11800000,537
OFZ 26237,D1,2026-03-29,00:00:00,85.19400000,85.19400000,84.85100000,85.09000000,587
OFZ 26237,D1,2026-03-30,00:00:00,85.06800000,85.19400000,84.80000000,84.89800000,74590
OFZ 26237,D1,2026-03-31,00:00:00,84.85000000,84.99600000,84.75000000,84.90200000,26053
OFZ 26237,D1,2026-04-01,00:00:00,84.92400000,85.04600000,84.77400000,85.03900000,41743
OFZ 26237,D1,2026-04-02,00:00:00,84.81100000,85.04900000,84.81100000,84.97200000,148461
OFZ 26237,D1,2026-04-03,00:00:00,84.83900000,85.05900000,84.83900000,85.05900000,24256
OFZ 26237,D1,2026-04-04,00:00:00,84.95300000,85.19100000,84.85500000,85.02000000,1241
OFZ 26237,D1,2026-04-05,00:00:00,85.20000000,85.20000000,84.99200000,85.12700000,1023
OFZ 26237,D1,2026-04-06,00:00:00,84.95300000,85.20000000,84.85500000,85.07000000,25763
OFZ 26237,D1,2026-04-07,00:00:00,85.20000000,85.20000000,84.92000000,85.10000000,129551
OFZ 26237,D1,2026-04-08,00:00:00,85.16000000,85.29700000,84.95200000,85.12700000,39249
OFZ 26237,D1,2026-04-09,00:00:00,85.15000000,85.27500000,85.00000000,85.14200000,2402939
OFZ 26237,D1,2026-04-10,00:00:00,85.20000000,85.94800000,85.04000000,85.29900000,60659
OFZ 26237,D1,2026-04-11,00:00:00,85.30000000,85.66000000,85.29500000,85.49900000,1127
OFZ 26237,D1,2026-04-12,00:00:00,85.91600000,85.91700000,85.31800000,85.52000000,1038
OFZ 26237,D1,2026-04-13,00:00:00,85.30000000,85.91700000,85.00400000,85.27900000,27537
OFZ 26237,D1,2026-04-14,00:00:00,85.34900000,85.35000000,85.15500000,85.35000000,17693
OFZ 26237,D1,2026-04-15,00:00:00,85.37100000,85.74400000,84.80200000,85.42900000,292685
OFZ 26237,D1,2026-04-16,00:00:00,85.30000000,85.68600000,85.30000000,85.43800000,31924
OFZ 26237,D1,2026-04-17,00:00:00,85.70000000,85.80500000,85.45000000,85.60100000,8802
OFZ 26237,D1,2026-04-18,00:00:00,85.66900000,85.66900000,85.47500000,85.66600000,1290
OFZ 26237,D1,2026-04-19,00:00:00,85.67000000,85.69400000,85.40900000,85.69400000,2017
OFZ 26237,D1,2026-04-20,00:00:00,85.66900000,86.17700000,85.40900000,85.97100000,253492
OFZ 26237,D1,2026-04-21,00:00:00,85.97100000,86.04400000,85.85100000,85.99400000,111954
OFZ 26237,D1,2026-04-22,00:00:00,86.10000000,86.80600000,85.90600000,86.47600000,267443
OFZ 26237,D1,2026-04-23,00:00:00,86.39900000,86.65600000,86.25600000,86.25600000,44153
OFZ 26237,D1,2026-04-24,00:00:00,86.25100000,86.49600000,85.13500000,85.62600000,155434
OFZ 26237,D1,2026-04-25,00:00:00,85.70900000,85.87200000,85.40300000,85.87200000,1530
OFZ 26237,D1,2026-04-26,00:00:00,85.62600000,85.86500000,85.40200000,85.84600000,605
OFZ 26237,D1,2026-04-27,00:00:00,85.70900000,86.26700000,85.40000000,85.51800000,79747
OFZ 26237,D1,2026-04-28,00:00:00,85.79700000,85.79700000,85.00900000,85.41300000,113179
OFZ 26237,D1,2026-04-29,00:00:00,85.36000000,85.71300000,85.35000000,85.60900000,36568
OFZ 26237,D1,2026-04-30,00:00:00,85.60900000,85.68900000,85.35100000,85.52500000,68909
OFZ 26237,D1,2026-05-02,00:00:00,85.54100000,85.79400000,85.45500000,85.78900000,2532
OFZ 26237,D1,2026-05-03,00:00:00,85.78900000,85.78900000,85.56000000,85.75300000,816
OFZ 26237,D1,2026-05-04,00:00:00,85.64700000,85.79400000,85.42100000,85.71100000,18430
OFZ 26237,D1,2026-05-05,00:00:00,85.77900000,85.78000000,85.32300000,85.68800000,76832
OFZ 26237,D1,2026-05-06,00:00:00,85.79000000,85.86900000,85.49300000,85.85600000,111615
OFZ 26237,D1,2026-05-07,00:00:00,85.89600000,86.01000000,85.61100000,85.61500000,13385
OFZ 26237,D1,2026-05-08,00:00:00,85.96900000,85.99600000,85.60000000,85.87800000,16030
OFZ 26237,D1,2026-05-11,00:00:00,86.00700000,86.13000000,85.59300000,86.09900000,3971
OFZ 26237,D1,2026-05-12,00:00:00,85.77800000,86.15300000,85.71200000,85.88200000,122226
OFZ 26237,D1,2026-05-13,00:00:00,86.13300000,86.13300000,85.70200000,85.77700000,10091
OFZ 26237,D1,2026-05-14,00:00:00,85.77700000,85.89000000,85.70100000,85.85500000,210114
OFZ 26237,D1,2026-05-15,00:00:00,85.72000000,86.11000000,85.43200000,85.91900000,11455
OFZ 26237,D1,2026-05-16,00:00:00,86.12000000,86.17000000,85.73100000,85.91500000,3267
OFZ 26237,D1,2026-05-17,00:00:00,86.17900000,86.18100000,85.77000000,85.78500000,2386
OFZ 26237,D1,2026-05-18,00:00:00,86.12000000,86.18100000,85.73100000,85.85300000,21986
OFZ 26237,D1,2026-05-19,00:00:00,85.80500000,85.94000000,85.60300000,85.60300000,73861
OFZ 26237,D1,2026-05-20,00:00:00,85.61300000,85.99800000,85.54300000,85.97300000,28632
OFZ 26237,D1,2026-05-21,00:00:00,85.97000000,86.13000000,85.70000000,85.78200000,9142
OFZ 26237,D1,2026-05-22,00:00:00,85.75900000,85.97800000,85.54100000,85.55700000,12804
OFZ 26237,D1,2026-05-23,00:00:00,85.80000000,85.80800000,85.50000000,85.63200000,1426
OFZ 26237,D1,2026-05-24,00:00:00,85.63200000,85.76900000,85.50000000,85.53100000,833
OFZ 26237,D1,2026-05-25,00:00:00,85.80000000,85.88600000,85.45200000,85.66800000,14674
OFZ 26237,D1,2026-05-26,00:00:00,85.60000000,85.78500000,85.51600000,85.51600000,10883
OFZ 26237,D1,2026-05-27,00:00:00,85.50000000,85.74400000,85.40000000,85.51300000,18199
OFZ 26237,D1,2026-05-28,00:00:00,85.48100000,85.68700000,85.48100000,85.68700000,101137
OFZ 26237,D1,2026-05-29,00:00:00,85.68600000,85.68600000,85.34200000,85.49500000,62027
OFZ 26237,D1,2026-05-30,00:00:00,85.49900000,85.65400000,85.47300000,85.56300000,651
OFZ 26237,D1,2026-05-31,00:00:00,85.63900000,85.63900000,85.47400000,85.62000000,554
OFZ 26237,MN1,2025-12-31,00:00:00,81.40200000,82.59400000,80.97900000,82.14500000,2129811
OFZ 26237,MN1,2026-01-31,00:00:00,82.44800000,82.91900000,81.50000000,81.75300000,1191973
OFZ 26237,MN1,2026-02-28,00:00:00,81.75400000,83.59300000,81.42300000,82.98100000,6253666
OFZ 26237,MN1,2026-03-31,00:00:00,83.09400000,85.34700000,82.65600000,84.90200000,4260161
OFZ 26237,MN1,2026-04-30,00:00:00,84.92400000,86.80600000,84.77400000,85.52500000,4392012
OFZ 26237,W1,2025-12-07,00:00:00,81.40200000,82.49600000,80.97900000,82.25600000,704873
OFZ 26237,W1,2025-12-14,00:00:00,82.25000000,82.59400000,81.75000000,82.11600000,379889
OFZ 26237,W1,2025-12-21,00:00:00,82.13000000,82.54800000,81.60300000,82.05300000,596145
OFZ 26237,W1,2025-12-28,00:00:00,82.14700000,82.58700000,81.65900000,82.33100000,291181
OFZ 26237,W1,2026-01-04,00:00:00,82.30000000,82.52600000,81.88800000,82.14500000,157723
OFZ 26237,W1,2026-01-11,00:00:00,82.44800000,82.70500000,82.14600000,82.49500000,27527
OFZ 26237,W1,2026-01-18,00:00:00,82.61500000,82.79200000,81.70000000,82.68400000,147950
OFZ 26237,W1,2026-01-25,00:00:00,82.75000000,82.91900000,81.70000000,82.24800000,184910
OFZ 26237,W1,2026-02-01,00:00:00,82.24800000,82.53000000,81.50000000,81.75300000,831586
OFZ 26237,W1,2026-02-08,00:00:00,81.75400000,82.64300000,81.70200000,81.91500000,579176
OFZ 26237,W1,2026-02-15,00:00:00,82.21800000,82.90000000,81.42300000,82.51400000,1997319
OFZ 26237,W1,2026-02-22,00:00:00,82.40000000,83.42700000,82.39900000,82.99200000,2930633
OFZ 26237,W1,2026-03-01,00:00:00,82.99300000,83.59300000,82.77200000,82.98100000,746538
OFZ 26237,W1,2026-03-08,00:00:00,83.09400000,83.56300000,82.65600000,83.29800000,524369
OFZ 26237,W1,2026-03-15,00:00:00,83.29900000,85.00000000,83.29800000,84.77000000,1335165
OFZ 26237,W1,2026-03-22,00:00:00,84.96600000,85.34700000,84.00400000,84.83600000,831821
OFZ 26237,W1,2026-03-29,00:00:00,84.57900000,85.32400000,84.21900000,85.09000000,1468163
OFZ 26237,W1,2026-04-05,00:00:00,85.06800000,85.20000000,84.75000000,85.12700000,317367
OFZ 26237,W1,2026-04-12,00:00:00,84.95300000,85.94800000,84.85500000,85.52000000,2660326
OFZ 26237,W1,2026-04-19,00:00:00,85.30000000,85.91700000,84.80200000,85.69400000,381948
OFZ 26237,W1,2026-04-26,00:00:00,85.66900000,86.80600000,85.13500000,85.84600000,834611
OFZ 26237,W1,2026-05-03,00:00:00,85.70900000,86.26700000,85.00900000,85.75300000,301751
OFZ 26237,W1,2026-05-10,00:00:00,85.64700000,86.01000000,85.32300000,85.87800000,236292
OFZ 26237,W1,2026-05-17,00:00:00,86.00700000,86.18100000,85.43200000,85.78500000,363510
OFZ 26237,W1,2026-05-24,00:00:00,86.12000000,86.18100000,85.50000000,85.53100000,148684
OFZ 26238,D1,2025-12-01,00:00:00,59.00000000,59.05100000,58.60400000,58.89400000,1537961
OFZ 26238,D1,2025-12-02,00:00:00,58.89400000,59.18800000,58.56300000,59.14100000,1428002
OFZ 26238,D1,2025-12-03,00:00:00,59.15500000,59.31500000,58.70000000,59.25000000,2876956
OFZ 26238,D1,2025-12-04,00:00:00,59.25200000,59.50000000,59.08000000,59.37700000,2263595
OFZ 26238,D1,2025-12-05,00:00:00,59.29000000,59.81900000,59.29000000,59.79000000,2253416
OFZ 26238,D1,2025-12-08,00:00:00,59.80000000,59.90500000,59.60000000,59.70000000,1331529
OFZ 26238,D1,2025-12-09,00:00:00,59.72200000,59.82400000,59.41700000,59.55500000,1219773
OFZ 26238,D1,2025-12-10,00:00:00,59.50000000,59.79900000,59.30000000,59.79900000,1966369
OFZ 26238,D1,2025-12-11,00:00:00,59.78900000,60.10000000,59.71700000,59.94600000,2045854
OFZ 26238,D1,2025-12-12,00:00:00,59.97500000,60.29000000,59.91100000,60.02800000,2118244
OFZ 26238,D1,2025-12-15,00:00:00,60.03000000,60.20000000,59.97100000,60.13000000,1773776
OFZ 26238,D1,2025-12-16,00:00:00,60.14800000,60.28000000,59.86900000,60.08500000,1490734
OFZ 26238,D1,2025-12-17,00:00:00,60.10800000,60.26000000,59.92200000,60.24900000,2426838
OFZ 26238,D1,2025-12-18,00:00:00,60.25800000,60.65000000,60.21000000,60.59800000,2972107
OFZ 26238,D1,2025-12-19,00:00:00,60.60000000,60.90000000,60.00100000,60.31600000,4306250
OFZ 26238,D1,2025-12-22,00:00:00,60.31600000,60.39300000,59.65200000,59.87400000,3498470
OFZ 26238,D1,2025-12-23,00:00:00,59.90000000,60.07000000,59.79900000,59.82700000,1581777
OFZ 26238,D1,2025-12-24,00:00:00,59.87000000,59.97700000,59.70100000,59.74900000,2042777
OFZ 26238,D1,2025-12-25,00:00:00,59.74900000,59.75800000,58.93700000,59.38800000,3909824
OFZ 26238,D1,2025-12-26,00:00:00,59.38800000,59.60000000,59.10000000,59.20000000,1757978
OFZ 26238,D1,2025-12-29,00:00:00,59.23600000,59.50000000,59.14000000,59.34000000,4419930
OFZ 26238,D1,2025-12-30,00:00:00,59.34800000,59.63300000,59.30100000,59.56500000,1466795
OFZ 26238,D1,2026-01-05,00:00:00,59.59900000,59.96900000,59.30500000,59.86200000,527651
OFZ 26238,D1,2026-01-06,00:00:00,59.95700000,60.25200000,59.82700000,60.25200000,644522
OFZ 26238,D1,2026-01-08,00:00:00,60.24300000,60.24300000,59.81800000,60.16000000,279496
OFZ 26238,D1,2026-01-09,00:00:00,60.16000000,60.21900000,59.85100000,59.89000000,279536
OFZ 26238,D1,2026-01-12,00:00:00,59.89000000,60.19000000,58.49900000,58.78800000,3449065
OFZ 26238,D1,2026-01-13,00:00:00,58.89100000,58.99800000,58.24500000,58.38900000,2588019
OFZ 26238,D1,2026-01-14,00:00:00,58.48900000,58.73700000,58.12000000,58.20900000,2214710
OFZ 26238,D1,2026-01-15,00:00:00,58.21000000,58.49600000,57.95700000,58.47000000,1773205
OFZ 26238,D1,2026-01-16,00:00:00,58.50000000,58.70000000,58.30000000,58.69700000,1060220
OFZ 26238,D1,2026-01-19,00:00:00,58.69400000,58.89900000,58.49900000,58.60000000,947473
OFZ 26238,D1,2026-01-20,00:00:00,58.60000000,58.66600000,58.20400000,58.42600000,933453
OFZ 26238,D1,2026-01-21,00:00:00,58.42800000,58.49900000,58.00000000,58.13900000,3080462
OFZ 26238,D1,2026-01-22,00:00:00,58.00100000,58.66000000,58.00100000,58.48400000,2237911
OFZ 26238,D1,2026-01-23,00:00:00,58.57300000,58.64700000,58.36700000,58.49700000,613395
OFZ 26238,D1,2026-01-26,00:00:00,58.49800000,58.62000000,58.05600000,58.31300000,3119769
OFZ 26238,D1,2026-01-27,00:00:00,58.37000000,58.37000000,58.07000000,58.27000000,1076009
OFZ 26238,D1,2026-01-28,00:00:00,58.33900000,58.48400000,58.18000000,58.38900000,1500541
OFZ 26238,D1,2026-01-29,00:00:00,58.38900000,58.62400000,58.30400000,58.53600000,3107901
OFZ 26238,D1,2026-01-30,00:00:00,58.54500000,58.67600000,58.40000000,58.48000000,833948
OFZ 26238,D1,2026-02-02,00:00:00,58.47400000,58.59700000,58.32000000,58.45500000,3471059
OFZ 26238,D1,2026-02-03,00:00:00,58.49200000,58.51400000,58.38600000,58.50400000,819291
OFZ 26238,D1,2026-02-04,00:00:00,58.51000000,58.55100000,58.35800000,58.49900000,1181100
OFZ 26238,D1,2026-02-05,00:00:00,58.49900000,58.63500000,58.21000000,58.36200000,1410680
OFZ 26238,D1,2026-02-06,00:00:00,58.36000000,58.42100000,58.08100000,58.19000000,903736
OFZ 26238,D1,2026-02-09,00:00:00,58.20000000,58.49400000,57.98000000,58.06000000,1319891
OFZ 26238,D1,2026-02-10,00:00:00,58.06000000,58.17000000,57.30100000,57.60400000,4590081
OFZ 26238,D1,2026-02-11,00:00:00,57.62400000,58.49500000,57.46600000,58.49400000,2561400
OFZ 26238,D1,2026-02-12,00:00:00,58.49400000,58.50000000,57.99600000,58.48500000,1942736
OFZ 26238,D1,2026-02-13,00:00:00,58.40100000,59.60000000,58.25800000,59.54900000,4625285
OFZ 26238,D1,2026-02-16,00:00:00,59.69700000,60.60000000,59.60500000,59.93000000,3810524
OFZ 26238,D1,2026-02-17,00:00:00,59.99000000,60.10000000,59.66000000,60.09100000,3178668
OFZ 26238,D1,2026-02-18,00:00:00,60.09100000,60.63600000,59.93600000,60.31900000,3750161
OFZ 26238,D1,2026-02-19,00:00:00,60.33000000,60.59800000,60.05400000,60.20100000,2594465
OFZ 26238,D1,2026-02-20,00:00:00,60.20100000,60.30000000,59.75000000,59.95000000,6433102
OFZ 26238,D1,2026-02-24,00:00:00,59.95100000,60.09500000,59.80500000,60.02100000,2064778
OFZ 26238,D1,2026-02-25,00:00:00,60.02100000,60.06000000,59.73300000,59.87400000,3005306
OFZ 26238,D1,2026-02-26,00:00:00,59.87500000,60.06000000,59.49900000,59.61000000,3173911
OFZ 26238,D1,2026-02-27,00:00:00,59.74000000,60.16800000,59.50000000,59.98400000,3514182
OFZ 26238,D1,2026-03-02,00:00:00,59.98400000,60.25000000,59.85200000,60.00200000,1162244
OFZ 26238,D1,2026-03-03,00:00:00,59.99000000,60.10100000,59.90000000,60.02000000,1302091
OFZ 26238,D1,2026-03-04,00:00:00,60.02000000,60.09400000,59.72200000,59.84900000,1423259
OFZ 26238,D1,2026-03-05,00:00:00,59.90000000,60.01600000,59.72000000,59.81900000,1985269
OFZ 26238,D1,2026-03-06,00:00:00,59.81900000,60.00000000,59.67000000,59.88900000,1980529
OFZ 26238,D1,2026-03-09,00:00:00,59.88900000,60.06000000,59.70100000,59.98500000,588184
OFZ 26238,D1,2026-03-10,00:00:00,59.98500000,60.09900000,59.89000000,59.94400000,1157366
OFZ 26238,D1,2026-03-11,00:00:00,59.94400000,59.99900000,59.82000000,59.90000000,1759790
OFZ 26238,D1,2026-03-12,00:00:00,59.93000000,61.00100000,59.87300000,60.92000000,3494573
OFZ 26238,D1,2026-03-13,00:00:00,60.92000000,61.50600000,60.80900000,61.10700000,5440436
OFZ 26238,D1,2026-03-16,00:00:00,61.14000000,61.39300000,61.01000000,61.20900000,2651840
OFZ 26238,D1,2026-03-17,00:00:00,61.20900000,61.24800000,60.10000000,60.15000000,23582301
OFZ 26238,D1,2026-03-18,00:00:00,60.34800000,60.40000000,59.95000000,60.23800000,11567331
OFZ 26238,D1,2026-03-19,00:00:00,60.19700000,60.34500000,59.85000000,60.28700000,5122069
OFZ 26238,D1,2026-03-20,00:00:00,60.29000000,60.59900000,59.93400000,60.04900000,6779118
OFZ 26238,D1,2026-03-23,00:00:00,60.04900000,60.17400000,59.69000000,59.81800000,2248077
OFZ 26238,D1,2026-03-24,00:00:00,59.92300000,60.03700000,59.74800000,59.86700000,1559837
OFZ 26238,D1,2026-03-25,00:00:00,59.92700000,59.99900000,59.79000000,59.87500000,1794088
OFZ 26238,D1,2026-03-26,00:00:00,59.88000000,59.99800000,59.68300000,59.88000000,1600411
OFZ 26238,D1,2026-03-27,00:00:00,59.89100000,59.93200000,59.65000000,59.71000000,2307464
OFZ 26238,D1,2026-03-28,00:00:00,59.71000000,59.84400000,59.68000000,59.76900000,69642
OFZ 26238,D1,2026-03-29,00:00:00,59.77000000,59.87500000,59.75000000,59.82200000,133802
OFZ 26238,D1,2026-03-30,00:00:00,59.71000000,59.87500000,59.34800000,59.46900000,2853262
OFZ 26238,D1,2026-03-31,00:00:00,59.49900000,59.49900000,59.34000000,59.42000000,1645632
OFZ 26238,D1,2026-04-01,00:00:00,59.42100000,59.46600000,59.29700000,59.42900000,1086920
OFZ 26238,D1,2026-04-02,00:00:00,59.44600000,59.45000000,59.19100000,59.24800000,1662885
OFZ 26238,D1,2026-04-03,00:00:00,59.24800000,59.31700000,58.98600000,59.04800000,1281935
OFZ 26238,D1,2026-04-04,00:00:00,59.07000000,59.11500000,58.90300000,59.07900000,99618
OFZ 26238,D1,2026-04-05,00:00:00,59.12000000,59.15900000,59.00800000,59.09500000,98677
OFZ 26238,D1,2026-04-06,00:00:00,59.07000000,59.20000000,58.90300000,59.09600000,1775692
OFZ 26238,D1,2026-04-07,00:00:00,59.10000000,59.14600000,58.89600000,58.96300000,1740991
OFZ 26238,D1,2026-04-08,00:00:00,58.90100000,59.04700000,58.77300000,58.81200000,1761391
OFZ 26238,D1,2026-04-09,00:00:00,58.86500000,58.96100000,58.59300000,58.93500000,2130065
OFZ 26238,D1,2026-04-10,00:00:00,58.94500000,59.30900000,58.80100000,59.29300000,3053218
OFZ 26238,D1,2026-04-11,00:00:00,59.29300000,59.47100000,59.20600000,59.39500000,137538
OFZ 26238,D1,2026-04-12,00:00:00,59.40000000,59.43000000,59.30100000,59.31500000,108723
OFZ 26238,D1,2026-04-13,00:00:00,59.29300000,59.49000000,59.03500000,59.23000000,1357646
OFZ 26238,D1,2026-04-14,00:00:00,59.26900000,59.26900000,58.89000000,59.02700000,1333235
OFZ 26238,D1,2026-04-15,00:00:00,59.02700000,59.70600000,58.83000000,59.69900000,2437330
OFZ 26238,D1,2026-04-16,00:00:00,59.64800000,59.92400000,59.50000000,59.80000000,1835574
OFZ 26238,D1,2026-04-17,00:00:00,59.80100000,59.88600000,59.60000000,59.66500000,753199
OFZ 26238,D1,2026-04-18,00:00:00,59.66500000,59.76400000,59.60400000,59.63700000,95124
OFZ 26238,D1,2026-04-19,00:00:00,59.64100000,59.77900000,59.64100000,59.77400000,152834
OFZ 26238,D1,2026-04-20,00:00:00,59.66500000,59.91300000,59.60400000,59.85800000,2519417
OFZ 26238,D1,2026-04-21,00:00:00,59.85800000,59.88800000,59.63800000,59.69500000,1629423
OFZ 26238,D1,2026-04-22,00:00:00,59.63000000,60.17000000,59.63000000,60.13500000,3844059
OFZ 26238,D1,2026-04-23,00:00:00,60.13500000,60.17700000,59.74400000,59.90000000,2944864
OFZ 26238,D1,2026-04-24,00:00:00,59.90400000,59.98700000,58.90000000,59.03000000,5052380
OFZ 26238,D1,2026-04-25,00:00:00,59.15700000,59.17000000,58.97800000,59.07600000,125416
OFZ 26238,D1,2026-04-26,00:00:00,59.09900000,59.15000000,58.98000000,58.99900000,124446
OFZ 26238,D1,2026-04-27,00:00:00,59.15700000,59.17000000,58.70000000,58.77100000,2381175
OFZ 26238,D1,2026-04-28,00:00:00,58.77100000,58.83900000,58.30300000,58.51500000,4112889
OFZ 26238,D1,2026-04-29,00:00:00,58.55500000,58.55900000,58.24100000,58.40400000,4293647
OFZ 26238,D1,2026-04-30,00:00:00,58.42900000,58.57000000,58.27000000,58.41300000,2317755
OFZ 26238,D1,2026-05-02,00:00:00,58.42000000,58.49300000,58.42000000,58.48700000,106715
OFZ 26238,D1,2026-05-03,00:00:00,58.49000000,58.55100000,58.35000000,58.50500000,124279
OFZ 26238,D1,2026-05-04,00:00:00,58.49200000,58.55900000,58.25500000,58.31900000,2265889
OFZ 26238,D1,2026-05-05,00:00:00,58.33800000,58.37000000,58.15000000,58.18200000,1049243
OFZ 26238,D1,2026-05-06,00:00:00,58.28300000,58.28300000,57.99800000,58.18700000,990014
OFZ 26238,D1,2026-05-07,00:00:00,58.18700000,58.41900000,57.90000000,58.33700000,12563969
OFZ 26238,D1,2026-05-08,00:00:00,58.24100000,58.41000000,58.03300000,58.25400000,1423292
OFZ 26238,D1,2026-05-11,00:00:00,58.31000000,58.52500000,58.27700000,58.50000000,403482
OFZ 26238,D1,2026-05-12,00:00:00,58.49900000,58.49900000,58.19900000,58.27700000,1219249
OFZ 26238,D1,2026-05-13,00:00:00,58.27700000,58.40400000,58.15000000,58.30900000,1327206
OFZ 26238,D1,2026-05-14,00:00:00,58.30900000,58.33800000,58.00000000,58.09500000,1229417
OFZ 26238,D1,2026-05-15,00:00:00,58.12700000,58.13300000,58.00300000,58.03000000,951098
OFZ 26238,D1,2026-05-16,00:00:00,58.10000000,58.17800000,58.09000000,58.09200000,52432
OFZ 26238,D1,2026-05-17,00:00:00,58.09200000,58.15800000,58.08000000,58.09400000,38556
OFZ 26238,D1,2026-05-18,00:00:00,58.10000000,58.17800000,57.83400000,57.90800000,1032870
OFZ 26238,D1,2026-05-19,00:00:00,57.90700000,57.91300000,57.70000000,57.82900000,2000105
OFZ 26238,D1,2026-05-20,00:00:00,57.80000000,57.91900000,57.70000000,57.88600000,976311
OFZ 26238,D1,2026-05-21,00:00:00,57.88800000,58.03700000,57.85000000,57.93000000,1410090
OFZ 26238,D1,2026-05-22,00:00:00,57.93000000,58.00000000,57.86300000,57.90500000,987210
OFZ 26238,D1,2026-05-23,00:00:00,57.90500000,58.06000000,57.90000000,57.99400000,65872
OFZ 26238,D1,2026-05-24,00:00:00,57.99300000,58.04800000,57.90100000,57.98100000,53761
OFZ 26238,D1,2026-05-25,00:00:00,57.90500000,58.08800000,57.70200000,57.72900000,1189043
OFZ 26238,D1,2026-05-26,00:00:00,57.73000000,57.79700000,57.50000000,57.56600000,1002840
OFZ 26238,D1,2026-05-27,00:00:00,57.60000000,57.66400000,57.38000000,57.51200000,1290758
OFZ 26238,D1,2026-05-28,00:00:00,57.52500000,57.59500000,57.45500000,57.55300000,694051
OFZ 26238,D1,2026-05-29,00:00:00,57.55700000,57.66100000,57.23400000,57.35400000,1549391
OFZ 26238,D1,2026-05-30,00:00:00,57.35400000,57.49400000,57.30100000,57.39700000,113923
OFZ 26238,D1,2026-05-31,00:00:00,57.45100000,57.47400000,57.39800000,57.44000000,71067
OFZ 26238,MN1,2025-12-31,00:00:00,59.00000000,60.90000000,58.56300000,59.56500000,50688955
OFZ 26238,MN1,2026-01-31,00:00:00,59.59900000,60.25200000,57.95700000,58.48000000,30267286
OFZ 26238,MN1,2026-02-28,00:00:00,58.47400000,60.63600000,57.30100000,59.98400000,54350356
OFZ 26238,MN1,2026-03-31,00:00:00,59.98400000,61.50600000,59.34000000,59.42000000,84208615
OFZ 26238,MN1,2026-04-30,00:00:00,59.42100000,60.17700000,58.24100000,58.41300000,52248066
OFZ 26238,W1,2025-12-07,00:00:00,59.00000000,59.81900000,58.56300000,59.79000000,10359930
OFZ 26238,W1,2025-12-14,00:00:00,59.80000000,60.29000000,59.30000000,60.02800000,8681769
OFZ 26238,W1,2025-12-21,00:00:00,60.03000000,60.90000000,59.86900000,60.31600000,12969705
OFZ 26238,W1,2025-12-28,00:00:00,60.31600000,60.39300000,58.93700000,59.20000000,12790826
OFZ 26238,W1,2026-01-04,00:00:00,59.23600000,59.63300000,59.14000000,59.56500000,5886725
OFZ 26238,W1,2026-01-11,00:00:00,59.59900000,60.25200000,59.30500000,59.89000000,1731205
OFZ 26238,W1,2026-01-18,00:00:00,59.89000000,60.19000000,57.95700000,58.69700000,11085219
OFZ 26238,W1,2026-01-25,00:00:00,58.69400000,58.89900000,58.00000000,58.49700000,7812694
OFZ 26238,W1,2026-02-01,00:00:00,58.49800000,58.67600000,58.05600000,58.48000000,9638168
OFZ 26238,W1,2026-02-08,00:00:00,58.47400000,58.63500000,58.08100000,58.19000000,7785866
OFZ 26238,W1,2026-02-15,00:00:00,58.20000000,59.60000000,57.30100000,59.54900000,15039393
OFZ 26238,W1,2026-02-22,00:00:00,59.69700000,60.63600000,59.60500000,59.95000000,19766920
OFZ 26238,W1,2026-03-01,00:00:00,59.95100000,60.16800000,59.49900000,59.98400000,11758177
OFZ 26238,W1,2026-03-08,00:00:00,59.98400000,60.25000000,59.67000000,59.88900000,7853392
OFZ 26238,W1,2026-03-15,00:00:00,59.88900000,61.50600000,59.70100000,61.10700000,12440349
OFZ 26238,W1,2026-03-22,00:00:00,61.14000000,61.39300000,59.85000000,60.04900000,49702659
OFZ 26238,W1,2026-03-29,00:00:00,60.04900000,60.17400000,59.65000000,59.82200000,9713321
OFZ 26238,W1,2026-04-05,00:00:00,59.71000000,59.87500000,58.90300000,59.09500000,8728929
OFZ 26238,W1,2026-04-12,00:00:00,59.07000000,59.47100000,58.59300000,59.31500000,10707618
OFZ 26238,W1,2026-04-19,00:00:00,59.29300000,59.92400000,58.83000000,59.77400000,7964942
OFZ 26238,W1,2026-04-26,00:00:00,59.66500000,60.17700000,58.90000000,58.99900000,16240005
OFZ 26238,W1,2026-05-03,00:00:00,59.15700000,59.17000000,58.24100000,58.50500000,13336460
OFZ 26238,W1,2026-05-10,00:00:00,58.49200000,58.55900000,57.90000000,58.25400000,18292407
OFZ 26238,W1,2026-05-17,00:00:00,58.31000000,58.52500000,58.00000000,58.09400000,5221440
OFZ 26238,W1,2026-05-24,00:00:00,58.10000000,58.17800000,57.70000000,57.98100000,6526219
OFZ 26239,D1,2025-12-01,00:00:00,72.58800000,72.97200000,71.77400000,72.27900000,62348
OFZ 26239,D1,2025-12-02,00:00:00,72.39400000,72.79600000,71.83200000,72.56500000,216643
OFZ 26239,D1,2025-12-03,00:00:00,72.65200000,73.46100000,72.02100000,73.17900000,245803
OFZ 26239,D1,2025-12-04,00:00:00,73.02400000,74.25900000,72.50000000,73.60000000,489220
OFZ 26239,D1,2025-12-05,00:00:00,73.60000000,74.15700000,72.78800000,73.45400000,497458
OFZ 26239,D1,2025-12-08,00:00:00,73.49800000,73.94800000,72.39000000,73.23700000,27367
OFZ 26239,D1,2025-12-09,00:00:00,73.28300000,73.28300000,73.04100000,73.28300000,65486
OFZ 26239,D1,2025-12-10,00:00:00,73.30600000,73.34500000,72.79800000,73.34400000,86164
OFZ 26239,D1,2025-12-11,00:00:00,73.34800000,74.00000000,73.34500000,73.55300000,131340
OFZ 26239,D1,2025-12-12,00:00:00,73.67100000,74.78000000,73.49500000,73.69800000,564450
OFZ 26239,D1,2025-12-15,00:00:00,73.99500000,74.28000000,73.50100000,73.75000000,97332
OFZ 26239,D1,2025-12-16,00:00:00,73.94000000,74.81800000,73.42000000,73.61800000,42291
OFZ 26239,D1,2025-12-17,00:00:00,73.61800000,73.99800000,73.52000000,73.75000000,86244
OFZ 26239,D1,2025-12-18,00:00:00,73.73100000,74.10000000,73.69400000,74.04900000,115421
OFZ 26239,D1,2025-12-19,00:00:00,74.03800000,74.22600000,73.07100000,73.52100000,93591
OFZ 26239,D1,2025-12-22,00:00:00,73.76000000,73.91100000,73.21400000,73.47600000,449346
OFZ 26239,D1,2025-12-23,00:00:00,73.60400000,73.67300000,73.00000000,73.24800000,1823871
OFZ 26239,D1,2025-12-24,00:00:00,73.36900000,73.40300000,72.94000000,73.12000000,116658
OFZ 26239,D1,2025-12-25,00:00:00,73.18400000,73.24600000,72.69600000,72.88000000,45886
OFZ 26239,D1,2025-12-26,00:00:00,73.01300000,73.77800000,72.80300000,73.24000000,97781
OFZ 26239,D1,2025-12-29,00:00:00,73.25000000,73.39700000,72.79900000,73.19400000,224153
OFZ 26239,D1,2025-12-30,00:00:00,73.19800000,73.40800000,72.60000000,73.34500000,110605
OFZ 26239,D1,2026-01-05,00:00:00,73.40900000,73.97400000,72.71000000,73.59000000,17588
OFZ 26239,D1,2026-01-06,00:00:00,73.71700000,74.49900000,73.71700000,74.03300000,11813
OFZ 26239,D1,2026-01-08,00:00:00,74.05900000,74.13300000,73.44200000,73.63800000,7175
OFZ 26239,D1,2026-01-09,00:00:00,73.65000000,74.33900000,73.65000000,73.88200000,7145
OFZ 26239,D1,2026-01-12,00:00:00,74.23400000,74.70000000,73.26500000,73.66300000,313203
OFZ 26239,D1,2026-01-13,00:00:00,73.85200000,73.90000000,73.00700000,73.17900000,140997
OFZ 26239,D1,2026-01-14,00:00:00,73.18000000,73.45000000,72.86800000,73.26100000,80330
OFZ 26239,D1,2026-01-15,00:00:00,73.26400000,73.35000000,72.90100000,73.20700000,881458
OFZ 26239,D1,2026-01-16,00:00:00,73.33000000,73.99100000,73.14800000,73.92300000,18672
OFZ 26239,D1,2026-01-19,00:00:00,73.92300000,74.11000000,73.00200000,73.40400000,229594
OFZ 26239,D1,2026-01-20,00:00:00,73.43200000,73.86800000,73.25000000,73.44000000,366834
OFZ 26239,D1,2026-01-21,00:00:00,73.56700000,73.90700000,72.79200000,72.83100000,42291
OFZ 26239,D1,2026-01-22,00:00:00,73.35000000,73.39300000,72.75000000,73.16800000,12718
OFZ 26239,D1,2026-01-23,00:00:00,73.16700000,73.43700000,72.80000000,73.43700000,15885
OFZ 26239,D1,2026-01-26,00:00:00,73.43800000,73.99900000,72.70000000,73.12300000,899831
OFZ 26239,D1,2026-01-27,00:00:00,73.09700000,73.10000000,72.72200000,73.04400000,719650
OFZ 26239,D1,2026-01-28,00:00:00,73.15200000,73.20000000,72.20100000,72.98400000,116430
OFZ 26239,D1,2026-01-29,00:00:00,72.98200000,73.33800000,72.70000000,72.98600000,564019
OFZ 26239,D1,2026-01-30,00:00:00,72.90000000,73.09800000,72.70900000,72.92900000,170717
OFZ 26239,D1,2026-02-02,00:00:00,73.01500000,73.19800000,72.28800000,72.88000000,30989
OFZ 26239,D1,2026-02-03,00:00:00,72.65800000,72.99500000,72.50100000,72.86100000,19231
OFZ 26239,D1,2026-02-04,00:00:00,72.86100000,73.19800000,72.77200000,72.99700000,358073
OFZ 26239,D1,2026-02-05,00:00:00,73.09700000,73.09700000,72.50000000,72.81000000,150168
OFZ 26239,D1,2026-02-06,00:00:00,72.81000000,73.05000000,72.50400000,72.77300000,52767
OFZ 26239,D1,2026-02-09,00:00:00,72.97700000,72.97700000,72.12200000,72.49200000,31991
OFZ 26239,D1,2026-02-10,00:00:00,72.49300000,72.60000000,72.12500000,72.49400000,548656
OFZ 26239,D1,2026-02-11,00:00:00,72.53500000,73.05000000,72.30100000,72.97000000,82268
OFZ 26239,D1,2026-02-12,00:00:00,72.89900000,73.19900000,72.84100000,72.84200000,116911
OFZ 26239,D1,2026-02-13,00:00:00,73.13200000,73.73000000,72.62100000,73.59800000,52389
OFZ 26239,D1,2026-02-16,00:00:00,73.59800000,74.30000000,73.59800000,73.80000000,142232
OFZ 26239,D1,2026-02-17,00:00:00,73.92800000,74.05000000,73.60100000,73.92100000,19843
OFZ 26239,D1,2026-02-18,00:00:00,74.00000000,74.44900000,73.87800000,74.38000000,1533700
OFZ 26239,D1,2026-02-19,00:00:00,74.34100000,74.88900000,74.15000000,74.15100000,22368
OFZ 26239,D1,2026-02-20,00:00:00,74.34800000,74.56300000,74.00400000,74.18800000,24291
OFZ 26239,D1,2026-02-24,00:00:00,74.30200000,74.60100000,74.00000000,74.06400000,22765
OFZ 26239,D1,2026-02-25,00:00:00,74.30600000,74.35000000,73.62300000,73.77400000,73269
OFZ 26239,D1,2026-02-26,00:00:00,74.01900000,74.10000000,73.05000000,73.55800000,48291
OFZ 26239,D1,2026-02-27,00:00:00,74.10000000,74.12900000,73.10100000,73.51300000,246802
OFZ 26239,D1,2026-03-02,00:00:00,73.79000000,73.88100000,72.62700000,73.55600000,164785
OFZ 26239,D1,2026-03-03,00:00:00,73.62800000,73.98200000,73.35100000,73.75000000,157941
OFZ 26239,D1,2026-03-04,00:00:00,73.93100000,74.63900000,73.55900000,73.79500000,99539
OFZ 26239,D1,2026-03-05,00:00:00,73.94400000,74.14500000,73.45800000,73.57800000,14241
OFZ 26239,D1,2026-03-06,00:00:00,73.81200000,73.94700000,73.35100000,73.69500000,11905
OFZ 26239,D1,2026-03-09,00:00:00,73.74600000,74.47900000,73.46400000,73.96000000,22396
OFZ 26239,D1,2026-03-10,00:00:00,74.09100000,74.46000000,73.81200000,74.19700000,45653
OFZ 26239,D1,2026-03-11,00:00:00,74.00000000,74.46000000,73.95000000,74.21300000,22414
OFZ 26239,D1,2026-03-12,00:00:00,74.28400000,75.50000000,74.17300000,75.50000000,33089
OFZ 26239,D1,2026-03-13,00:00:00,75.13800000,75.85400000,74.87000000,75.44100000,94465
OFZ 26239,D1,2026-03-16,00:00:00,75.44300000,75.86000000,75.40000000,75.62700000,41647
OFZ 26239,D1,2026-03-17,00:00:00,75.73900000,75.73900000,75.40100000,75.65700000,53078
OFZ 26239,D1,2026-03-18,00:00:00,75.66500000,75.80000000,75.22500000,75.55000000,236165
OFZ 26239,D1,2026-03-19,00:00:00,75.60000000,75.67000000,75.20100000,75.30000000,25721
OFZ 26239,D1,2026-03-20,00:00:00,75.60000000,76.00000000,75.16000000,75.30000000,40114
OFZ 26239,D1,2026-03-23,00:00:00,75.30000000,75.85800000,74.90000000,75.19700000,66203
OFZ 26239,D1,2026-03-24,00:00:00,75.22000000,75.80700000,75.01000000,75.44000000,198908
OFZ 26239,D1,2026-03-25,00:00:00,75.44000000,75.83900000,75.25000000,75.41200000,122247
OFZ 26239,D1,2026-03-26,00:00:00,75.44000000,75.58000000,75.05600000,75.08600000,33123
OFZ 26239,D1,2026-03-27,00:00:00,75.08600000,75.38900000,75.00000000,75.13700000,49966
OFZ 26239,D1,2026-03-28,00:00:00,75.12900000,75.38800000,74.81000000,75.19200000,3792
OFZ 26239,D1,2026-03-29,00:00:00,75.38900000,75.39000000,75.00100000,75.24100000,1787
OFZ 26239,D1,2026-03-30,00:00:00,75.12900000,75.44900000,74.55400000,75.30800000,188921
OFZ 26239,D1,2026-03-31,00:00:00,75.26000000,75.27000000,75.03200000,75.19000000,13976
OFZ 26239,D1,2026-04-01,00:00:00,75.19000000,75.45900000,75.13000000,75.34400000,38702
OFZ 26239,D1,2026-04-02,00:00:00,75.36000000,75.38600000,75.14600000,75.30400000,122421
OFZ 26239,D1,2026-04-03,00:00:00,75.18400000,75.35800000,75.15100000,75.34500000,35787
OFZ 26239,D1,2026-04-04,00:00:00,75.34500000,75.50000000,75.10000000,75.49900000,3162
OFZ 26239,D1,2026-04-05,00:00:00,75.52000000,75.53000000,75.35600000,75.49900000,1617
OFZ 26239,D1,2026-04-06,00:00:00,75.34500000,75.53000000,75.09900000,75.20800000,140136
OFZ 26239,D1,2026-04-07,00:00:00,75.20800000,75.49700000,74.95000000,75.02300000,480778
OFZ 26239,D1,2026-04-08,00:00:00,75.13100000,75.49400000,75.05500000,75.15900000,47221
OFZ 26239,D1,2026-04-09,00:00:00,75.20000000,75.29100000,74.80000000,75.22600000,294412
OFZ 26239,D1,2026-04-10,00:00:00,75.28000000,75.92200000,75.19900000,75.74800000,91752
OFZ 26239,D1,2026-04-11,00:00:00,75.98700000,75.99700000,75.35800000,75.94900000,3463
OFZ 26239,D1,2026-04-12,00:00:00,75.94900000,75.99900000,75.64500000,75.67400000,1363
OFZ 26239,D1,2026-04-13,00:00:00,75.98700000,75.99900000,75.35800000,75.57700000,25857
OFZ 26239,D1,2026-04-14,00:00:00,75.69100000,75.80000000,75.47200000,75.55400000,24918
OFZ 26239,D1,2026-04-15,00:00:00,75.80800000,76.59900000,75.30000000,76.34700000,155774
OFZ 26239,D1,2026-04-16,00:00:00,76.38500000,77.00000000,75.91200000,75.99800000,26224
OFZ 26239,D1,2026-04-17,00:00:00,76.15000000,76.44200000,75.90800000,76.07300000,17937
OFZ 26239,D1,2026-04-18,00:00:00,76.33600000,76.33600000,75.96700000,76.13800000,2286
OFZ 26239,D1,2026-04-19,00:00:00,76.15000000,76.16100000,75.97700000,76.14200000,2688
OFZ 26239,D1,2026-04-20,00:00:00,76.33600000,76.98900000,75.90000000,76.47200000,126888
OFZ 26239,D1,2026-04-21,00:00:00,76.49900000,76.60000000,76.23400000,76.60000000,194130
OFZ 26239,D1,2026-04-22,00:00:00,76.70900000,77.07100000,76.30100000,76.84900000,64975
OFZ 26239,D1,2026-04-23,00:00:00,76.95000000,77.05000000,76.81100000,76.84900000,237484
OFZ 26239,D1,2026-04-24,00:00:00,76.94400000,77.15000000,75.59000000,75.63100000,116607
OFZ 26239,D1,2026-04-25,00:00:00,75.69900000,75.99800000,75.62700000,75.79000000,3047
OFZ 26239,D1,2026-04-26,00:00:00,75.70000000,76.00000000,75.70000000,75.79000000,5061
OFZ 26239,D1,2026-04-27,00:00:00,75.69900000,76.12800000,75.62700000,75.86500000,147028
OFZ 26239,D1,2026-04-28,00:00:00,75.99600000,76.17900000,75.53000000,75.63000000,28057
OFZ 26239,D1,2026-04-29,00:00:00,75.53000000,75.89900000,75.49000000,75.61800000,47925
OFZ 26239,D1,2026-04-30,00:00:00,75.61800000,75.94200000,75.50600000,75.90900000,94005
OFZ 26239,D1,2026-05-02,00:00:00,76.00900000,76.71000000,75.83600000,76.04700000,8125
OFZ 26239,D1,2026-05-03,00:00:00,76.05000000,76.20000000,75.93000000,76.04900000,3781
OFZ 26239,D1,2026-05-04,00:00:00,75.90600000,76.85400000,75.78300000,75.81600000,33690
OFZ 26239,D1,2026-05-05,00:00:00,75.81600000,75.99900000,75.68100000,75.69200000,120898
OFZ 26239,D1,2026-05-06,00:00:00,76.11900000,76.11900000,75.65100000,75.96500000,16867
OFZ 26239,D1,2026-05-07,00:00:00,75.80200000,76.12800000,75.60000000,75.71800000,310826
OFZ 26239,D1,2026-05-08,00:00:00,75.86500000,75.99900000,75.65900000,75.90100000,26884
OFZ 26239,D1,2026-05-11,00:00:00,75.80100000,76.24100000,75.80000000,76.23700000,9730
OFZ 26239,D1,2026-05-12,00:00:00,76.23700000,76.42000000,75.80000000,76.00000000,172464
OFZ 26239,D1,2026-05-13,00:00:00,76.34000000,76.34600000,75.84000000,76.01000000,19282
OFZ 26239,D1,2026-05-14,00:00:00,76.39900000,76.39900000,75.75000000,76.01200000,29062
OFZ 26239,D1,2026-05-15,00:00:00,76.01200000,76.13100000,75.76500000,76.11500000,19507
OFZ 26239,D1,2026-05-16,00:00:00,76.11500000,76.40000000,75.77500000,76.15400000,2873
OFZ 26239,D1,2026-05-17,00:00:00,76.15400000,76.20000000,76.05100000,76.05400000,1361
OFZ 26239,D1,2026-05-18,00:00:00,76.11500000,77.50000000,75.77500000,76.01200000,327455
OFZ 26239,D1,2026-05-19,00:00:00,76.21000000,76.29000000,75.62100000,75.82700000,28449
OFZ 26239,D1,2026-05-20,00:00:00,76.19400000,76.19400000,75.00100000,76.10100000,27002
OFZ 26239,D1,2026-05-21,00:00:00,76.14000000,76.20000000,75.95100000,76.10000000,28384
OFZ 26239,D1,2026-05-22,00:00:00,76.10000000,76.25000000,75.73600000,75.77800000,33963
OFZ 26239,D1,2026-05-23,00:00:00,76.15800000,76.15800000,75.77900000,75.91100000,3315
OFZ 26239,D1,2026-05-24,00:00:00,75.91100000,76.30000000,75.77000000,75.94600000,3215
OFZ 26239,D1,2026-05-25,00:00:00,76.15800000,76.46000000,75.57200000,75.68000000,32176
OFZ 26239,D1,2026-05-26,00:00:00,75.60000000,75.84500000,75.40000000,75.51800000,30959
OFZ 26239,D1,2026-05-27,00:00:00,75.72200000,75.78300000,75.30900000,75.61000000,33539
OFZ 26239,D1,2026-05-28,00:00:00,75.77800000,75.89000000,75.50200000,75.56000000,75476
OFZ 26239,D1,2026-05-29,00:00:00,75.84800000,75.89900000,75.32800000,75.55500000,23298
OFZ 26239,D1,2026-05-30,00:00:00,75.35300000,75.86800000,75.35300000,75.63400000,2963
OFZ 26239,D1,2026-05-31,00:00:00,75.63400000,75.78000000,75.39600000,75.63700000,1740
OFZ 26239,MN1,2025-12-31,00:00:00,72.58800000,74.81800000,71.77400000,73.34500000,5689458
OFZ 26239,MN1,2026-01-31,00:00:00,73.40900000,74.70000000,72.20100000,72.92900000,4616350
OFZ 26239,MN1,2026-02-28,00:00:00,73.01500000,74.88900000,72.12200000,73.51300000,3577004
OFZ 26239,MN1,2026-03-31,00:00:00,73.79000000,76.00000000,72.62700000,75.19000000,1742076
OFZ 26239,MN1,2026-04-30,00:00:00,75.19000000,77.15000000,74.80000000,75.90900000,2581705
OFZ 26239,W1,2025-12-07,00:00:00,72.58800000,74.25900000,71.77400000,73.45400000,1511472
OFZ 26239,W1,2025-12-14,00:00:00,73.49800000,74.78000000,72.39000000,73.69800000,874807
OFZ 26239,W1,2025-12-21,00:00:00,73.99500000,74.81800000,73.07100000,73.52100000,434879
OFZ 26239,W1,2025-12-28,00:00:00,73.76000000,73.91100000,72.69600000,73.24000000,2533542
OFZ 26239,W1,2026-01-04,00:00:00,73.25000000,73.40800000,72.60000000,73.34500000,334758
OFZ 26239,W1,2026-01-11,00:00:00,73.40900000,74.49900000,72.71000000,73.88200000,43721
OFZ 26239,W1,2026-01-18,00:00:00,74.23400000,74.70000000,72.86800000,73.92300000,1434660
OFZ 26239,W1,2026-01-25,00:00:00,73.92300000,74.11000000,72.75000000,73.43700000,667322
OFZ 26239,W1,2026-02-01,00:00:00,73.43800000,73.99900000,72.20100000,72.92900000,2470647
OFZ 26239,W1,2026-02-08,00:00:00,73.01500000,73.19800000,72.28800000,72.77300000,611228
OFZ 26239,W1,2026-02-15,00:00:00,72.97700000,73.73000000,72.12200000,73.59800000,832215
OFZ 26239,W1,2026-02-22,00:00:00,73.59800000,74.88900000,73.59800000,74.18800000,1742434
OFZ 26239,W1,2026-03-01,00:00:00,74.30200000,74.60100000,73.05000000,73.51300000,391127
OFZ 26239,W1,2026-03-08,00:00:00,73.79000000,74.63900000,72.62700000,73.69500000,448411
OFZ 26239,W1,2026-03-15,00:00:00,73.74600000,75.85400000,73.46400000,75.44100000,218017
OFZ 26239,W1,2026-03-22,00:00:00,75.44300000,76.00000000,75.16000000,75.30000000,396725
OFZ 26239,W1,2026-03-29,00:00:00,75.30000000,75.85800000,74.81000000,75.24100000,476026
OFZ 26239,W1,2026-04-05,00:00:00,75.12900000,75.53000000,74.55400000,75.49900000,404586
OFZ 26239,W1,2026-04-12,00:00:00,75.34500000,75.99900000,74.80000000,75.67400000,1059125
OFZ 26239,W1,2026-04-19,00:00:00,75.98700000,77.00000000,75.30000000,76.14200000,255684
OFZ 26239,W1,2026-04-26,00:00:00,76.33600000,77.15000000,75.59000000,75.79000000,748192
OFZ 26239,W1,2026-05-03,00:00:00,75.69900000,76.71000000,75.49000000,76.04900000,328921
OFZ 26239,W1,2026-05-10,00:00:00,75.90600000,76.85400000,75.60000000,75.90100000,509165
OFZ 26239,W1,2026-05-17,00:00:00,75.80100000,76.42000000,75.75000000,76.05400000,254279
OFZ 26239,W1,2026-05-24,00:00:00,76.11500000,77.50000000,75.00100000,75.94600000,451783
OFZ 26240,D1,2025-12-01,00:00:00,61.32400000,61.75000000,61.01100000,61.34000000,124425
OFZ 26240,D1,2025-12-02,00:00:00,61.31500000,61.65400000,61.22000000,61.54100000,128111
OFZ 26240,D1,2025-12-03,00:00:00,61.61200000,62.17100000,61.32800000,62.16300000,191787
OFZ 26240,D1,2025-12-04,00:00:00,62.16300000,62.32600000,62.04200000,62.23900000,109727
OFZ 26240,D1,2025-12-05,00:00:00,62.29000000,62.86900000,62.16900000,62.85000000,101852
OFZ 26240,D1,2025-12-08,00:00:00,62.85000000,63.28000000,62.08500000,62.62500000,175685
OFZ 26240,D1,2025-12-09,00:00:00,62.62600000,62.85400000,62.15100000,62.29000000,148136
OFZ 26240,D1,2025-12-10,00:00:00,62.33300000,62.75700000,61.90000000,62.67600000,125934
OFZ 26240,D1,2025-12-11,00:00:00,62.72300000,62.88000000,62.34800000,62.54000000,140857
OFZ 26240,D1,2025-12-12,00:00:00,62.56900000,62.80900000,62.52200000,62.74500000,195114
OFZ 26240,D1,2025-12-15,00:00:00,62.74500000,62.97900000,62.52200000,62.97800000,359509
OFZ 26240,D1,2025-12-16,00:00:00,62.97900000,63.37000000,62.50000000,62.67900000,166836
OFZ 26240,D1,2025-12-17,00:00:00,62.67900000,63.02000000,62.61100000,62.92000000,131530
OFZ 26240,D1,2025-12-18,00:00:00,63.00000000,63.33900000,62.92200000,63.33900000,102425
OFZ 26240,D1,2025-12-19,00:00:00,63.33900000,63.54600000,62.70000000,62.88800000,350261
OFZ 26240,D1,2025-12-22,00:00:00,62.88800000,63.50100000,62.25000000,62.44900000,172455
OFZ 26240,D1,2025-12-23,00:00:00,62.47000000,62.52500000,62.11800000,62.36200000,148893
OFZ 26240,D1,2025-12-24,00:00:00,62.39500000,62.43400000,62.04400000,62.19600000,84859
OFZ 26240,D1,2025-12-25,00:00:00,62.21300000,62.28900000,61.73400000,62.12200000,119860
OFZ 26240,D1,2025-12-26,00:00:00,62.15800000,62.53300000,61.95000000,62.31900000,160641
OFZ 26240,D1,2025-12-29,00:00:00,62.41400000,62.78400000,62.30100000,62.75900000,191217
OFZ 26240,D1,2025-12-30,00:00:00,62.74400000,63.09600000,62.64600000,62.94400000,182604
OFZ 26240,D1,2026-01-05,00:00:00,62.94400000,63.40000000,62.87000000,63.22800000,64639
OFZ 26240,D1,2026-01-06,00:00:00,63.22700000,63.31800000,63.16700000,63.23000000,33414
OFZ 26240,D1,2026-01-08,00:00:00,63.24700000,63.42200000,63.18700000,63.36600000,49141
OFZ 26240,D1,2026-01-09,00:00:00,63.32300000,63.66700000,63.23500000,63.38000000,64980
OFZ 26240,D1,2026-01-12,00:00:00,63.38600000,63.97000000,62.16000000,62.60100000,199258
OFZ 26240,D1,2026-01-13,00:00:00,62.65000000,62.75100000,62.13300000,62.34700000,305719
OFZ 26240,D1,2026-01-14,00:00:00,62.26700000,62.45000000,61.80000000,62.13600000,372435
OFZ 26240,D1,2026-01-15,00:00:00,62.16500000,62.61800000,61.80000000,62.61800000,857584
OFZ 26240,D1,2026-01-16,00:00:00,62.62400000,62.67100000,62.25000000,62.50000000,241431
OFZ 26240,D1,2026-01-19,00:00:00,62.50500000,62.71100000,62.36500000,62.43200000,257814
OFZ 26240,D1,2026-01-20,00:00:00,62.43200000,62.75600000,62.30300000,62.36500000,61307
OFZ 26240,D1,2026-01-21,00:00:00,62.36300000,62.74700000,62.20000000,62.22500000,168085
OFZ 26240,D1,2026-01-22,00:00:00,62.29200000,62.47900000,62.20500000,62.45000000,319734
OFZ 26240,D1,2026-01-23,00:00:00,62.48800000,62.74400000,62.12000000,62.27000000,936048
OFZ 26240,D1,2026-01-26,00:00:00,62.27000000,62.38200000,61.82500000,61.93600000,230439
OFZ 26240,D1,2026-01-27,00:00:00,62.06500000,62.14800000,61.81800000,61.86900000,157711
OFZ 26240,D1,2026-01-28,00:00:00,61.89000000,62.27800000,61.81300000,62.25000000,199555
OFZ 26240,D1,2026-01-29,00:00:00,62.29200000,62.49900000,61.98200000,62.16100000,352309
OFZ 26240,D1,2026-01-30,00:00:00,62.18900000,62.52000000,62.04700000,62.05500000,179827
OFZ 26240,D1,2026-02-02,00:00:00,62.20000000,62.61100000,62.01000000,62.01000000,131523
OFZ 26240,D1,2026-02-03,00:00:00,62.05400000,62.24900000,62.05400000,62.14700000,256649
OFZ 26240,D1,2026-02-04,00:00:00,62.11500000,62.49300000,62.04000000,62.25900000,141242
OFZ 26240,D1,2026-02-05,00:00:00,62.17800000,62.34600000,61.86400000,62.03200000,110063
OFZ 26240,D1,2026-02-06,00:00:00,62.03200000,62.17900000,61.65300000,61.99700000,177735
OFZ 26240,D1,2026-02-09,00:00:00,61.99700000,62.26400000,61.57400000,62.00100000,344691
OFZ 26240,D1,2026-02-10,00:00:00,61.85000000,62.09200000,61.40000000,61.53300000,383965
OFZ 26240,D1,2026-02-11,00:00:00,61.29100000,62.08600000,61.29100000,62.05800000,315620
OFZ 26240,D1,2026-02-12,00:00:00,61.97200000,62.20000000,61.81300000,62.13800000,333753
OFZ 26240,D1,2026-02-13,00:00:00,62.17400000,62.94000000,62.03600000,62.88700000,300529
OFZ 26240,D1,2026-02-16,00:00:00,62.88400000,63.42000000,62.67100000,62.86400000,370814
OFZ 26240,D1,2026-02-17,00:00:00,62.86400000,62.98300000,62.57200000,62.97200000,113529
OFZ 26240,D1,2026-02-18,00:00:00,62.96300000,63.25200000,62.89200000,63.25100000,180578
OFZ 26240,D1,2026-02-19,00:00:00,63.25200000,63.52100000,62.96100000,63.10400000,269644
OFZ 26240,D1,2026-02-20,00:00:00,63.20800000,63.43700000,62.87200000,62.99400000,185327
OFZ 26240,D1,2026-02-24,00:00:00,63.25000000,63.36000000,62.79000000,62.94200000,435687
OFZ 26240,D1,2026-02-25,00:00:00,62.99900000,63.09700000,62.70300000,62.78000000,130144
OFZ 26240,D1,2026-02-26,00:00:00,62.78000000,62.89900000,62.60000000,62.65000000,582316
OFZ 26240,D1,2026-02-27,00:00:00,62.65200000,63.10700000,62.57200000,62.93600000,135326
OFZ 26240,D1,2026-03-02,00:00:00,62.93600000,63.14900000,62.57000000,62.85000000,224588
OFZ 26240,D1,2026-03-03,00:00:00,62.80000000,62.90900000,62.61400000,62.73400000,276364
OFZ 26240,D1,2026-03-04,00:00:00,62.74600000,62.99900000,62.12000000,62.64600000,1361376
OFZ 26240,D1,2026-03-05,00:00:00,62.65000000,62.72500000,62.35800000,62.52600000,220569
OFZ 26240,D1,2026-03-06,00:00:00,62.56000000,62.64800000,62.40400000,62.47600000,265021
OFZ 26240,D1,2026-03-09,00:00:00,62.58400000,62.90300000,62.23600000,62.85800000,246352
OFZ 26240,D1,2026-03-10,00:00:00,62.88500000,62.90300000,62.45100000,62.60400000,352749
OFZ 26240,D1,2026-03-11,00:00:00,62.60400000,62.84700000,62.30000000,62.56000000,309563
OFZ 26240,D1,2026-03-12,00:00:00,62.61900000,63.31300000,62.56100000,63.25500000,132256
OFZ 26240,D1,2026-03-13,00:00:00,63.25500000,63.82200000,63.25500000,63.47300000,385196
OFZ 26240,D1,2026-03-16,00:00:00,63.47300000,63.76200000,63.32900000,63.58200000,597507
OFZ 26240,D1,2026-03-17,00:00:00,63.47900000,63.74000000,63.10000000,63.27300000,278036
OFZ 26240,D1,2026-03-18,00:00:00,63.27300000,63.52200000,63.10000000,63.28100000,181421
OFZ 26240,D1,2026-03-19,00:00:00,63.35000000,63.53000000,62.81100000,63.09300000,419022
OFZ 26240,D1,2026-03-20,00:00:00,63.10000000,63.45400000,63.06200000,63.12800000,203947
OFZ 26240,D1,2026-03-23,00:00:00,63.12800000,63.29200000,62.67900000,63.02200000,114660
OFZ 26240,D1,2026-03-24,00:00:00,63.10700000,63.32000000,62.87000000,63.13500000,132147
OFZ 26240,D1,2026-03-25,00:00:00,63.13500000,63.29900000,62.92100000,63.29800000,156835
OFZ 26240,D1,2026-03-26,00:00:00,63.29000000,63.35700000,63.02800000,63.09700000,135096
OFZ 26240,D1,2026-03-27,00:00:00,63.05000000,63.29600000,62.92200000,62.92800000,220763
OFZ 26240,D1,2026-03-28,00:00:00,62.92600000,63.10000000,62.92200000,63.10000000,14500
OFZ 26240,D1,2026-03-29,00:00:00,62.93000000,63.18300000,62.93000000,63.18300000,9781
OFZ 26240,D1,2026-03-30,00:00:00,62.92600000,63.19900000,62.59200000,62.64900000,227578
OFZ 26240,D1,2026-03-31,00:00:00,62.65000000,62.80000000,62.40200000,62.57500000,314481
OFZ 26240,D1,2026-04-01,00:00:00,62.59900000,62.68900000,62.42000000,62.55300000,493128
OFZ 26240,D1,2026-04-02,00:00:00,62.68000000,62.68500000,62.20200000,62.44400000,239390
OFZ 26240,D1,2026-04-03,00:00:00,62.55200000,62.55900000,62.12500000,62.35200000,121380
OFZ 26240,D1,2026-04-04,00:00:00,62.28600000,62.39300000,62.24200000,62.39300000,21655
OFZ 26240,D1,2026-04-05,00:00:00,62.44500000,62.50000000,62.30000000,62.43400000,18312
OFZ 26240,D1,2026-04-06,00:00:00,62.28600000,62.52500000,62.13600000,62.17300000,323357
OFZ 26240,D1,2026-04-07,00:00:00,62.17300000,62.32600000,61.99900000,62.15900000,495531
OFZ 26240,D1,2026-04-08,00:00:00,62.20000000,62.24700000,62.05000000,62.08600000,213274
OFZ 26240,D1,2026-04-09,00:00:00,62.19300000,62.19400000,61.70000000,62.02100000,423689
OFZ 26240,D1,2026-04-10,00:00:00,62.03300000,62.26000000,61.90000000,62.23500000,681263
OFZ 26240,D1,2026-04-11,00:00:00,62.20000000,62.25700000,62.15000000,62.24500000,20121
OFZ 26240,D1,2026-04-12,00:00:00,62.24500000,62.33800000,62.13000000,62.32200000,22947
OFZ 26240,D1,2026-04-13,00:00:00,62.20000000,62.47200000,62.02400000,62.10900000,228890
OFZ 26240,D1,2026-04-14,00:00:00,62.10900000,62.23000000,61.87100000,62.04400000,207535
OFZ 26240,D1,2026-04-15,00:00:00,62.10900000,62.85700000,61.94500000,62.85600000,137275
OFZ 26240,D1,2026-04-16,00:00:00,62.90000000,62.90800000,62.35500000,62.69600000,1536345
OFZ 26240,D1,2026-04-17,00:00:00,62.73200000,62.79500000,62.41000000,62.60000000,998843
OFZ 26240,D1,2026-04-18,00:00:00,62.60000000,62.69300000,62.55900000,62.64300000,32286
OFZ 26240,D1,2026-04-19,00:00:00,62.64300000,62.66000000,62.56800000,62.64800000,37491
OFZ 26240,D1,2026-04-20,00:00:00,62.60000000,62.79900000,62.38400000,62.65000000,412888
OFZ 26240,D1,2026-04-21,00:00:00,62.59000000,62.74700000,62.46000000,62.61600000,286519
OFZ 26240,D1,2026-04-22,00:00:00,62.79900000,63.09600000,62.46200000,63.00000000,1126423
OFZ 26240,D1,2026-04-23,00:00:00,63.00000000,63.09300000,62.73100000,63.07300000,407771
OFZ 26240,D1,2026-04-24,00:00:00,63.06700000,63.12000000,62.00600000,62.17400000,733604
OFZ 26240,D1,2026-04-25,00:00:00,62.24900000,62.39900000,62.17300000,62.27000000,33736
OFZ 26240,D1,2026-04-26,00:00:00,62.36300000,62.41400000,62.22300000,62.28500000,24352
OFZ 26240,D1,2026-04-27,00:00:00,62.24900000,62.50000000,61.91100000,61.98900000,1423703
OFZ 26240,D1,2026-04-28,00:00:00,62.10900000,62.11000000,61.82900000,61.97800000,373168
OFZ 26240,D1,2026-04-29,00:00:00,62.06000000,62.19900000,61.85500000,62.11600000,896228
OFZ 26240,D1,2026-04-30,00:00:00,62.11600000,62.68700000,62.01000000,62.16400000,602794
OFZ 26240,D1,2026-05-02,00:00:00,62.36900000,62.49600000,62.20300000,62.39900000,25140
OFZ 26240,D1,2026-05-03,00:00:00,62.41000000,62.48900000,62.28200000,62.34900000,19441
OFZ 26240,D1,2026-05-04,00:00:00,62.16500000,62.49600000,62.06200000,62.24900000,248297
OFZ 26240,D1,2026-05-05,00:00:00,62.24900000,62.38000000,61.72000000,61.74400000,909366
OFZ 26240,D1,2026-05-06,00:00:00,61.74400000,61.88000000,61.60100000,61.79900000,3530895
OFZ 26240,D1,2026-05-07,00:00:00,61.79900000,61.91400000,61.74500000,61.78200000,2090576
OFZ 26240,D1,2026-05-08,00:00:00,61.78200000,61.86500000,61.56400000,61.76800000,8584774
OFZ 26240,D1,2026-05-11,00:00:00,61.76800000,61.95900000,61.71300000,61.94700000,145304
OFZ 26240,D1,2026-05-12,00:00:00,61.98900000,61.99400000,61.74000000,61.83600000,1635781
OFZ 26240,D1,2026-05-13,00:00:00,61.95000000,61.95000000,61.80000000,61.82700000,590838
OFZ 26240,D1,2026-05-14,00:00:00,61.82700000,61.94400000,61.68400000,61.75700000,377342
OFZ 26240,D1,2026-05-15,00:00:00,61.75700000,61.84200000,61.55500000,61.83700000,265361
OFZ 26240,D1,2026-05-16,00:00:00,61.83000000,61.88900000,61.77900000,61.86700000,20289
OFZ 26240,D1,2026-05-17,00:00:00,61.88800000,61.93600000,61.81700000,61.85800000,15687
OFZ 26240,D1,2026-05-18,00:00:00,61.83000000,61.93700000,61.68100000,61.73300000,189234
OFZ 26240,D1,2026-05-19,00:00:00,61.73900000,61.73900000,61.62000000,61.68100000,471434
OFZ 26240,D1,2026-05-20,00:00:00,61.68100000,61.89300000,61.59500000,61.85000000,355055
OFZ 26240,D1,2026-05-21,00:00:00,61.85000000,61.93200000,61.74100000,61.84300000,104834
OFZ 26240,D1,2026-05-22,00:00:00,61.84300000,61.93200000,61.76500000,61.85000000,129698
OFZ 26240,D1,2026-05-23,00:00:00,61.85000000,61.93500000,61.77400000,61.93000000,18441
OFZ 26240,D1,2026-05-24,00:00:00,61.93000000,61.93900000,61.80000000,61.89300000,18122
OFZ 26240,D1,2026-05-25,00:00:00,61.85000000,62.02800000,61.65000000,61.75700000,426468
OFZ 26240,D1,2026-05-26,00:00:00,61.84500000,61.90000000,61.40200000,61.68000000,729942
OFZ 26240,D1,2026-05-27,00:00:00,61.74000000,61.77900000,61.57000000,61.67600000,125252
OFZ 26240,D1,2026-05-28,00:00:00,61.68500000,61.79800000,61.61800000,61.69900000,81185
OFZ 26240,D1,2026-05-29,00:00:00,61.70000000,61.85000000,61.49100000,61.52500000,290872
OFZ 26240,D1,2026-05-30,00:00:00,61.52500000,61.62600000,61.50200000,61.62100000,18822
OFZ 26240,D1,2026-05-31,00:00:00,61.62100000,61.75000000,61.54100000,61.68000000,17519
OFZ 26240,MN1,2025-12-31,00:00:00,61.32400000,63.54600000,61.01100000,62.94400000,3612718
OFZ 26240,MN1,2026-01-31,00:00:00,62.94400000,63.97000000,61.80000000,62.05500000,5051430
OFZ 26240,MN1,2026-02-28,00:00:00,62.20000000,63.52100000,61.29100000,62.93600000,4899135
OFZ 26240,MN1,2026-03-31,00:00:00,62.93600000,63.82200000,62.12000000,62.57500000,6779808
OFZ 26240,MN1,2026-04-30,00:00:00,62.59900000,63.12000000,61.70000000,62.16400000,12573898
OFZ 26240,W1,2025-12-07,00:00:00,61.32400000,62.86900000,61.01100000,62.85000000,655902
OFZ 26240,W1,2025-12-14,00:00:00,62.85000000,63.28000000,61.90000000,62.74500000,785726
OFZ 26240,W1,2025-12-21,00:00:00,62.74500000,63.54600000,62.50000000,62.88800000,1110561
OFZ 26240,W1,2025-12-28,00:00:00,62.88800000,63.50100000,61.73400000,62.31900000,686708
OFZ 26240,W1,2026-01-04,00:00:00,62.41400000,63.09600000,62.30100000,62.94400000,373821
OFZ 26240,W1,2026-01-11,00:00:00,62.94400000,63.66700000,62.87000000,63.38000000,212174
OFZ 26240,W1,2026-01-18,00:00:00,63.38600000,63.97000000,61.80000000,62.50000000,1976427
OFZ 26240,W1,2026-01-25,00:00:00,62.50500000,62.75600000,62.12000000,62.27000000,1742988
OFZ 26240,W1,2026-02-01,00:00:00,62.27000000,62.52000000,61.81300000,62.05500000,1119841
OFZ 26240,W1,2026-02-08,00:00:00,62.20000000,62.61100000,61.65300000,61.99700000,817212
OFZ 26240,W1,2026-02-15,00:00:00,61.99700000,62.94000000,61.29100000,62.88700000,1678558
OFZ 26240,W1,2026-02-22,00:00:00,62.88400000,63.52100000,62.57200000,62.99400000,1119892
OFZ 26240,W1,2026-03-01,00:00:00,63.25000000,63.36000000,62.57200000,62.93600000,1283473
OFZ 26240,W1,2026-03-08,00:00:00,62.93600000,63.14900000,62.12000000,62.47600000,2347918
OFZ 26240,W1,2026-03-15,00:00:00,62.58400000,63.82200000,62.23600000,63.47300000,1426116
OFZ 26240,W1,2026-03-22,00:00:00,63.47300000,63.76200000,62.81100000,63.12800000,1679933
OFZ 26240,W1,2026-03-29,00:00:00,63.12800000,63.35700000,62.67900000,63.18300000,783782
OFZ 26240,W1,2026-04-05,00:00:00,62.92600000,63.19900000,62.12500000,62.43400000,1435924
OFZ 26240,W1,2026-04-12,00:00:00,62.28600000,62.52500000,61.70000000,62.32200000,2180182
OFZ 26240,W1,2026-04-19,00:00:00,62.20000000,62.90800000,61.87100000,62.64800000,3178665
OFZ 26240,W1,2026-04-26,00:00:00,62.60000000,63.12000000,62.00600000,62.28500000,3025293
OFZ 26240,W1,2026-05-03,00:00:00,62.24900000,62.68700000,61.82900000,62.34900000,3340474
OFZ 26240,W1,2026-05-10,00:00:00,62.16500000,62.49600000,61.56400000,61.76800000,15363908
OFZ 26240,W1,2026-05-17,00:00:00,61.76800000,61.99400000,61.55500000,61.85800000,3050602
OFZ 26240,W1,2026-05-24,00:00:00,61.83000000,61.93900000,61.59500000,61.89300000,1286818
OFZ 26241,D1,2025-12-01,00:00:00,79.82900000,79.99300000,79.10100000,79.47700000,510515
OFZ 26241,D1,2025-12-02,00:00:00,79.53400000,79.65000000,79.10000000,79.60800000,179795
OFZ 26241,D1,2025-12-03,00:00:00,79.63200000,80.09900000,79.02800000,80.05600000,93425
OFZ 26241,D1,2025-12-04,00:00:00,79.85600000,80.37800000,79.72600000,80.29500000,71510
OFZ 26241,D1,2025-12-05,00:00:00,80.23400000,81.53000000,80.00100000,80.93300000,58177
OFZ 26241,D1,2025-12-08,00:00:00,80.93300000,81.00000000,80.32000000,80.74200000,163745
OFZ 26241,D1,2025-12-09,00:00:00,80.81200000,80.93300000,80.35300000,80.55100000,73338
OFZ 26241,D1,2025-12-10,00:00:00,80.74100000,80.74100000,80.23000000,80.58700000,74087
OFZ 26241,D1,2025-12-11,00:00:00,80.58800000,81.26400000,80.43300000,80.91400000,176858
OFZ 26241,D1,2025-12-12,00:00:00,80.94900000,81.49600000,80.94900000,81.22500000,57569
OFZ 26241,D1,2025-12-15,00:00:00,81.21500000,82.52900000,81.00000000,81.23000000,386537
OFZ 26241,D1,2025-12-16,00:00:00,81.23400000,81.25800000,80.89800000,81.18400000,64556
OFZ 26241,D1,2025-12-17,00:00:00,81.21100000,81.42400000,80.93400000,81.20000000,230366
OFZ 26241,D1,2025-12-18,00:00:00,81.19400000,81.20000000,80.70000000,80.96400000,221114
OFZ 26241,D1,2025-12-19,00:00:00,81.00100000,81.19900000,80.00000000,80.45000000,135311
OFZ 26241,D1,2025-12-22,00:00:00,80.45500000,80.76000000,79.95000000,80.26000000,206342
OFZ 26241,D1,2025-12-23,00:00:00,80.29700000,80.36500000,79.90000000,80.15100000,81189
OFZ 26241,D1,2025-12-24,00:00:00,80.09000000,80.25600000,79.70000000,79.78400000,73879
OFZ 26241,D1,2025-12-25,00:00:00,79.91800000,79.91800000,79.30000000,79.52500000,98860
OFZ 26241,D1,2025-12-26,00:00:00,79.54300000,79.93200000,79.43700000,79.70000000,85565
OFZ 26241,D1,2025-12-29,00:00:00,79.70000000,79.93700000,79.30600000,79.65400000,167891
OFZ 26241,D1,2025-12-30,00:00:00,79.66700000,82.55000000,79.65400000,80.81900000,89509
OFZ 26241,D1,2026-01-05,00:00:00,80.68300000,81.06600000,80.01100000,80.24800000,29085
OFZ 26241,D1,2026-01-06,00:00:00,80.30900000,80.65100000,80.20500000,80.52600000,51956
OFZ 26241,D1,2026-01-08,00:00:00,80.57000000,80.74000000,80.04500000,80.18000000,15542
OFZ 26241,D1,2026-01-09,00:00:00,80.18000000,80.40800000,80.09000000,80.29300000,46158
OFZ 26241,D1,2026-01-12,00:00:00,80.29000000,80.59200000,79.68300000,79.70500000,66977
OFZ 26241,D1,2026-01-13,00:00:00,79.70500000,80.05000000,79.40000000,79.70400000,97464
OFZ 26241,D1,2026-01-14,00:00:00,80.00000000,80.16400000,79.42100000,79.84000000,36518
OFZ 26241,D1,2026-01-15,00:00:00,79.90600000,79.90600000,79.10000000,79.47400000,77853
OFZ 26241,D1,2026-01-16,00:00:00,79.46200000,80.14400000,79.25300000,80.12000000,54200
OFZ 26241,D1,2026-01-19,00:00:00,80.13900000,80.13900000,79.52200000,79.76200000,46548
OFZ 26241,D1,2026-01-20,00:00:00,79.89500000,79.99800000,79.20200000,79.51000000,54260
OFZ 26241,D1,2026-01-21,00:00:00,79.55500000,79.55700000,79.00000000,79.11800000,62771
OFZ 26241,D1,2026-01-22,00:00:00,79.34800000,79.69000000,78.90400000,79.45600000,180140
OFZ 26241,D1,2026-01-23,00:00:00,79.76900000,79.95000000,79.00000000,79.35800000,72720
OFZ 26241,D1,2026-01-26,00:00:00,79.30100000,79.49700000,78.70000000,78.98500000,193169
OFZ 26241,D1,2026-01-27,00:00:00,79.24900000,79.29600000,78.62400000,78.96800000,122764
OFZ 26241,D1,2026-01-28,00:00:00,78.99100000,79.33700000,78.90700000,79.31600000,24037
OFZ 26241,D1,2026-01-29,00:00:00,79.38300000,79.64900000,78.96900000,79.63900000,49086
OFZ 26241,D1,2026-01-30,00:00:00,79.64200000,79.64200000,79.00500000,79.29700000,22229
OFZ 26241,D1,2026-02-02,00:00:00,79.29700000,79.43100000,78.87000000,79.23400000,57207
OFZ 26241,D1,2026-02-03,00:00:00,79.15000000,79.30200000,79.01000000,79.13200000,57428
OFZ 26241,D1,2026-02-04,00:00:00,79.13500000,79.40100000,78.91700000,79.13700000,44039
OFZ 26241,D1,2026-02-05,00:00:00,79.13100000,79.28500000,78.87000000,78.94300000,700921
OFZ 26241,D1,2026-02-06,00:00:00,78.94300000,79.39600000,78.80000000,78.86800000,508957
OFZ 26241,D1,2026-02-09,00:00:00,79.19600000,79.26700000,78.62500000,78.83900000,208036
OFZ 26241,D1,2026-02-10,00:00:00,78.83900000,78.95700000,78.22500000,78.40800000,310803
OFZ 26241,D1,2026-02-11,00:00:00,78.45500000,79.36500000,78.36100000,79.22300000,79498
OFZ 26241,D1,2026-02-12,00:00:00,79.29700000,79.40000000,78.84500000,79.07800000,116992
OFZ 26241,D1,2026-02-13,00:00:00,79.09800000,80.18300000,78.92800000,79.96100000,120242
OFZ 26241,D1,2026-02-16,00:00:00,79.99500000,80.97000000,79.80600000,80.29000000,104291
OFZ 26241,D1,2026-02-17,00:00:00,80.42500000,80.59300000,80.01000000,80.51700000,91399
OFZ 26241,D1,2026-02-18,00:00:00,80.51900000,80.99700000,80.31200000,80.87000000,440463
OFZ 26241,D1,2026-02-19,00:00:00,80.85800000,80.99600000,80.36600000,80.79000000,66716
OFZ 26241,D1,2026-02-20,00:00:00,80.79800000,80.87000000,79.97900000,80.65000000,281507
OFZ 26241,D1,2026-02-24,00:00:00,80.65800000,80.94600000,80.25800000,80.49100000,449310
OFZ 26241,D1,2026-02-25,00:00:00,80.52800000,80.60000000,79.98100000,80.16100000,126865
OFZ 26241,D1,2026-02-26,00:00:00,80.27200000,80.41700000,79.90000000,80.16700000,42831
OFZ 26241,D1,2026-02-27,00:00:00,80.17500000,80.39900000,79.56100000,80.10000000,163124
OFZ 26241,D1,2026-03-02,00:00:00,80.31100000,80.31100000,79.30000000,79.97800000,933704
OFZ 26241,D1,2026-03-03,00:00:00,80.05900000,80.18000000,79.65500000,79.94100000,381661
OFZ 26241,D1,2026-03-04,00:00:00,79.94100000,80.22800000,79.80000000,79.90100000,107124
OFZ 26241,D1,2026-03-05,00:00:00,79.90400000,80.09400000,79.81100000,79.84000000,27228
OFZ 26241,D1,2026-03-06,00:00:00,80.03000000,80.08700000,79.80200000,79.97600000,14218
OFZ 26241,D1,2026-03-09,00:00:00,80.03900000,80.09800000,79.95000000,80.00900000,41114
OFZ 26241,D1,2026-03-10,00:00:00,80.09000000,80.59500000,79.80000000,80.04500000,44744
OFZ 26241,D1,2026-03-11,00:00:00,80.27300000,80.27300000,79.95000000,80.23300000,273258
OFZ 26241,D1,2026-03-12,00:00:00,80.23300000,81.19200000,80.23300000,81.19200000,72537
OFZ 26241,D1,2026-03-13,00:00:00,81.20000000,82.16200000,81.19200000,81.68900000,66114
OFZ 26241,D1,2026-03-16,00:00:00,81.68900000,82.00000000,81.20900000,81.33600000,65946
OFZ 26241,D1,2026-03-17,00:00:00,81.26400000,81.56300000,80.92100000,81.34000000,1216790
OFZ 26241,D1,2026-03-18,00:00:00,81.40000000,81.57000000,81.20000000,81.35500000,397909
OFZ 26241,D1,2026-03-19,00:00:00,81.35500000,81.69900000,81.02500000,81.16400000,473884
OFZ 26241,D1,2026-03-20,00:00:00,81.40000000,81.59700000,80.99300000,81.30000000,507814
OFZ 26241,D1,2026-03-23,00:00:00,81.25000000,81.39800000,80.74000000,81.06400000,127787
OFZ 26241,D1,2026-03-24,00:00:00,80.90300000,81.24800000,80.81400000,81.23000000,332078
OFZ 26241,D1,2026-03-25,00:00:00,81.24800000,81.41000000,81.00500000,81.23000000,233305
OFZ 26241,D1,2026-03-26,00:00:00,81.23000000,81.49000000,81.17000000,81.42000000,383875
OFZ 26241,D1,2026-03-27,00:00:00,81.40000000,81.50000000,81.29500000,81.49900000,585927
OFZ 26241,D1,2026-03-28,00:00:00,81.50000000,81.50000000,81.30300000,81.49800000,7000
OFZ 26241,D1,2026-03-29,00:00:00,81.50000000,81.58100000,81.30900000,81.56000000,6503
OFZ 26241,D1,2026-03-30,00:00:00,81.50000000,81.58100000,81.12100000,81.25900000,1008683
OFZ 26241,D1,2026-03-31,00:00:00,81.25900000,81.32700000,81.10000000,81.24900000,173645
OFZ 26241,D1,2026-04-01,00:00:00,81.24900000,81.30000000,81.00000000,81.22000000,155720
OFZ 26241,D1,2026-04-02,00:00:00,81.24900000,81.44400000,80.98000000,81.13900000,81612
OFZ 26241,D1,2026-04-03,00:00:00,81.00100000,81.40100000,80.81000000,81.24800000,48484
OFZ 26241,D1,2026-04-04,00:00:00,81.24800000,81.39000000,80.81000000,81.31700000,2819
OFZ 26241,D1,2026-04-05,00:00:00,81.40100000,81.40100000,80.85100000,81.27500000,2901
OFZ 26241,D1,2026-04-06,00:00:00,81.24800000,81.42900000,80.81000000,81.17000000,143207
OFZ 26241,D1,2026-04-07,00:00:00,81.05000000,81.40000000,80.90000000,81.09800000,117156
OFZ 26241,D1,2026-04-08,00:00:00,81.39900000,81.40000000,81.00400000,81.22900000,79984
OFZ 26241,D1,2026-04-09,00:00:00,81.23000000,81.27700000,80.90000000,81.17800000,504584
OFZ 26241,D1,2026-04-10,00:00:00,81.22500000,81.86100000,80.81100000,81.76000000,115521
OFZ 26241,D1,2026-04-11,00:00:00,81.86000000,81.99900000,81.33700000,81.71500000,3159
OFZ 26241,D1,2026-04-12,00:00:00,81.76000000,81.99200000,81.49200000,81.72500000,7081
OFZ 26241,D1,2026-04-13,00:00:00,81.86000000,81.99900000,81.20000000,81.51900000,65797
OFZ 26241,D1,2026-04-14,00:00:00,81.66300000,81.79900000,81.04000000,81.37700000,56684
OFZ 26241,D1,2026-04-15,00:00:00,81.37800000,82.74600000,81.30300000,82.47700000,154776
OFZ 26241,D1,2026-04-16,00:00:00,82.28900000,82.47700000,81.80000000,82.36300000,84186
OFZ 26241,D1,2026-04-17,00:00:00,82.37800000,82.37800000,81.95900000,82.19300000,29594
OFZ 26241,D1,2026-04-18,00:00:00,82.15200000,82.37300000,82.11700000,82.25000000,3036
OFZ 26241,D1,2026-04-19,00:00:00,82.37700000,82.37700000,82.10600000,82.30900000,2760
OFZ 26241,D1,2026-04-20,00:00:00,82.15200000,82.37700000,82.00000000,82.26900000,96121
OFZ 26241,D1,2026-04-21,00:00:00,82.29400000,82.40100000,82.05900000,82.31700000,97559
OFZ 26241,D1,2026-04-22,00:00:00,82.31900000,83.18300000,81.95700000,83.04900000,159064
OFZ 26241,D1,2026-04-23,00:00:00,83.04900000,83.14400000,82.62600000,82.88300000,180987
OFZ 26241,D1,2026-04-24,00:00:00,82.88300000,83.19800000,81.80000000,81.98700000,236715
OFZ 26241,D1,2026-04-25,00:00:00,81.98800000,82.36300000,81.98700000,82.13500000,4205
OFZ 26241,D1,2026-04-26,00:00:00,82.25800000,82.25900000,81.98900000,82.06700000,2545
OFZ 26241,D1,2026-04-27,00:00:00,81.98800000,82.36300000,81.53400000,81.72200000,88853
OFZ 26241,D1,2026-04-28,00:00:00,81.95800000,82.01300000,81.68100000,81.75300000,223593
OFZ 26241,D1,2026-04-29,00:00:00,81.69500000,81.91100000,81.61400000,81.70000000,680582
OFZ 26241,D1,2026-04-30,00:00:00,81.72100000,82.06400000,81.60800000,81.95000000,80825
OFZ 26241,D1,2026-05-02,00:00:00,82.01100000,82.46700000,81.96800000,82.20000000,18189
OFZ 26241,D1,2026-05-03,00:00:00,82.20000000,82.20300000,81.97000000,82.10400000,3585
OFZ 26241,D1,2026-05-04,00:00:00,81.95000000,82.46700000,81.90200000,81.91800000,73210
OFZ 26241,D1,2026-05-05,00:00:00,82.13000000,82.18600000,81.90200000,82.03500000,173985
OFZ 26241,D1,2026-05-06,00:00:00,82.18800000,82.47000000,81.98000000,82.07200000,126517
OFZ 26241,D1,2026-05-07,00:00:00,82.07200000,82.21000000,81.91000000,81.97900000,39358
OFZ 26241,D1,2026-05-08,00:00:00,81.97900000,82.15000000,81.81800000,81.92000000,140845
OFZ 26241,D1,2026-05-11,00:00:00,81.92000000,82.34400000,81.82200000,82.32200000,15719
OFZ 26241,D1,2026-05-12,00:00:00,82.24100000,82.42500000,81.82100000,82.17300000,220627
OFZ 26241,D1,2026-05-13,00:00:00,82.17300000,82.42600000,81.82100000,81.98100000,131017
OFZ 26241,D1,2026-05-14,00:00:00,81.98100000,82.20000000,81.80000000,81.99900000,283996
OFZ 26241,D1,2026-05-15,00:00:00,81.99800000,82.38900000,81.80000000,82.06700000,29758
OFZ 26241,D1,2026-05-16,00:00:00,81.94500000,82.11100000,81.73700000,82.03500000,5083
OFZ 26241,D1,2026-05-17,00:00:00,82.02900000,82.03500000,81.90100000,82.00000000,3178
OFZ 26241,D1,2026-05-18,00:00:00,81.94500000,82.41700000,81.73700000,81.86000000,1359839
OFZ 26241,D1,2026-05-19,00:00:00,81.85500000,81.95000000,81.70100000,81.75400000,41409
OFZ 26241,D1,2026-05-20,00:00:00,81.95000000,82.16600000,81.70000000,81.89900000,108441
OFZ 26241,D1,2026-05-21,00:00:00,81.90000000,82.12000000,81.75000000,81.93100000,33812
OFZ 26241,D1,2026-05-22,00:00:00,81.92900000,82.12800000,81.80000000,81.80000000,60338
OFZ 26241,D1,2026-05-23,00:00:00,82.12800000,82.12800000,81.70000000,81.90000000,7833
OFZ 26241,D1,2026-05-24,00:00:00,82.00200000,82.13000000,81.79100000,81.82600000,2482
OFZ 26241,D1,2026-05-25,00:00:00,82.12800000,82.13000000,81.53700000,81.68100000,194531
OFZ 26241,D1,2026-05-26,00:00:00,81.87000000,81.98800000,81.54000000,81.79500000,255768
OFZ 26241,D1,2026-05-27,00:00:00,81.79500000,81.85500000,81.58000000,81.61300000,146122
OFZ 26241,D1,2026-05-28,00:00:00,81.73000000,81.83500000,81.60000000,81.78300000,82193
OFZ 26241,D1,2026-05-29,00:00:00,81.80000000,81.88800000,81.60100000,81.61300000,41420
OFZ 26241,D1,2026-05-30,00:00:00,81.75500000,81.75500000,81.55000000,81.74600000,4803
OFZ 26241,D1,2026-05-31,00:00:00,81.72700000,81.72700000,81.59200000,81.59900000,4626
OFZ 26241,MN1,2025-12-31,00:00:00,79.82900000,82.55000000,79.02800000,80.81900000,3300138
OFZ 26241,MN1,2026-01-31,00:00:00,80.68300000,81.06600000,78.62400000,79.29700000,1303477
OFZ 26241,MN1,2026-02-28,00:00:00,79.29700000,80.99700000,78.22500000,80.10000000,3970629
OFZ 26241,MN1,2026-03-31,00:00:00,80.31100000,82.16200000,79.30000000,81.24900000,7482848
OFZ 26241,MN1,2026-04-30,00:00:00,81.24900000,83.19800000,80.81000000,81.95000000,3510110
OFZ 26241,W1,2025-12-07,00:00:00,79.82900000,81.53000000,79.02800000,80.93300000,913422
OFZ 26241,W1,2025-12-14,00:00:00,80.93300000,81.49600000,80.23000000,81.22500000,545597
OFZ 26241,W1,2025-12-21,00:00:00,81.21500000,82.52900000,80.00000000,80.45000000,1037884
OFZ 26241,W1,2025-12-28,00:00:00,80.45500000,80.76000000,79.30000000,79.70000000,545835
OFZ 26241,W1,2026-01-04,00:00:00,79.70000000,82.55000000,79.30600000,80.81900000,257400
OFZ 26241,W1,2026-01-11,00:00:00,80.68300000,81.06600000,80.01100000,80.29300000,142741
OFZ 26241,W1,2026-01-18,00:00:00,80.29000000,80.59200000,79.10000000,80.12000000,333012
OFZ 26241,W1,2026-01-25,00:00:00,80.13900000,80.13900000,78.90400000,79.35800000,416439
OFZ 26241,W1,2026-02-01,00:00:00,79.30100000,79.64900000,78.62400000,79.29700000,411285
OFZ 26241,W1,2026-02-08,00:00:00,79.29700000,79.43100000,78.80000000,78.86800000,1368552
OFZ 26241,W1,2026-02-15,00:00:00,79.19600000,80.18300000,78.22500000,79.96100000,835571
OFZ 26241,W1,2026-02-22,00:00:00,79.99500000,80.99700000,79.80600000,80.65000000,984376
OFZ 26241,W1,2026-03-01,00:00:00,80.65800000,80.94600000,79.56100000,80.10000000,782130
OFZ 26241,W1,2026-03-08,00:00:00,80.31100000,80.31100000,79.30000000,79.97600000,1463935
OFZ 26241,W1,2026-03-15,00:00:00,80.03900000,82.16200000,79.80000000,81.68900000,497767
OFZ 26241,W1,2026-03-22,00:00:00,81.68900000,82.00000000,80.92100000,81.30000000,2662343
OFZ 26241,W1,2026-03-29,00:00:00,81.25000000,81.58100000,80.74000000,81.56000000,1676475
OFZ 26241,W1,2026-04-05,00:00:00,81.50000000,81.58100000,80.81000000,81.27500000,1473864
OFZ 26241,W1,2026-04-12,00:00:00,81.24800000,81.99900000,80.81000000,81.72500000,970692
OFZ 26241,W1,2026-04-19,00:00:00,81.86000000,82.74600000,81.04000000,82.30900000,396833
OFZ 26241,W1,2026-04-26,00:00:00,82.15200000,83.19800000,81.80000000,82.06700000,777196
OFZ 26241,W1,2026-05-03,00:00:00,81.98800000,82.46700000,81.53400000,82.10400000,1095627
OFZ 26241,W1,2026-05-10,00:00:00,81.95000000,82.47000000,81.81800000,81.92000000,553915
OFZ 26241,W1,2026-05-17,00:00:00,81.92000000,82.42600000,81.73700000,82.00000000,689378
OFZ 26241,W1,2026-05-24,00:00:00,81.94500000,82.41700000,81.70000000,81.82600000,1614154
OFZ 26242,D1,2025-12-01,00:00:00,85.64400000,86.22300000,85.00000000,85.37500000,76558
OFZ 26242,D1,2025-12-02,00:00:00,85.40700000,85.83300000,85.25400000,85.70400000,50131
OFZ 26242,D1,2025-12-03,00:00:00,85.55600000,86.49800000,85.50100000,86.16200000,33304
OFZ 26242,D1,2025-12-04,00:00:00,86.42300000,86.64000000,85.85000000,86.34300000,192409
OFZ 26242,D1,2025-12-05,00:00:00,86.34300000,86.84400000,86.13100000,86.44600000,32284
OFZ 26242,D1,2025-12-08,00:00:00,86.43600000,86.49400000,86.00100000,86.28000000,22455
OFZ 26242,D1,2025-12-09,00:00:00,86.44800000,86.59200000,86.24200000,86.52800000,99310
OFZ 26242,D1,2025-12-10,00:00:00,86.38500000,86.61000000,86.12100000,86.55700000,231783
OFZ 26242,D1,2025-12-11,00:00:00,86.59800000,86.67000000,86.32200000,86.36800000,77738
OFZ 26242,D1,2025-12-12,00:00:00,86.36800000,86.98700000,86.30900000,86.74400000,41581
OFZ 26242,D1,2025-12-15,00:00:00,86.74600000,86.98600000,86.52100000,86.74600000,43048
OFZ 26242,D1,2025-12-16,00:00:00,86.82500000,87.00800000,86.57600000,86.87100000,118607
OFZ 26242,D1,2025-12-17,00:00:00,86.97900000,87.38700000,86.75000000,87.28300000,158453
OFZ 26242,D1,2025-12-18,00:00:00,87.02400000,87.30000000,86.98900000,87.13700000,27700
OFZ 26242,D1,2025-12-19,00:00:00,87.28100000,87.28300000,85.56500000,86.67400000,48600
OFZ 26242,D1,2025-12-22,00:00:00,86.78400000,86.82200000,86.30200000,86.48100000,25227
OFZ 26242,D1,2025-12-23,00:00:00,86.61600000,86.75000000,85.90100000,86.41700000,33335
OFZ 26242,D1,2025-12-24,00:00:00,86.47700000,86.55000000,86.27600000,86.40700000,70630
OFZ 26242,D1,2025-12-25,00:00:00,86.40000000,86.50000000,85.87000000,86.17100000,63304
OFZ 26242,D1,2025-12-26,00:00:00,86.33900000,86.44400000,86.12600000,86.43400000,63683
OFZ 26242,D1,2025-12-29,00:00:00,86.43500000,87.06000000,86.11900000,86.29900000,82164
OFZ 26242,D1,2025-12-30,00:00:00,86.34100000,86.94900000,86.30100000,86.60000000,62149
OFZ 26242,D1,2026-01-05,00:00:00,86.84300000,86.94500000,86.45100000,86.75600000,24719
OFZ 26242,D1,2026-01-06,00:00:00,86.60900000,87.28900000,86.58400000,86.80900000,12265
OFZ 26242,D1,2026-01-08,00:00:00,86.80900000,87.19500000,86.72400000,86.93200000,8882
OFZ 26242,D1,2026-01-09,00:00:00,86.92600000,87.19000000,86.64900000,86.83500000,8723
OFZ 26242,D1,2026-01-12,00:00:00,86.83500000,87.29600000,86.04700000,86.27200000,73975
OFZ 26242,D1,2026-01-13,00:00:00,86.33200000,86.56400000,86.10100000,86.29000000,21407
OFZ 26242,D1,2026-01-14,00:00:00,86.27200000,86.70000000,85.95000000,86.32600000,42001
OFZ 26242,D1,2026-01-15,00:00:00,86.47300000,86.49300000,86.01000000,86.08700000,350864
OFZ 26242,D1,2026-01-16,00:00:00,86.31300000,86.89000000,86.05000000,86.80400000,30738
OFZ 26242,D1,2026-01-19,00:00:00,86.86600000,87.00000000,86.22800000,86.41600000,16033
OFZ 26242,D1,2026-01-20,00:00:00,86.48400000,86.52900000,86.13200000,86.45600000,14800
OFZ 26242,D1,2026-01-21,00:00:00,86.45700000,86.89300000,85.56100000,85.83700000,126618
OFZ 26242,D1,2026-01-22,00:00:00,85.72600000,86.28900000,85.56300000,85.99100000,140710
OFZ 26242,D1,2026-01-23,00:00:00,86.10300000,86.20900000,85.66000000,85.80100000,48137
OFZ 26242,D1,2026-01-26,00:00:00,85.80100000,86.04000000,85.30000000,85.54900000,239303
OFZ 26242,D1,2026-01-27,00:00:00,85.68100000,85.69900000,85.40000000,85.62000000,184581
OFZ 26242,D1,2026-01-28,00:00:00,85.70000000,86.23100000,85.46400000,86.06200000,83387
OFZ 26242,D1,2026-01-29,00:00:00,86.18200000,86.23000000,85.60000000,86.05900000,31899
OFZ 26242,D1,2026-01-30,00:00:00,85.82000000,86.15000000,85.80600000,85.87200000,20023
OFZ 26242,D1,2026-02-02,00:00:00,85.55000000,86.10000000,85.45000000,85.85800000,124911
OFZ 26242,D1,2026-02-03,00:00:00,85.82100000,86.29800000,85.70000000,86.13400000,485358
OFZ 26242,D1,2026-02-04,00:00:00,86.13400000,86.40000000,85.70000000,86.16400000,296857
OFZ 26242,D1,2026-02-05,00:00:00,86.10200000,86.69700000,85.60000000,85.96000000,50758
OFZ 26242,D1,2026-02-06,00:00:00,86.12900000,86.38400000,85.51200000,85.92600000,58951
OFZ 26242,D1,2026-02-09,00:00:00,85.92600000,86.44600000,85.63000000,86.05200000,32706
OFZ 26242,D1,2026-02-10,00:00:00,86.12700000,86.42500000,85.80000000,85.83600000,66390
OFZ 26242,D1,2026-02-11,00:00:00,85.88900000,86.50000000,85.67600000,86.34200000,76125
OFZ 26242,D1,2026-02-12,00:00:00,86.27900000,86.59900000,86.12100000,86.21500000,336337
OFZ 26242,D1,2026-02-13,00:00:00,86.25000000,87.09700000,86.09900000,86.65000000,156292
OFZ 26242,D1,2026-02-16,00:00:00,86.72300000,86.90000000,86.39800000,86.59900000,123076
OFZ 26242,D1,2026-02-17,00:00:00,86.73600000,86.98000000,86.46300000,86.98000000,268755
OFZ 26242,D1,2026-02-18,00:00:00,87.00000000,87.37300000,86.82400000,87.23500000,56804
OFZ 26242,D1,2026-02-19,00:00:00,87.28700000,87.38900000,87.03500000,87.24200000,30620
OFZ 26242,D1,2026-02-20,00:00:00,87.24200000,87.59000000,86.92900000,87.29100000,112776
OFZ 26242,D1,2026-02-24,00:00:00,87.41400000,87.67800000,87.00100000,87.25100000,43031
OFZ 26242,D1,2026-02-25,00:00:00,87.25000000,87.46400000,86.90000000,87.03000000,74275
OFZ 26242,D1,2026-02-26,00:00:00,87.24900000,87.45000000,86.80100000,87.03300000,100393
OFZ 26242,D1,2026-02-27,00:00:00,87.21100000,87.55900000,86.78500000,87.23200000,76925
OFZ 26242,D1,2026-03-02,00:00:00,87.45300000,87.49400000,86.52300000,87.40000000,1569674
OFZ 26242,D1,2026-03-03,00:00:00,87.39000000,87.40000000,86.55100000,87.18800000,269561
OFZ 26242,D1,2026-03-04,00:00:00,87.15300000,87.39900000,87.10000000,87.39000000,179634
OFZ 26242,D1,2026-03-05,00:00:00,87.39400000,87.39600000,87.14500000,87.21200000,804758
OFZ 26242,D1,2026-03-06,00:00:00,87.27000000,87.40000000,87.17000000,87.28700000,410143
OFZ 26242,D1,2026-03-09,00:00:00,87.39900000,87.40000000,86.50300000,87.34900000,37529
OFZ 26242,D1,2026-03-10,00:00:00,87.20200000,87.40000000,87.20000000,87.39500000,169497
OFZ 26242,D1,2026-03-11,00:00:00,87.46500000,87.79800000,87.41400000,87.65900000,306609
OFZ 26242,D1,2026-03-12,00:00:00,87.54300000,88.75000000,87.41800000,88.74800000,46681
OFZ 26242,D1,2026-03-13,00:00:00,88.74800000,89.02400000,88.54200000,88.65100000,54359
OFZ 26242,D1,2026-03-16,00:00:00,88.65100000,88.96700000,88.45500000,88.65600000,271214
OFZ 26242,D1,2026-03-17,00:00:00,88.61000000,88.86800000,88.55200000,88.78000000,165207
OFZ 26242,D1,2026-03-18,00:00:00,88.78100000,89.14900000,88.65300000,88.95900000,470921
OFZ 26242,D1,2026-03-19,00:00:00,88.94800000,89.15600000,88.75400000,88.89900000,119775
OFZ 26242,D1,2026-03-20,00:00:00,89.00000000,89.38500000,88.84900000,89.11000000,102164
OFZ 26242,D1,2026-03-23,00:00:00,89.11000000,89.37000000,88.55100000,89.18100000,191183
OFZ 26242,D1,2026-03-24,00:00:00,89.18900000,89.19900000,88.89400000,89.05700000,82966
OFZ 26242,D1,2026-03-25,00:00:00,89.05700000,89.71800000,89.00000000,89.23800000,485916
OFZ 26242,D1,2026-03-26,00:00:00,89.37200000,89.48300000,89.10100000,89.20000000,61525
OFZ 26242,D1,2026-03-27,00:00:00,89.39400000,89.39500000,89.00800000,89.20000000,73026
OFZ 26242,D1,2026-03-28,00:00:00,89.20900000,89.28200000,89.00000000,89.19800000,3696
OFZ 26242,D1,2026-03-29,00:00:00,89.19800000,89.19800000,88.95500000,89.02100000,1847
OFZ 26242,D1,2026-03-30,00:00:00,89.20900000,89.28200000,88.90000000,89.14900000,296560
OFZ 26242,D1,2026-03-31,00:00:00,89.10000000,89.28000000,88.92600000,89.08900000,95399
OFZ 26242,D1,2026-04-01,00:00:00,89.08900000,89.28000000,88.90300000,89.07500000,279223
OFZ 26242,D1,2026-04-02,00:00:00,89.24900000,89.25000000,88.94000000,89.17200000,367510
OFZ 26242,D1,2026-04-03,00:00:00,89.17200000,89.17200000,88.90300000,89.00300000,198575
OFZ 26242,D1,2026-04-04,00:00:00,89.00300000,89.21000000,88.90000000,89.15000000,1659
OFZ 26242,D1,2026-04-05,00:00:00,89.10000000,89.24100000,88.95300000,89.05100000,2114
OFZ 26242,D1,2026-04-06,00:00:00,89.00300000,89.24600000,88.90000000,89.23500000,2613123
OFZ 26242,D1,2026-04-07,00:00:00,89.24500000,89.37800000,89.04200000,89.20700000,323747
OFZ 26242,D1,2026-04-08,00:00:00,89.20700000,89.38000000,89.13100000,89.24900000,121173
OFZ 26242,D1,2026-04-09,00:00:00,89.15100000,89.50000000,89.15100000,89.37900000,360122
OFZ 26242,D1,2026-04-10,00:00:00,89.50000000,90.00000000,89.30200000,89.71300000,174870
OFZ 26242,D1,2026-04-11,00:00:00,89.78200000,89.88900000,89.40000000,89.54900000,2178
OFZ 26242,D1,2026-04-12,00:00:00,89.54900000,89.78100000,89.54900000,89.58300000,2196
OFZ 26242,D1,2026-04-13,00:00:00,89.78200000,89.90000000,89.30200000,89.58800000,306279
OFZ 26242,D1,2026-04-14,00:00:00,89.60000000,89.69700000,89.41400000,89.49600000,247156
OFZ 26242,D1,2026-04-15,00:00:00,89.50000000,89.80000000,89.25000000,89.73600000,265972
OFZ 26242,D1,2026-04-16,00:00:00,89.73600000,89.93100000,89.50000000,89.84100000,1068051
OFZ 26242,D1,2026-04-17,00:00:00,89.89000000,90.00000000,89.71400000,89.95800000,317944
OFZ 26242,D1,2026-04-18,00:00:00,89.90600000,90.18200000,89.80000000,90.14200000,3542
OFZ 26242,D1,2026-04-19,00:00:00,90.00600000,90.28900000,89.90000000,90.12800000,3612
OFZ 26242,D1,2026-04-20,00:00:00,89.90600000,90.40000000,89.80000000,90.18200000,875481
OFZ 26242,D1,2026-04-21,00:00:00,90.18200000,90.36300000,90.05500000,90.36100000,5345185
OFZ 26242,D1,2026-04-22,00:00:00,90.36400000,90.60000000,90.20000000,90.39600000,1256891
OFZ 26242,D1,2026-04-23,00:00:00,90.49900000,90.49900000,90.26400000,90.27100000,400755
OFZ 26242,D1,2026-04-24,00:00:00,90.26200000,90.83000000,89.16200000,90.00200000,841013
OFZ 26242,D1,2026-04-25,00:00:00,90.00200000,90.04800000,89.65100000,89.99800000,2329
OFZ 26242,D1,2026-04-26,00:00:00,90.04800000,90.04800000,89.78700000,89.96900000,1933
OFZ 26242,D1,2026-04-27,00:00:00,90.00200000,90.04800000,89.21200000,89.82600000,406773
OFZ 26242,D1,2026-04-28,00:00:00,89.99100000,90.03600000,89.70100000,89.70600000,3405286
OFZ 26242,D1,2026-04-29,00:00:00,89.71100000,90.06700000,89.64600000,89.70100000,2829298
OFZ 26242,D1,2026-04-30,00:00:00,89.80000000,89.96300000,89.51800000,89.72900000,740078
OFZ 26242,D1,2026-05-02,00:00:00,89.91500000,90.04900000,89.70300000,89.91000000,2399
OFZ 26242,D1,2026-05-03,00:00:00,89.90500000,89.92600000,89.70500000,89.78000000,1377
OFZ 26242,D1,2026-05-04,00:00:00,89.72900000,90.04900000,89.70100000,89.79300000,75288
OFZ 26242,D1,2026-05-05,00:00:00,89.93700000,89.99900000,89.65200000,89.76500000,115859
OFZ 26242,D1,2026-05-06,00:00:00,89.70000000,89.96800000,89.65200000,89.83000000,115851
OFZ 26242,D1,2026-05-07,00:00:00,89.83100000,90.05200000,89.76100000,89.76700000,164945
OFZ 26242,D1,2026-05-08,00:00:00,89.76700000,90.06300000,89.70100000,89.94800000,80742
OFZ 26242,D1,2026-05-11,00:00:00,89.90000000,90.15500000,89.76800000,90.10000000,14565
OFZ 26242,D1,2026-05-12,00:00:00,90.15500000,90.15800000,89.80500000,90.14700000,157085
OFZ 26242,D1,2026-05-13,00:00:00,90.14700000,90.15700000,89.82900000,89.82900000,87740
OFZ 26242,D1,2026-05-14,00:00:00,89.82900000,90.12400000,89.79000000,89.88200000,88141
OFZ 26242,D1,2026-05-15,00:00:00,89.94900000,90.39000000,89.65100000,90.04000000,83195
OFZ 26242,D1,2026-05-16,00:00:00,90.19400000,90.20000000,89.93000000,90.09500000,1250
OFZ 26242,D1,2026-05-17,00:00:00,90.16000000,90.20000000,89.85100000,90.10400000,2199
OFZ 26242,D1,2026-05-18,00:00:00,90.19400000,90.20000000,89.72200000,90.07800000,82552
OFZ 26242,D1,2026-05-19,00:00:00,89.99100000,90.09800000,89.55100000,89.75400000,123389
OFZ 26242,D1,2026-05-20,00:00:00,89.96000000,90.00000000,89.60000000,89.86400000,238639
OFZ 26242,D1,2026-05-21,00:00:00,89.90000000,89.98900000,89.65000000,89.67800000,110690
OFZ 26242,D1,2026-05-22,00:00:00,89.65300000,89.88000000,89.64000000,89.65100000,63369
OFZ 26242,D1,2026-05-23,00:00:00,89.64000000,89.77000000,89.60000000,89.76700000,3340
OFZ 26242,D1,2026-05-24,00:00:00,89.77000000,89.77000000,89.62000000,89.76500000,1275
OFZ 26242,D1,2026-05-25,00:00:00,89.64000000,89.85500000,89.55100000,89.59300000,198485
OFZ 26242,D1,2026-05-26,00:00:00,89.59300000,89.79700000,89.45400000,89.53200000,82541
OFZ 26242,D1,2026-05-27,00:00:00,89.46400000,89.68900000,89.31300000,89.48900000,91292
OFZ 26242,D1,2026-05-28,00:00:00,89.50000000,89.80000000,89.50000000,89.71200000,55652
OFZ 26242,D1,2026-05-29,00:00:00,89.55000000,89.86400000,89.40400000,89.50300000,57215
OFZ 26242,D1,2026-05-30,00:00:00,89.69800000,89.69800000,89.38700000,89.53200000,1312
OFZ 26242,D1,2026-05-31,00:00:00,89.53200000,89.59900000,89.38500000,89.41100000,1418
OFZ 26242,MN1,2025-12-31,00:00:00,85.64400000,87.38700000,85.00000000,86.60000000,1654453
OFZ 26242,MN1,2026-01-31,00:00:00,86.84300000,87.29600000,85.30000000,85.87200000,1479065
OFZ 26242,MN1,2026-02-28,00:00:00,85.55000000,87.67800000,85.45000000,87.23200000,2571340
OFZ 26242,MN1,2026-03-31,00:00:00,87.45300000,89.71800000,86.50300000,89.08900000,6269844
OFZ 26242,MN1,2026-04-30,00:00:00,89.08900000,90.83000000,88.90000000,89.72900000,22764068
OFZ 26242,W1,2025-12-07,00:00:00,85.64400000,86.84400000,85.00000000,86.44600000,384686
OFZ 26242,W1,2025-12-14,00:00:00,86.43600000,86.98700000,86.00100000,86.74400000,472867
OFZ 26242,W1,2025-12-21,00:00:00,86.74600000,87.38700000,85.56500000,86.67400000,396408
OFZ 26242,W1,2025-12-28,00:00:00,86.78400000,86.82200000,85.87000000,86.43400000,256179
OFZ 26242,W1,2026-01-04,00:00:00,86.43500000,87.06000000,86.11900000,86.60000000,144313
OFZ 26242,W1,2026-01-11,00:00:00,86.84300000,87.28900000,86.45100000,86.83500000,54589
OFZ 26242,W1,2026-01-18,00:00:00,86.83500000,87.29600000,85.95000000,86.80400000,518985
OFZ 26242,W1,2026-01-25,00:00:00,86.86600000,87.00000000,85.56100000,85.80100000,346298
OFZ 26242,W1,2026-02-01,00:00:00,85.80100000,86.23100000,85.30000000,85.87200000,559193
OFZ 26242,W1,2026-02-08,00:00:00,85.55000000,86.69700000,85.45000000,85.92600000,1016835
OFZ 26242,W1,2026-02-15,00:00:00,85.92600000,87.09700000,85.63000000,86.65000000,667850
OFZ 26242,W1,2026-02-22,00:00:00,86.72300000,87.59000000,86.39800000,87.29100000,592031
OFZ 26242,W1,2026-03-01,00:00:00,87.41400000,87.67800000,86.78500000,87.23200000,294624
OFZ 26242,W1,2026-03-08,00:00:00,87.45300000,87.49400000,86.52300000,87.28700000,3233770
OFZ 26242,W1,2026-03-15,00:00:00,87.39900000,89.02400000,86.50300000,88.65100000,614675
OFZ 26242,W1,2026-03-22,00:00:00,88.65100000,89.38500000,88.45500000,89.11000000,1129281
OFZ 26242,W1,2026-03-29,00:00:00,89.11000000,89.71800000,88.55100000,89.02100000,900159
OFZ 26242,W1,2026-04-05,00:00:00,89.20900000,89.28200000,88.90000000,89.05100000,1241040
OFZ 26242,W1,2026-04-12,00:00:00,89.00300000,90.00000000,88.90000000,89.58300000,3597409
OFZ 26242,W1,2026-04-19,00:00:00,89.78200000,90.28900000,89.25000000,90.12800000,2212556
OFZ 26242,W1,2026-04-26,00:00:00,89.90600000,90.83000000,89.16200000,89.96900000,8723587
OFZ 26242,W1,2026-05-03,00:00:00,90.00200000,90.06700000,89.21200000,89.78000000,7385211
OFZ 26242,W1,2026-05-10,00:00:00,89.72900000,90.06300000,89.65200000,89.94800000,552685
OFZ 26242,W1,2026-05-17,00:00:00,89.90000000,90.39000000,89.65100000,90.10400000,434175
OFZ 26242,W1,2026-05-24,00:00:00,90.19400000,90.20000000,89.55100000,89.76500000,623254
OFZ 26243,D1,2025-12-01,00:00:00,75.07000000,75.40000000,74.62900000,74.76900000,218625
OFZ 26243,D1,2025-12-02,00:00:00,74.76900000,75.04500000,74.48200000,74.76800000,255266
OFZ 26243,D1,2025-12-03,00:00:00,74.76600000,75.31000000,74.32100000,75.31000000,414950
OFZ 26243,D1,2025-12-04,00:00:00,75.31900000,75.65400000,75.23100000,75.58300000,1085478
OFZ 26243,D1,2025-12-05,00:00:00,75.64000000,76.11700000,75.51300000,76.06900000,288969
OFZ 26243,D1,2025-12-08,00:00:00,76.06900000,76.30000000,76.00500000,76.06000000,643094
OFZ 26243,D1,2025-12-09,00:00:00,76.15600000,76.16400000,75.70000000,75.93300000,178993
OFZ 26243,D1,2025-12-10,00:00:00,76.06000000,76.08800000,75.60600000,75.97000000,226781
OFZ 26243,D1,2025-12-11,00:00:00,76.05800000,76.50000000,75.90000000,76.36600000,271974
OFZ 26243,D1,2025-12-12,00:00:00,76.36700000,77.00000000,76.33900000,76.52000000,206532
OFZ 26243,D1,2025-12-15,00:00:00,76.57100000,76.92900000,76.42400000,76.54000000,236722
OFZ 26243,D1,2025-12-16,00:00:00,76.55600000,76.75000000,76.22000000,76.35400000,294316
OFZ 26243,D1,2025-12-17,00:00:00,76.41400000,76.47000000,76.16500000,76.47000000,310395
OFZ 26243,D1,2025-12-18,00:00:00,76.43300000,76.61000000,76.29700000,76.50600000,914530
OFZ 26243,D1,2025-12-19,00:00:00,76.51900000,76.69700000,75.70000000,76.03900000,1439379
OFZ 26243,D1,2025-12-22,00:00:00,76.03900000,76.19900000,75.25300000,75.33000000,235037
OFZ 26243,D1,2025-12-23,00:00:00,75.35000000,75.44700000,75.10100000,75.20000000,182371
OFZ 26243,D1,2025-12-24,00:00:00,75.24900000,75.25000000,74.90000000,74.99300000,289931
OFZ 26243,D1,2025-12-25,00:00:00,75.08800000,75.09900000,74.32200000,74.72800000,257039
OFZ 26243,D1,2025-12-26,00:00:00,74.75200000,74.90300000,74.50100000,74.62500000,294299
OFZ 26243,D1,2025-12-29,00:00:00,74.64000000,74.90500000,74.30600000,74.74000000,353926
OFZ 26243,D1,2025-12-30,00:00:00,74.74000000,75.19200000,74.55600000,75.10000000,526765
OFZ 26243,D1,2026-01-05,00:00:00,75.10000000,75.40700000,74.68900000,74.88000000,285151
OFZ 26243,D1,2026-01-06,00:00:00,74.96400000,74.99400000,74.67300000,74.85800000,243402
OFZ 26243,D1,2026-01-08,00:00:00,74.86600000,74.96100000,74.65000000,74.67900000,137142
OFZ 26243,D1,2026-01-09,00:00:00,74.67900000,74.79000000,74.55500000,74.72400000,104304
OFZ 26243,D1,2026-01-12,00:00:00,74.72700000,74.84900000,74.17700000,74.27400000,194571
OFZ 26243,D1,2026-01-13,00:00:00,74.29100000,74.42200000,73.70000000,73.90000000,309283
OFZ 26243,D1,2026-01-14,00:00:00,74.12000000,74.14900000,73.30600000,73.52400000,365998
OFZ 26243,D1,2026-01-15,00:00:00,73.74300000,73.89900000,73.33200000,73.78900000,1240139
OFZ 26243,D1,2026-01-16,00:00:00,73.76600000,73.92900000,73.57400000,73.89000000,462878
OFZ 26243,D1,2026-01-19,00:00:00,73.77500000,74.08600000,73.77500000,73.90000000,185619
OFZ 26243,D1,2026-01-20,00:00:00,73.95200000,73.95900000,73.73700000,73.87900000,165000
OFZ 26243,D1,2026-01-21,00:00:00,73.83800000,73.89300000,73.61000000,73.71000000,841444
OFZ 26243,D1,2026-01-22,00:00:00,73.71000000,74.11900000,73.61300000,74.09500000,670037
OFZ 26243,D1,2026-01-23,00:00:00,74.09500000,74.19800000,73.90900000,74.02000000,263880
OFZ 26243,D1,2026-01-26,00:00:00,74.02000000,74.08000000,73.65100000,73.70800000,338522
OFZ 26243,D1,2026-01-27,00:00:00,73.70800000,73.94000000,73.65000000,73.82700000,240231
OFZ 26243,D1,2026-01-28,00:00:00,73.75000000,74.05400000,73.63200000,73.97600000,333661
OFZ 26243,D1,2026-01-29,00:00:00,73.95000000,74.04900000,73.73400000,73.95200000,445804
OFZ 26243,D1,2026-01-30,00:00:00,73.80000000,73.99000000,73.75400000,73.86900000,399516
OFZ 26243,D1,2026-02-02,00:00:00,73.86000000,73.97100000,73.52600000,73.70000000,193046
OFZ 26243,D1,2026-02-03,00:00:00,73.70000000,73.84500000,73.65400000,73.70500000,250832
OFZ 26243,D1,2026-02-04,00:00:00,73.70600000,73.80900000,73.55300000,73.69500000,294386
OFZ 26243,D1,2026-02-05,00:00:00,73.61200000,73.72000000,73.40000000,73.49900000,255291
OFZ 26243,D1,2026-02-06,00:00:00,73.45700000,73.57200000,72.95000000,73.11100000,673807
OFZ 26243,D1,2026-02-09,00:00:00,73.15000000,73.44400000,72.90000000,72.94000000,377416
OFZ 26243,D1,2026-02-10,00:00:00,73.11900000,73.11900000,72.58200000,72.67300000,505145
OFZ 26243,D1,2026-02-11,00:00:00,72.82900000,73.52500000,72.61100000,73.52400000,399347
OFZ 26243,D1,2026-02-12,00:00:00,73.52500000,73.77500000,73.27100000,73.62500000,502488
OFZ 26243,D1,2026-02-13,00:00:00,73.65900000,74.96400000,73.26300000,74.82900000,729427
OFZ 26243,D1,2026-02-16,00:00:00,74.80000000,75.75000000,74.65200000,75.13000000,321150
OFZ 26243,D1,2026-02-17,00:00:00,75.11500000,75.40400000,74.75400000,75.27400000,127938
OFZ 26243,D1,2026-02-18,00:00:00,75.32000000,75.64700000,75.08600000,75.60600000,177403
OFZ 26243,D1,2026-02-19,00:00:00,75.60000000,75.84500000,75.45100000,75.60900000,125131
OFZ 26243,D1,2026-02-20,00:00:00,75.60000000,75.74900000,74.70300000,75.17100000,287653
OFZ 26243,D1,2026-02-24,00:00:00,75.17100000,75.58200000,75.00200000,75.29600000,168799
OFZ 26243,D1,2026-02-25,00:00:00,75.31600000,75.41200000,74.90000000,75.05300000,184432
OFZ 26243,D1,2026-02-26,00:00:00,75.14200000,75.22900000,74.60300000,74.74800000,292775
OFZ 26243,D1,2026-02-27,00:00:00,74.85000000,75.19900000,74.57000000,74.81700000,330189
OFZ 26243,D1,2026-03-02,00:00:00,74.81800000,75.19300000,74.45500000,75.01900000,464135
OFZ 26243,D1,2026-03-03,00:00:00,74.93900000,75.17500000,74.78200000,74.89900000,128874
OFZ 26243,D1,2026-03-04,00:00:00,74.99900000,75.13700000,74.50000000,74.80800000,154569
OFZ 26243,D1,2026-03-05,00:00:00,74.88500000,75.01000000,74.62000000,74.71900000,187246
OFZ 26243,D1,2026-03-06,00:00:00,74.72900000,74.93700000,74.47700000,74.76400000,122989
OFZ 26243,D1,2026-03-09,00:00:00,74.70000000,75.07200000,74.39200000,74.90000000,94272
OFZ 26243,D1,2026-03-10,00:00:00,74.93500000,75.13500000,74.62700000,74.82000000,276461
OFZ 26243,D1,2026-03-11,00:00:00,74.89900000,74.94700000,74.64600000,74.78800000,353057
OFZ 26243,D1,2026-03-12,00:00:00,74.79200000,75.70100000,74.69500000,75.63500000,313736
OFZ 26243,D1,2026-03-13,00:00:00,75.63500000,76.29600000,75.59500000,75.97300000,304317
OFZ 26243,D1,2026-03-16,00:00:00,75.97300000,76.30000000,75.75100000,76.11500000,382111
OFZ 26243,D1,2026-03-17,00:00:00,76.10000000,76.22100000,75.76300000,75.89700000,338079
OFZ 26243,D1,2026-03-18,00:00:00,75.89000000,75.97300000,75.77600000,75.90000000,201507
OFZ 26243,D1,2026-03-19,00:00:00,76.11500000,76.11500000,75.51300000,75.79700000,313300
OFZ 26243,D1,2026-03-20,00:00:00,75.80000000,76.15000000,75.57000000,75.72200000,244082
OFZ 26243,D1,2026-03-23,00:00:00,75.65700000,75.94000000,74.97000000,75.49700000,471301
OFZ 26243,D1,2026-03-24,00:00:00,75.49700000,75.70000000,75.29900000,75.41700000,398938
OFZ 26243,D1,2026-03-25,00:00:00,75.43000000,75.64000000,75.32000000,75.51700000,181017
OFZ 26243,D1,2026-03-26,00:00:00,75.58900000,75.58900000,75.18000000,75.43600000,207893
OFZ 26243,D1,2026-03-27,00:00:00,75.43600000,75.51500000,75.24200000,75.27700000,224828
OFZ 26243,D1,2026-03-28,00:00:00,75.29000000,75.32200000,75.20000000,75.31700000,8539
OFZ 26243,D1,2026-03-29,00:00:00,75.31700000,75.38900000,75.23400000,75.38400000,6352
OFZ 26243,D1,2026-03-30,00:00:00,75.29000000,75.39000000,71.99000000,75.08800000,784964
OFZ 26243,D1,2026-03-31,00:00:00,75.15800000,75.15800000,74.95000000,75.00100000,256285
OFZ 26243,D1,2026-04-01,00:00:00,75.00000000,76.25000000,74.61900000,75.01800000,363975
OFZ 26243,D1,2026-04-02,00:00:00,75.08800000,75.20100000,74.88500000,75.02300000,291150
OFZ 26243,D1,2026-04-03,00:00:00,74.97100000,75.11500000,74.75000000,74.89500000,386008
OFZ 26243,D1,2026-04-04,00:00:00,74.92200000,74.94700000,74.78200000,74.88500000,10035
OFZ 26243,D1,2026-04-05,00:00:00,74.88500000,74.99500000,74.80100000,74.89900000,14018
OFZ 26243,D1,2026-04-06,00:00:00,74.92200000,75.09800000,74.70000000,74.84900000,185714
OFZ 26243,D1,2026-04-07,00:00:00,74.85000000,74.96000000,74.59300000,74.65400000,278716
OFZ 26243,D1,2026-04-08,00:00:00,74.56000000,74.87200000,74.56000000,74.67000000,1187343
OFZ 26243,D1,2026-04-09,00:00:00,74.63000000,74.76000000,74.18200000,74.56600000,494069
OFZ 26243,D1,2026-04-10,00:00:00,74.55900000,74.94600000,74.45200000,74.87300000,839420
OFZ 26243,D1,2026-04-11,00:00:00,74.77800000,75.05000000,74.77800000,74.99800000,16224
OFZ 26243,D1,2026-04-12,00:00:00,75.00000000,75.05800000,74.91600000,75.05800000,19172
OFZ 26243,D1,2026-04-13,00:00:00,74.77800000,75.10000000,74.60500000,74.70500000,226839
OFZ 26243,D1,2026-04-14,00:00:00,74.70700000,74.82000000,74.30000000,74.69700000,83539
OFZ 26243,D1,2026-04-15,00:00:00,74.74000000,75.63700000,74.61300000,75.58800000,160978
OFZ 26243,D1,2026-04-16,00:00:00,75.58800000,75.95000000,75.38700000,75.80700000,386676
OFZ 26243,D1,2026-04-17,00:00:00,75.74400000,76.00000000,75.70100000,75.80000000,113758
OFZ 26243,D1,2026-04-18,00:00:00,75.82700000,75.97000000,75.63900000,75.92000000,20503
OFZ 26243,D1,2026-04-19,00:00:00,75.82700000,75.97000000,75.77500000,75.96000000,11523
OFZ 26243,D1,2026-04-20,00:00:00,75.82700000,76.07600000,75.58100000,75.87200000,388355
OFZ 26243,D1,2026-04-21,00:00:00,75.87200000,76.00000000,75.58200000,76.00000000,200162
OFZ 26243,D1,2026-04-22,00:00:00,75.95900000,76.54300000,75.87600000,76.50000000,335561
OFZ 26243,D1,2026-04-23,00:00:00,76.54900000,76.60500000,76.00400000,76.19200000,221178
OFZ 26243,D1,2026-04-24,00:00:00,76.36500000,76.47000000,75.09700000,75.32500000,271911
OFZ 26243,D1,2026-04-25,00:00:00,75.32500000,75.49700000,75.30300000,75.43300000,21322
OFZ 26243,D1,2026-04-26,00:00:00,75.48700000,75.56000000,75.37200000,75.48600000,8523
OFZ 26243,D1,2026-04-27,00:00:00,75.32500000,75.56800000,74.97000000,75.04000000,505713
OFZ 26243,D1,2026-04-28,00:00:00,75.14700000,75.16100000,74.78300000,75.00500000,1087468
OFZ 26243,D1,2026-04-29,00:00:00,75.00000000,75.24100000,74.92100000,75.07300000,216796
OFZ 26243,D1,2026-04-30,00:00:00,75.17300000,75.39800000,75.01100000,75.27700000,314652
OFZ 26243,D1,2026-05-02,00:00:00,75.43000000,75.43000000,75.30000000,75.41000000,16164
OFZ 26243,D1,2026-05-03,00:00:00,75.41000000,75.43000000,75.26700000,75.39500000,13222
OFZ 26243,D1,2026-05-04,00:00:00,75.39200000,75.44000000,75.20000000,75.37400000,446533
OFZ 26243,D1,2026-05-05,00:00:00,75.37400000,75.37900000,75.09800000,75.24700000,334589
OFZ 26243,D1,2026-05-06,00:00:00,75.24700000,75.30000000,75.02700000,75.25000000,103860
OFZ 26243,D1,2026-05-07,00:00:00,75.25100000,75.30800000,74.94000000,74.94000000,156918
OFZ 26243,D1,2026-05-08,00:00:00,75.11000000,75.11000000,74.70000000,74.90500000,151582
OFZ 26243,D1,2026-05-11,00:00:00,75.10000000,75.20800000,74.85500000,75.17200000,68973
OFZ 26243,D1,2026-05-12,00:00:00,75.17000000,75.23900000,75.00300000,75.08700000,159692
OFZ 26243,D1,2026-05-13,00:00:00,75.08700000,75.17200000,74.86100000,75.05000000,123879
OFZ 26243,D1,2026-05-14,00:00:00,75.17200000,75.18000000,74.78200000,74.90000000,343725
OFZ 26243,D1,2026-05-15,00:00:00,75.04000000,75.12300000,74.80800000,74.94900000,126557
OFZ 26243,D1,2026-05-16,00:00:00,74.94900000,75.04400000,74.85100000,75.03200000,16364
OFZ 26243,D1,2026-05-17,00:00:00,75.03200000,75.14000000,74.90000000,74.99400000,7395
OFZ 26243,D1,2026-05-18,00:00:00,74.94900000,75.14000000,74.79000000,74.92800000,150060
OFZ 26243,D1,2026-05-19,00:00:00,74.97900000,74.99900000,74.67200000,74.77100000,557397
OFZ 26243,D1,2026-05-20,00:00:00,74.77100000,74.87700000,74.69000000,74.87400000,220307
OFZ 26243,D1,2026-05-21,00:00:00,74.87400000,74.96400000,74.80000000,74.92900000,161657
OFZ 26243,D1,2026-05-22,00:00:00,74.94900000,74.99900000,74.83500000,74.89100000,82119
OFZ 26243,D1,2026-05-23,00:00:00,74.89200000,74.99800000,74.81600000,74.86700000,5774
OFZ 26243,D1,2026-05-24,00:00:00,74.96100000,74.99900000,74.77600000,74.85000000,9005
OFZ 26243,D1,2026-05-25,00:00:00,74.89200000,74.99900000,74.56900000,74.68000000,110709
OFZ 26243,D1,2026-05-26,00:00:00,74.69100000,74.69100000,74.44000000,74.54900000,505366
OFZ 26243,D1,2026-05-27,00:00:00,74.60800000,74.79800000,74.44000000,74.53600000,215927
OFZ 26243,D1,2026-05-28,00:00:00,74.65000000,74.80000000,74.47200000,74.67900000,68813
OFZ 26243,D1,2026-05-29,00:00:00,74.65000000,74.70900000,74.50000000,74.50500000,111456
OFZ 26243,D1,2026-05-30,00:00:00,74.49600000,74.61700000,74.47100000,74.58500000,13743
OFZ 26243,D1,2026-05-31,00:00:00,74.64500000,74.64500000,74.39900000,74.58900000,21325
OFZ 26243,MN1,2025-12-31,00:00:00,75.07000000,77.00000000,74.30600000,75.10000000,9125372
OFZ 26243,MN1,2026-01-31,00:00:00,75.10000000,75.40700000,73.30600000,73.86900000,7226582
OFZ 26243,MN1,2026-02-28,00:00:00,73.86000000,75.84500000,72.58200000,74.81700000,6196655
OFZ 26243,MN1,2026-03-31,00:00:00,74.81800000,76.30000000,71.99000000,75.00100000,6418852
OFZ 26243,MN1,2026-04-30,00:00:00,75.00000000,76.60500000,74.18200000,75.27700000,8661301
OFZ 26243,W1,2025-12-07,00:00:00,75.07000000,76.11700000,74.32100000,76.06900000,2263288
OFZ 26243,W1,2025-12-14,00:00:00,76.06900000,77.00000000,75.60600000,76.52000000,1527374
OFZ 26243,W1,2025-12-21,00:00:00,76.57100000,76.92900000,75.70000000,76.03900000,3195342
OFZ 26243,W1,2025-12-28,00:00:00,76.03900000,76.19900000,74.32200000,74.62500000,1258677
OFZ 26243,W1,2026-01-04,00:00:00,74.64000000,75.19200000,74.30600000,75.10000000,880691
OFZ 26243,W1,2026-01-11,00:00:00,75.10000000,75.40700000,74.55500000,74.72400000,769999
OFZ 26243,W1,2026-01-18,00:00:00,74.72700000,74.84900000,73.30600000,73.89000000,2572869
OFZ 26243,W1,2026-01-25,00:00:00,73.77500000,74.19800000,73.61000000,74.02000000,2125980
OFZ 26243,W1,2026-02-01,00:00:00,74.02000000,74.08000000,73.63200000,73.86900000,1757734
OFZ 26243,W1,2026-02-08,00:00:00,73.86000000,73.97100000,72.95000000,73.11100000,1667362
OFZ 26243,W1,2026-02-15,00:00:00,73.15000000,74.96400000,72.58200000,74.82900000,2513823
OFZ 26243,W1,2026-02-22,00:00:00,74.80000000,75.84500000,74.65200000,75.17100000,1039275
OFZ 26243,W1,2026-03-01,00:00:00,75.17100000,75.58200000,74.57000000,74.81700000,976195
OFZ 26243,W1,2026-03-08,00:00:00,74.81800000,75.19300000,74.45500000,74.76400000,1057813
OFZ 26243,W1,2026-03-15,00:00:00,74.70000000,76.29600000,74.39200000,75.97300000,1341843
OFZ 26243,W1,2026-03-22,00:00:00,75.97300000,76.30000000,75.51300000,75.72200000,1479079
OFZ 26243,W1,2026-03-29,00:00:00,75.65700000,75.94000000,74.97000000,75.38400000,1498868
OFZ 26243,W1,2026-04-05,00:00:00,75.29000000,76.25000000,71.99000000,74.89900000,2106435
OFZ 26243,W1,2026-04-12,00:00:00,74.92200000,75.09800000,74.18200000,75.05800000,3020658
OFZ 26243,W1,2026-04-19,00:00:00,74.77800000,76.00000000,74.30000000,75.96000000,1003816
OFZ 26243,W1,2026-04-26,00:00:00,75.82700000,76.60500000,75.09700000,75.48600000,1447012
OFZ 26243,W1,2026-05-03,00:00:00,75.32500000,75.56800000,74.78300000,75.39500000,2154015
OFZ 26243,W1,2026-05-10,00:00:00,75.39200000,75.44000000,74.70000000,74.90500000,1193482
OFZ 26243,W1,2026-05-17,00:00:00,75.10000000,75.23900000,74.78200000,74.99400000,846585
OFZ 26243,W1,2026-05-24,00:00:00,74.94900000,75.14000000,74.67200000,74.85000000,1186319
OFZ 26244,D1,2025-12-01,00:00:00,85.74900000,86.07900000,85.40600000,85.80300000,78058
OFZ 26244,D1,2025-12-02,00:00:00,85.74000000,86.01100000,85.67300000,85.83700000,121654
OFZ 26244,D1,2025-12-03,00:00:00,85.85600000,86.75000000,85.29300000,86.50500000,309948
OFZ 26244,D1,2025-12-04,00:00:00,86.46800000,86.89900000,86.26300000,86.79100000,168662
OFZ 26244,D1,2025-12-05,00:00:00,86.70100000,87.50000000,86.34200000,87.40700000,212476
OFZ 26244,D1,2025-12-08,00:00:00,87.45600000,87.54800000,86.90000000,87.04900000,96098
OFZ 26244,D1,2025-12-09,00:00:00,87.32000000,87.32000000,86.75400000,87.01300000,700092
OFZ 26244,D1,2025-12-10,00:00:00,87.04900000,87.07900000,86.58000000,87.07800000,402047
OFZ 26244,D1,2025-12-11,00:00:00,87.07900000,87.44000000,86.75700000,87.37200000,55208
OFZ 26244,D1,2025-12-12,00:00:00,87.28000000,88.10000000,87.28000000,87.83700000,121008
OFZ 26244,D1,2025-12-15,00:00:00,87.83800000,88.59800000,87.27700000,87.44700000,129228
OFZ 26244,D1,2025-12-16,00:00:00,87.32200000,87.57500000,86.86500000,87.41400000,347347
OFZ 26244,D1,2025-12-17,00:00:00,87.49400000,88.09800000,87.25700000,87.75100000,105700
OFZ 26244,D1,2025-12-18,00:00:00,87.63600000,87.93800000,87.30000000,87.57000000,66994
OFZ 26244,D1,2025-12-19,00:00:00,87.60500000,87.90000000,86.07700000,86.91700000,152562
OFZ 26244,D1,2025-12-22,00:00:00,86.90000000,87.00000000,86.30000000,86.60000000,90647
OFZ 26244,D1,2025-12-23,00:00:00,86.60000000,86.89500000,86.30400000,86.80100000,1600823
OFZ 26244,D1,2025-12-24,00:00:00,86.86500000,87.19000000,86.62600000,86.76900000,954713
OFZ 26244,D1,2025-12-25,00:00:00,86.86000000,87.00000000,86.16000000,86.52800000,1736156
OFZ 26244,D1,2025-12-26,00:00:00,86.45600000,86.94900000,85.82300000,86.12400000,122338
OFZ 26244,D1,2025-12-29,00:00:00,86.12400000,86.40000000,86.00100000,86.24300000,234299
OFZ 26244,D1,2025-12-30,00:00:00,86.23800000,88.28900000,86.19800000,87.41500000,107194
OFZ 26244,D1,2026-01-05,00:00:00,87.41500000,87.90100000,86.90000000,87.41600000,29891
OFZ 26244,D1,2026-01-06,00:00:00,87.27900000,87.50500000,87.11400000,87.11900000,20253
OFZ 26244,D1,2026-01-08,00:00:00,87.33100000,87.33100000,86.80000000,86.89300000,14862
OFZ 26244,D1,2026-01-09,00:00:00,87.11800000,87.55700000,86.70100000,87.24600000,22444
OFZ 26244,D1,2026-01-12,00:00:00,87.47300000,87.50000000,86.20500000,86.30800000,234246
OFZ 26244,D1,2026-01-13,00:00:00,86.37700000,86.60100000,85.70000000,85.76500000,84477
OFZ 26244,D1,2026-01-14,00:00:00,85.90000000,86.18000000,85.66800000,85.90400000,61958
OFZ 26244,D1,2026-01-15,00:00:00,85.90000000,86.11000000,85.51200000,85.96800000,589559
OFZ 26244,D1,2026-01-16,00:00:00,86.06800000,86.35300000,85.48600000,86.30000000,159369
OFZ 26244,D1,2026-01-19,00:00:00,86.30000000,86.40000000,85.80100000,85.98100000,35471
OFZ 26244,D1,2026-01-20,00:00:00,86.08100000,86.29000000,85.45500000,85.79900000,461664
OFZ 26244,D1,2026-01-21,00:00:00,85.81700000,85.90000000,85.35600000,85.54500000,329315
OFZ 26244,D1,2026-01-22,00:00:00,85.54500000,85.76000000,85.15000000,85.54000000,124017
OFZ 26244,D1,2026-01-23,00:00:00,85.63900000,85.70000000,85.30200000,85.40000000,59766
OFZ 26244,D1,2026-01-26,00:00:00,85.40000000,85.61800000,85.04500000,85.17400000,62338
OFZ 26244,D1,2026-01-27,00:00:00,85.27100000,85.27200000,85.00700000,85.15300000,75371
OFZ 26244,D1,2026-01-28,00:00:00,85.26600000,85.82800000,85.11200000,85.49500000,44013
OFZ 26244,D1,2026-01-29,00:00:00,85.53700000,85.78300000,85.20000000,85.56700000,52520
OFZ 26244,D1,2026-01-30,00:00:00,85.58900000,85.76700000,85.25000000,85.49200000,28644
OFZ 26244,D1,2026-02-02,00:00:00,85.49200000,85.71100000,85.20000000,85.45000000,83699
OFZ 26244,D1,2026-02-03,00:00:00,85.45000000,85.57000000,85.26000000,85.26800000,36623
OFZ 26244,D1,2026-02-04,00:00:00,85.33400000,85.69200000,85.20500000,85.32700000,40070
OFZ 26244,D1,2026-02-05,00:00:00,85.30200000,85.49900000,85.00100000,85.15900000,30321
OFZ 26244,D1,2026-02-06,00:00:00,85.08600000,85.50000000,84.80000000,85.02500000,138974
OFZ 26244,D1,2026-02-09,00:00:00,85.14200000,85.14200000,84.50000000,84.71000000,124129
OFZ 26244,D1,2026-02-10,00:00:00,84.75900000,84.90000000,84.10000000,84.40400000,108853
OFZ 26244,D1,2026-02-11,00:00:00,84.25100000,85.75800000,84.09100000,85.15800000,426913
OFZ 26244,D1,2026-02-12,00:00:00,85.15800000,85.61800000,84.70000000,84.85600000,199767
OFZ 26244,D1,2026-02-13,00:00:00,84.90000000,86.39000000,84.72700000,86.33000000,174672
OFZ 26244,D1,2026-02-16,00:00:00,86.36000000,86.89800000,86.35500000,86.47300000,318441
OFZ 26244,D1,2026-02-17,00:00:00,86.52700000,86.79700000,86.00000000,86.70000000,64300
OFZ 26244,D1,2026-02-18,00:00:00,86.73900000,87.10000000,86.54600000,86.98300000,386853
OFZ 26244,D1,2026-02-19,00:00:00,87.01400000,87.20000000,86.60000000,86.64300000,126250
OFZ 26244,D1,2026-02-20,00:00:00,86.64400000,86.90000000,86.30000000,86.44800000,70008
OFZ 26244,D1,2026-02-24,00:00:00,86.44800000,86.71300000,86.10500000,86.29900000,120808
OFZ 26244,D1,2026-02-25,00:00:00,86.38700000,86.65500000,85.89700000,85.93400000,134351
OFZ 26244,D1,2026-02-26,00:00:00,85.83600000,86.33300000,85.80000000,85.80900000,89673
OFZ 26244,D1,2026-02-27,00:00:00,85.86000000,86.13300000,85.76000000,85.96700000,153477
OFZ 26244,D1,2026-03-02,00:00:00,85.96700000,86.09900000,85.59800000,85.89900000,239197
OFZ 26244,D1,2026-03-03,00:00:00,86.00000000,86.10000000,85.82600000,85.88700000,55118
OFZ 26244,D1,2026-03-04,00:00:00,85.97400000,86.12400000,85.60000000,85.82800000,400522
OFZ 26244,D1,2026-03-05,00:00:00,86.00000000,86.07900000,85.50000000,85.91000000,52035
OFZ 26244,D1,2026-03-06,00:00:00,85.91000000,86.34100000,85.60000000,85.85500000,49224
OFZ 26244,D1,2026-03-09,00:00:00,85.93500000,86.52000000,85.91100000,86.24900000,48623
OFZ 26244,D1,2026-03-10,00:00:00,86.50100000,86.51500000,85.77000000,85.82500000,68117
OFZ 26244,D1,2026-03-11,00:00:00,86.00000000,86.20000000,85.73100000,85.86900000,2505356
OFZ 26244,D1,2026-03-12,00:00:00,85.87200000,87.03100000,85.83100000,86.67100000,767558
OFZ 26244,D1,2026-03-13,00:00:00,86.67100000,87.98700000,86.67000000,87.15000000,1278339
OFZ 26244,D1,2026-03-16,00:00:00,87.15500000,87.50000000,87.00000000,87.18400000,103849
OFZ 26244,D1,2026-03-17,00:00:00,87.19000000,87.40000000,86.87300000,86.99000000,235328
OFZ 26244,D1,2026-03-18,00:00:00,86.99000000,87.33000000,86.98000000,87.10000000,110270
OFZ 26244,D1,2026-03-19,00:00:00,87.10000000,87.42000000,86.81000000,87.08400000,205793
OFZ 26244,D1,2026-03-20,00:00:00,87.05000000,87.30000000,86.81000000,86.94200000,1114239
OFZ 26244,D1,2026-03-23,00:00:00,86.94900000,87.24900000,86.44100000,86.79900000,183157
OFZ 26244,D1,2026-03-24,00:00:00,86.06000000,87.15000000,86.06000000,86.84900000,98295
OFZ 26244,D1,2026-03-25,00:00:00,86.84900000,87.17600000,86.76800000,86.84900000,547104
OFZ 26244,D1,2026-03-26,00:00:00,86.87800000,86.99700000,86.62700000,86.81900000,632305
OFZ 26244,D1,2026-03-27,00:00:00,86.79000000,86.90000000,86.33600000,86.74000000,187281
OFZ 26244,D1,2026-03-28,00:00:00,86.74000000,86.76100000,86.40100000,86.74000000,4281
OFZ 26244,D1,2026-03-29,00:00:00,86.74000000,86.94200000,86.60600000,86.64000000,9344
OFZ 26244,D1,2026-03-30,00:00:00,86.74000000,86.94200000,86.40100000,86.71400000,106298
OFZ 26244,D1,2026-03-31,00:00:00,86.77700000,86.84500000,86.60000000,86.69800000,90635
OFZ 26244,D1,2026-04-01,00:00:00,86.60300000,86.80000000,86.60300000,86.78100000,129916
OFZ 26244,D1,2026-04-02,00:00:00,86.80000000,86.89500000,86.65100000,86.67700000,135257
OFZ 26244,D1,2026-04-03,00:00:00,86.84900000,86.84900000,86.60100000,86.70000000,181028
OFZ 26244,D1,2026-04-04,00:00:00,86.70000000,86.80000000,86.55700000,86.71800000,6107
OFZ 26244,D1,2026-04-05,00:00:00,86.71800000,86.80000000,86.55200000,86.57900000,6311
OFZ 26244,D1,2026-04-06,00:00:00,86.70000000,86.83000000,86.45000000,86.51200000,230022
OFZ 26244,D1,2026-04-07,00:00:00,86.54000000,86.85100000,86.43800000,86.50300000,107590
OFZ 26244,D1,2026-04-08,00:00:00,86.47000000,86.76100000,86.39000000,86.50200000,307069
OFZ 26244,D1,2026-04-09,00:00:00,86.60000000,86.70000000,86.31000000,86.45700000,159283
OFZ 26244,D1,2026-04-10,00:00:00,86.57900000,86.85200000,86.40100000,86.78400000,87121
OFZ 26244,D1,2026-04-11,00:00:00,86.84700000,87.06400000,86.78400000,86.87100000,6072
OFZ 26244,D1,2026-04-12,00:00:00,86.87000000,87.00000000,86.81000000,86.92900000,4172
OFZ 26244,D1,2026-04-13,00:00:00,86.84700000,87.06400000,86.44000000,86.80100000,416946
OFZ 26244,D1,2026-04-14,00:00:00,86.85000000,86.89000000,86.26000000,86.30900000,3979934
OFZ 26244,D1,2026-04-15,00:00:00,86.30900000,87.19800000,86.20100000,87.18000000,3668567
OFZ 26244,D1,2026-04-16,00:00:00,87.18000000,87.25000000,86.60000000,87.09200000,2341745
OFZ 26244,D1,2026-04-17,00:00:00,87.19800000,87.26000000,86.90200000,87.07800000,1450297
OFZ 26244,D1,2026-04-18,00:00:00,87.10000000,87.25600000,87.03700000,87.17700000,7906
OFZ 26244,D1,2026-04-19,00:00:00,87.25900000,87.26000000,87.08900000,87.18900000,8745
OFZ 26244,D1,2026-04-20,00:00:00,87.10000000,87.26000000,86.91200000,87.05000000,3063045
OFZ 26244,D1,2026-04-21,00:00:00,87.05100000,87.29900000,86.95200000,87.28800000,2182737
OFZ 26244,D1,2026-04-22,00:00:00,87.30500000,87.71400000,87.05600000,87.69100000,1620186
OFZ 26244,D1,2026-04-23,00:00:00,87.71000000,87.71900000,87.34800000,87.52400000,2343656
OFZ 26244,D1,2026-04-24,00:00:00,87.55000000,87.69900000,86.45300000,86.60200000,6704285
OFZ 26244,D1,2026-04-25,00:00:00,86.60200000,86.82200000,86.52300000,86.78000000,6142
OFZ 26244,D1,2026-04-26,00:00:00,86.78000000,86.87000000,86.50000000,86.78800000,8137
OFZ 26244,D1,2026-04-27,00:00:00,86.60200000,86.99800000,86.46200000,86.55000000,1157287
OFZ 26244,D1,2026-04-28,00:00:00,86.75000000,86.83900000,86.39000000,86.60900000,1298271
OFZ 26244,D1,2026-04-29,00:00:00,86.71000000,86.98000000,86.56800000,86.84100000,2055208
OFZ 26244,D1,2026-04-30,00:00:00,86.93900000,87.15000000,86.70200000,87.06600000,698581
OFZ 26244,D1,2026-05-02,00:00:00,87.07000000,87.32300000,87.06600000,87.29800000,4470
OFZ 26244,D1,2026-05-03,00:00:00,87.29800000,87.35600000,87.11500000,87.29600000,4766
OFZ 26244,D1,2026-05-04,00:00:00,87.06600000,87.66800000,86.90000000,86.94400000,1074363
OFZ 26244,D1,2026-05-05,00:00:00,86.94400000,87.12300000,86.82000000,86.90000000,979614
OFZ 26244,D1,2026-05-06,00:00:00,86.90000000,87.06600000,86.85000000,87.06600000,487572
OFZ 26244,D1,2026-05-07,00:00:00,87.06600000,87.10900000,86.78100000,86.86800000,1815014
OFZ 26244,D1,2026-05-08,00:00:00,86.91800000,87.03100000,86.55000000,86.62900000,2173711
OFZ 26244,D1,2026-05-11,00:00:00,86.60000000,87.23500000,86.55000000,87.18800000,32717
OFZ 26244,D1,2026-05-12,00:00:00,87.18700000,87.18900000,86.71100000,87.00000000,84837
OFZ 26244,D1,2026-05-13,00:00:00,87.00000000,87.18300000,86.67000000,86.84700000,127043
OFZ 26244,D1,2026-05-14,00:00:00,86.85000000,87.03700000,86.65000000,86.76000000,244063
OFZ 26244,D1,2026-05-15,00:00:00,86.99700000,86.99900000,86.50000000,86.80000000,1148683
OFZ 26244,D1,2026-05-16,00:00:00,86.79900000,87.00000000,86.67700000,86.99800000,4491
OFZ 26244,D1,2026-05-17,00:00:00,86.99800000,87.00000000,86.70000000,86.96000000,7530
OFZ 26244,D1,2026-05-18,00:00:00,86.79900000,87.00000000,86.65000000,86.74400000,264058
OFZ 26244,D1,2026-05-19,00:00:00,86.79500000,86.79500000,86.51200000,86.54500000,403750
OFZ 26244,D1,2026-05-20,00:00:00,86.83500000,86.87400000,86.45100000,86.79900000,2854323
OFZ 26244,D1,2026-05-21,00:00:00,86.79900000,86.95400000,86.60000000,86.72900000,89692
OFZ 26244,D1,2026-05-22,00:00:00,86.69800000,86.89300000,86.56800000,86.73100000,70791
OFZ 26244,D1,2026-05-23,00:00:00,86.73100000,86.96400000,86.65100000,86.95900000,6570
OFZ 26244,D1,2026-05-24,00:00:00,87.00000000,87.00000000,86.73500000,86.96100000,4682
OFZ 26244,D1,2026-05-25,00:00:00,86.73100000,87.00000000,86.45100000,86.59900000,972372
OFZ 26244,D1,2026-05-26,00:00:00,86.59900000,86.67000000,86.36700000,86.48700000,890858
OFZ 26244,D1,2026-05-27,00:00:00,86.47800000,86.69800000,86.37000000,86.40600000,651285
OFZ 26244,D1,2026-05-28,00:00:00,86.40600000,86.69700000,86.40100000,86.51600000,578028
OFZ 26244,D1,2026-05-29,00:00:00,86.51600000,86.66900000,86.30100000,86.42800000,55094
OFZ 26244,D1,2026-05-30,00:00:00,86.50000000,86.50000000,86.25500000,86.30000000,16067
OFZ 26244,D1,2026-05-31,00:00:00,86.32700000,86.45100000,86.22100000,86.28200000,10708
OFZ 26244,MN1,2025-12-31,00:00:00,85.74900000,88.59800000,85.29300000,87.41500000,7913252
OFZ 26244,MN1,2026-01-31,00:00:00,87.41500000,87.90100000,85.00700000,85.49200000,2490178
OFZ 26244,MN1,2026-02-28,00:00:00,85.49200000,87.20000000,84.09100000,85.96700000,2828182
OFZ 26244,MN1,2026-03-31,00:00:00,85.96700000,87.98700000,85.50000000,86.69800000,9092268
OFZ 26244,MN1,2026-04-30,00:00:00,86.60300000,87.71900000,86.20100000,87.06600000,34371623
OFZ 26244,W1,2025-12-07,00:00:00,85.74900000,87.50000000,85.29300000,87.40700000,890798
OFZ 26244,W1,2025-12-14,00:00:00,87.45600000,88.10000000,86.58000000,87.83700000,1374453
OFZ 26244,W1,2025-12-21,00:00:00,87.83800000,88.59800000,86.07700000,86.91700000,801831
OFZ 26244,W1,2025-12-28,00:00:00,86.90000000,87.19000000,85.82300000,86.12400000,4504677
OFZ 26244,W1,2026-01-04,00:00:00,86.12400000,88.28900000,86.00100000,87.41500000,341493
OFZ 26244,W1,2026-01-11,00:00:00,87.41500000,87.90100000,86.70100000,87.24600000,87450
OFZ 26244,W1,2026-01-18,00:00:00,87.47300000,87.50000000,85.48600000,86.30000000,1129609
OFZ 26244,W1,2026-01-25,00:00:00,86.30000000,86.40000000,85.15000000,85.40000000,1010233
OFZ 26244,W1,2026-02-01,00:00:00,85.40000000,85.82800000,85.00700000,85.49200000,262886
OFZ 26244,W1,2026-02-08,00:00:00,85.49200000,85.71100000,84.80000000,85.02500000,329687
OFZ 26244,W1,2026-02-15,00:00:00,85.14200000,86.39000000,84.09100000,86.33000000,1034334
OFZ 26244,W1,2026-02-22,00:00:00,86.36000000,87.20000000,86.00000000,86.44800000,965852
OFZ 26244,W1,2026-03-01,00:00:00,86.44800000,86.71300000,85.76000000,85.96700000,498309
OFZ 26244,W1,2026-03-08,00:00:00,85.96700000,86.34100000,85.50000000,85.85500000,796096
OFZ 26244,W1,2026-03-15,00:00:00,85.93500000,87.98700000,85.73100000,87.15000000,4667993
OFZ 26244,W1,2026-03-22,00:00:00,87.15500000,87.50000000,86.81000000,86.94200000,1769479
OFZ 26244,W1,2026-03-29,00:00:00,86.94900000,87.24900000,86.06000000,86.64000000,1661767
OFZ 26244,W1,2026-04-05,00:00:00,86.74000000,86.94200000,86.40100000,86.57900000,655552
OFZ 26244,W1,2026-04-12,00:00:00,86.70000000,87.06400000,86.31000000,86.92900000,901329
OFZ 26244,W1,2026-04-19,00:00:00,86.84700000,87.26000000,86.20100000,87.18900000,11874140
OFZ 26244,W1,2026-04-26,00:00:00,87.10000000,87.71900000,86.45300000,86.78800000,15928188
OFZ 26244,W1,2026-05-03,00:00:00,86.60200000,87.35600000,86.39000000,87.29600000,5218583
OFZ 26244,W1,2026-05-10,00:00:00,87.06600000,87.66800000,86.55000000,86.62900000,6530274
OFZ 26244,W1,2026-05-17,00:00:00,86.60000000,87.23500000,86.50000000,86.96000000,1649364
OFZ 26244,W1,2026-05-24,00:00:00,86.79900000,87.00000000,86.45100000,86.96100000,3693866
OFZ 26245,D1,2025-12-01,00:00:00,88.83800000,89.39400000,88.06000000,88.54500000,139564
OFZ 26245,D1,2025-12-02,00:00:00,88.40400000,88.95000000,88.40400000,88.61500000,485400
OFZ 26245,D1,2025-12-03,00:00:00,88.62900000,88.95000000,88.17000000,88.93500000,594992
OFZ 26245,D1,2025-12-04,00:00:00,88.94600000,89.20000000,88.70100000,89.07000000,180579
OFZ 26245,D1,2025-12-05,00:00:00,89.07000000,89.65000000,88.99200000,89.41200000,302009
OFZ 26245,D1,2025-12-08,00:00:00,89.50000000,89.83500000,89.22500000,89.27100000,253092
OFZ 26245,D1,2025-12-09,00:00:00,89.39400000,89.39400000,89.02000000,89.17500000,506577
OFZ 26245,D1,2025-12-10,00:00:00,89.18000000,89.49800000,89.01600000,89.45300000,305740
OFZ 26245,D1,2025-12-11,00:00:00,89.47100000,89.60000000,89.21400000,89.43800000,1245800
OFZ 26245,D1,2025-12-12,00:00:00,89.45300000,89.60000000,89.40000000,89.49700000,688098
OFZ 26245,D1,2025-12-15,00:00:00,89.49700000,89.66800000,89.05200000,89.39400000,394213
OFZ 26245,D1,2025-12-16,00:00:00,89.39400000,89.60200000,89.16000000,89.30000000,675890
OFZ 26245,D1,2025-12-17,00:00:00,89.30000000,89.48000000,88.99000000,89.46900000,497937
OFZ 26245,D1,2025-12-18,00:00:00,89.48000000,89.74700000,89.31300000,89.60900000,337594
OFZ 26245,D1,2025-12-19,00:00:00,89.61000000,89.90000000,88.93800000,89.24400000,672059
OFZ 26245,D1,2025-12-22,00:00:00,89.24500000,89.87500000,88.65500000,88.80000000,400732
OFZ 26245,D1,2025-12-23,00:00:00,88.79900000,89.00000000,88.60300000,88.84400000,740160
OFZ 26245,D1,2025-12-24,00:00:00,88.84400000,88.85700000,88.26000000,88.34200000,459480
OFZ 26245,D1,2025-12-25,00:00:00,88.45000000,88.67800000,87.55000000,88.03600000,600407
OFZ 26245,D1,2025-12-26,00:00:00,88.16700000,88.30000000,87.90000000,88.24600000,1034870
OFZ 26245,D1,2025-12-29,00:00:00,88.24600000,88.62800000,87.86700000,88.00000000,755645
OFZ 26245,D1,2025-12-30,00:00:00,88.19500000,88.44900000,87.82100000,88.15000000,920837
OFZ 26245,D1,2026-01-05,00:00:00,88.15000000,88.55000000,87.95000000,88.47600000,73743
OFZ 26245,D1,2026-01-06,00:00:00,88.49900000,88.80000000,88.43800000,88.76400000,50582
OFZ 26245,D1,2026-01-08,00:00:00,88.76500000,88.76500000,88.45500000,88.60400000,43443
OFZ 26245,D1,2026-01-09,00:00:00,88.60500000,89.01800000,88.53000000,88.71300000,46607
OFZ 26245,D1,2026-01-12,00:00:00,88.76000000,89.00000000,87.52000000,87.88000000,139189
OFZ 26245,D1,2026-01-13,00:00:00,87.94200000,88.06600000,87.51100000,87.53900000,330286
OFZ 26245,D1,2026-01-14,00:00:00,87.63100000,87.85900000,87.38400000,87.50000000,420847
OFZ 26245,D1,2026-01-15,00:00:00,87.57900000,87.74900000,87.18200000,87.59800000,379061
OFZ 26245,D1,2026-01-16,00:00:00,87.65400000,87.80000000,87.44000000,87.73000000,443307
OFZ 26245,D1,2026-01-19,00:00:00,87.73100000,88.19800000,87.49800000,87.59800000,144197
OFZ 26245,D1,2026-01-20,00:00:00,87.60000000,87.70000000,87.39800000,87.49900000,267529
OFZ 26245,D1,2026-01-21,00:00:00,87.57900000,87.57900000,87.27000000,87.35300000,295217
OFZ 26245,D1,2026-01-22,00:00:00,87.39600000,87.66800000,87.22900000,87.66700000,1378384
OFZ 26245,D1,2026-01-23,00:00:00,87.67200000,87.93300000,87.37900000,87.61000000,125546
OFZ 26245,D1,2026-01-26,00:00:00,87.61000000,88.00000000,87.15000000,87.34900000,529509
OFZ 26245,D1,2026-01-27,00:00:00,87.45000000,87.74900000,87.21000000,87.38500000,1231687
OFZ 26245,D1,2026-01-28,00:00:00,87.41500000,87.86000000,87.22000000,87.50000000,233423
OFZ 26245,D1,2026-01-29,00:00:00,87.49800000,87.96000000,87.27000000,87.55400000,926324
OFZ 26245,D1,2026-01-30,00:00:00,87.69200000,87.94700000,87.30200000,87.63000000,323703
OFZ 26245,D1,2026-02-02,00:00:00,87.71100000,88.08500000,87.31400000,87.39700000,206556
OFZ 26245,D1,2026-02-03,00:00:00,87.40100000,87.65000000,87.30000000,87.55600000,327048
OFZ 26245,D1,2026-02-04,00:00:00,87.69800000,87.69800000,87.30000000,87.52000000,606601
OFZ 26245,D1,2026-02-05,00:00:00,87.41100000,87.69500000,87.20000000,87.37600000,418289
OFZ 26245,D1,2026-02-06,00:00:00,87.37700000,87.49600000,86.58300000,86.90100000,652196
OFZ 26245,D1,2026-02-09,00:00:00,86.90200000,87.29900000,86.53000000,86.69300000,392096
OFZ 26245,D1,2026-02-10,00:00:00,86.69300000,86.89900000,86.10300000,86.39000000,818175
OFZ 26245,D1,2026-02-11,00:00:00,86.49700000,87.09700000,86.27800000,87.09600000,1327658
OFZ 26245,D1,2026-02-12,00:00:00,87.09600000,87.57400000,86.93000000,87.54300000,2320994
OFZ 26245,D1,2026-02-13,00:00:00,87.52600000,88.70000000,87.19300000,88.45100000,5664119
OFZ 26245,D1,2026-02-16,00:00:00,88.40000000,89.20400000,88.22000000,88.27200000,1118149
OFZ 26245,D1,2026-02-17,00:00:00,88.49900000,88.90000000,88.22200000,88.56800000,7441692
OFZ 26245,D1,2026-02-18,00:00:00,88.60000000,89.15000000,88.40100000,89.05000000,9655311
OFZ 26245,D1,2026-02-19,00:00:00,89.10000000,89.30000000,88.35500000,89.03900000,2079171
OFZ 26245,D1,2026-02-20,00:00:00,89.00100000,89.30000000,88.67100000,88.95000000,625748
OFZ 26245,D1,2026-02-24,00:00:00,89.09900000,89.10000000,88.70000000,88.88700000,629182
OFZ 26245,D1,2026-02-25,00:00:00,88.88700000,88.99300000,86.36400000,88.35600000,1581918
OFZ 26245,D1,2026-02-26,00:00:00,88.59900000,88.59900000,88.05000000,88.39800000,2419879
OFZ 26245,D1,2026-02-27,00:00:00,88.53000000,88.55000000,88.20200000,88.42500000,1522427
OFZ 26245,D1,2026-03-02,00:00:00,88.42500000,88.60000000,88.15100000,88.48100000,476281
OFZ 26245,D1,2026-03-03,00:00:00,88.60000000,88.60000000,88.25700000,88.54900000,1084458
OFZ 26245,D1,2026-03-04,00:00:00,88.49300000,88.83400000,87.90000000,88.51000000,646587
OFZ 26245,D1,2026-03-05,00:00:00,88.51000000,88.60200000,88.30800000,88.44900000,367052
OFZ 26245,D1,2026-03-06,00:00:00,88.40000000,88.60000000,88.32200000,88.36100000,560028
OFZ 26245,D1,2026-03-09,00:00:00,88.50000000,88.73500000,88.31000000,88.65800000,131444
OFZ 26245,D1,2026-03-10,00:00:00,88.70000000,88.83200000,88.32000000,88.42200000,184401
OFZ 26245,D1,2026-03-11,00:00:00,88.51900000,88.89000000,88.31000000,88.53400000,300844
OFZ 26245,D1,2026-03-12,00:00:00,88.58100000,89.05000000,88.50000000,88.99400000,1697340
OFZ 26245,D1,2026-03-13,00:00:00,89.03000000,89.70100000,88.60100000,89.67200000,2964961
OFZ 26245,D1,2026-03-16,00:00:00,89.67200000,90.05100000,89.44800000,89.54800000,651509
OFZ 26245,D1,2026-03-17,00:00:00,89.50200000,89.76400000,89.24000000,89.40100000,1410150
OFZ 26245,D1,2026-03-18,00:00:00,89.38100000,89.59800000,89.17100000,89.29900000,876091
OFZ 26245,D1,2026-03-19,00:00:00,89.40000000,89.55000000,88.73100000,89.17000000,999504
OFZ 26245,D1,2026-03-20,00:00:00,89.22900000,89.41000000,89.00000000,89.02000000,1305016
OFZ 26245,D1,2026-03-23,00:00:00,89.09800000,89.19200000,88.64000000,88.91400000,421066
OFZ 26245,D1,2026-03-24,00:00:00,88.91400000,89.19500000,88.65400000,88.78800000,1963014
OFZ 26245,D1,2026-03-25,00:00:00,88.80000000,89.00000000,88.70100000,88.77900000,2716615
OFZ 26245,D1,2026-03-26,00:00:00,88.80000000,88.99800000,88.73800000,88.84100000,1467146
OFZ 26245,D1,2026-03-27,00:00:00,88.84100000,88.99900000,88.73200000,88.79800000,1201818
OFZ 26245,D1,2026-03-28,00:00:00,88.94100000,88.99400000,88.80100000,88.98800000,11596
OFZ 26245,D1,2026-03-29,00:00:00,88.98800000,89.05000000,88.80800000,88.99300000,14513
OFZ 26245,D1,2026-03-30,00:00:00,88.94100000,89.05400000,88.67000000,88.78900000,1746159
OFZ 26245,D1,2026-03-31,00:00:00,88.80000000,88.98800000,88.72000000,88.76200000,2197708
OFZ 26245,D1,2026-04-01,00:00:00,88.88000000,88.96900000,88.72000000,88.76700000,482249
OFZ 26245,D1,2026-04-02,00:00:00,88.90000000,88.99000000,88.69000000,88.70900000,517645
OFZ 26245,D1,2026-04-03,00:00:00,88.80000000,88.84900000,88.49900000,88.64100000,2453425
OFZ 26245,D1,2026-04-04,00:00:00,88.64000000,88.83900000,88.55000000,88.75400000,20244
OFZ 26245,D1,2026-04-05,00:00:00,88.71100000,88.89000000,88.71100000,88.81200000,23241
OFZ 26245,D1,2026-04-06,00:00:00,88.64000000,88.99900000,88.51000000,88.67200000,771462
OFZ 26245,D1,2026-04-07,00:00:00,88.50000000,88.64900000,88.37200000,88.58800000,4152791
OFZ 26245,D1,2026-04-08,00:00:00,88.56500000,88.74000000,88.40000000,88.58800000,800743
OFZ 26245,D1,2026-04-09,00:00:00,88.64700000,88.72000000,88.26000000,88.59100000,1882519
OFZ 26245,D1,2026-04-10,00:00:00,88.59100000,88.95000000,88.55000000,88.95000000,686646
OFZ 26245,D1,2026-04-11,00:00:00,88.95000000,88.98000000,88.80000000,88.89300000,16378
OFZ 26245,D1,2026-04-12,00:00:00,88.89300000,88.94400000,88.81400000,88.90000000,12781
OFZ 26245,D1,2026-04-13,00:00:00,88.95000000,88.99900000,88.56100000,88.76100000,378347
OFZ 26245,D1,2026-04-14,00:00:00,88.89900000,88.90000000,88.47000000,88.60600000,732909
OFZ 26245,D1,2026-04-15,00:00:00,88.69900000,89.60000000,88.40000000,89.51800000,2619864
OFZ 26245,D1,2026-04-16,00:00:00,89.51800000,89.65400000,89.18500000,89.58900000,3980741
OFZ 26245,D1,2026-04-17,00:00:00,89.52100000,89.74800000,89.38000000,89.60100000,518154
OFZ 26245,D1,2026-04-18,00:00:00,89.60200000,89.74800000,89.60100000,89.73600000,10968
OFZ 26245,D1,2026-04-19,00:00:00,89.61400000,89.79700000,89.61400000,89.78000000,24065
OFZ 26245,D1,2026-04-20,00:00:00,89.60200000,89.82000000,89.45000000,89.60000000,3441256
OFZ 26245,D1,2026-04-21,00:00:00,89.60000000,89.60000000,89.20000000,89.44400000,2932946
OFZ 26245,D1,2026-04-22,00:00:00,89.44400000,89.96000000,89.27100000,89.82800000,39894904
OFZ 26245,D1,2026-04-23,00:00:00,89.86900000,89.87000000,89.50000000,89.79300000,10923305
OFZ 26245,D1,2026-04-24,00:00:00,89.80000000,89.86800000,88.71800000,88.90000000,16651419
OFZ 26245,D1,2026-04-25,00:00:00,88.81300000,89.08100000,88.80000000,89.07000000,60599
OFZ 26245,D1,2026-04-26,00:00:00,89.07000000,89.10000000,89.02000000,89.09600000,29157
OFZ 26245,D1,2026-04-27,00:00:00,88.81300000,89.18000000,88.64000000,88.73600000,2288113
OFZ 26245,D1,2026-04-28,00:00:00,88.84900000,88.88900000,88.60000000,88.75600000,5376987
OFZ 26245,D1,2026-04-29,00:00:00,88.79500000,88.99900000,88.70000000,88.98000000,6359311
OFZ 26245,D1,2026-04-30,00:00:00,88.98000000,89.20000000,88.80100000,89.12700000,3273146
OFZ 26245,D1,2026-05-02,00:00:00,89.21800000,89.62300000,89.17000000,89.28000000,16675
OFZ 26245,D1,2026-05-03,00:00:00,89.23800000,89.38900000,89.17600000,89.29900000,18153
OFZ 26245,D1,2026-05-04,00:00:00,89.22100000,89.62300000,88.91200000,89.00000000,1342417
OFZ 26245,D1,2026-05-05,00:00:00,89.00000000,89.14700000,88.80900000,88.86900000,1449860
OFZ 26245,D1,2026-05-06,00:00:00,88.95000000,88.98700000,88.79100000,88.97300000,1415188
OFZ 26245,D1,2026-05-07,00:00:00,88.99000000,89.03600000,88.78700000,88.87900000,3411243
OFZ 26245,D1,2026-05-08,00:00:00,88.87900000,89.03900000,88.65800000,88.75000000,320855
OFZ 26245,D1,2026-05-11,00:00:00,88.85000000,89.00000000,88.75200000,88.99800000,60515
OFZ 26245,D1,2026-05-12,00:00:00,89.00000000,89.14500000,88.77100000,88.83000000,407408
OFZ 26245,D1,2026-05-13,00:00:00,88.83100000,88.90000000,88.75200000,88.84900000,360063
OFZ 26245,D1,2026-05-14,00:00:00,88.84900000,88.96000000,88.71300000,88.74900000,446005
OFZ 26245,D1,2026-05-15,00:00:00,88.79900000,88.93700000,88.69700000,88.80000000,421644
OFZ 26245,D1,2026-05-16,00:00:00,88.80000000,88.90000000,88.70100000,88.81800000,25741
OFZ 26245,D1,2026-05-17,00:00:00,88.81600000,88.88600000,88.75000000,88.79200000,7786
OFZ 26245,D1,2026-05-18,00:00:00,88.80000000,88.97900000,88.63100000,88.70000000,386087
OFZ 26245,D1,2026-05-19,00:00:00,88.70000000,88.83000000,88.56500000,88.58500000,786904
OFZ 26245,D1,2026-05-20,00:00:00,88.58500000,88.81600000,88.49000000,88.80600000,513551
OFZ 26245,D1,2026-05-21,00:00:00,88.80600000,88.95800000,88.53100000,88.74300000,120989
OFZ 26245,D1,2026-05-22,00:00:00,88.74300000,88.85200000,88.61100000,88.64900000,382845
OFZ 26245,D1,2026-05-23,00:00:00,88.65000000,88.74800000,88.61500000,88.63400000,22066
OFZ 26245,D1,2026-05-24,00:00:00,88.64000000,88.73800000,88.62900000,88.67900000,8206
OFZ 26245,D1,2026-05-25,00:00:00,88.65000000,88.83000000,88.40000000,88.40400000,1799543
OFZ 26245,D1,2026-05-26,00:00:00,88.40400000,88.65000000,88.17100000,88.42300000,2525273
OFZ 26245,D1,2026-05-27,00:00:00,88.42200000,88.49000000,88.25100000,88.34900000,1097270
OFZ 26245,D1,2026-05-28,00:00:00,88.40000000,88.60800000,88.33800000,88.39800000,1789225
OFZ 26245,D1,2026-05-29,00:00:00,88.40000000,88.59600000,88.27700000,88.33400000,871547
OFZ 26245,D1,2026-05-30,00:00:00,88.33400000,88.42000000,88.28200000,88.39900000,15591
OFZ 26245,D1,2026-05-31,00:00:00,88.42000000,88.50000000,88.27600000,88.44900000,10734
OFZ 26245,MN1,2025-12-31,00:00:00,88.83800000,89.90000000,87.55000000,88.15000000,12191675
OFZ 26245,MN1,2026-01-31,00:00:00,88.15000000,89.01800000,87.15000000,87.63000000,7382584
OFZ 26245,MN1,2026-02-28,00:00:00,87.71100000,89.30000000,86.10300000,88.42500000,39807209
OFZ 26245,MN1,2026-03-31,00:00:00,88.42500000,90.05100000,87.90000000,88.76200000,25395301
OFZ 26245,MN1,2026-04-30,00:00:00,88.88000000,89.96000000,88.26000000,89.12700000,111316315
OFZ 26245,W1,2025-12-07,00:00:00,88.83800000,89.65000000,88.06000000,89.41200000,1702544
OFZ 26245,W1,2025-12-14,00:00:00,89.50000000,89.83500000,89.01600000,89.49700000,2999307
OFZ 26245,W1,2025-12-21,00:00:00,89.49700000,89.90000000,88.93800000,89.24400000,2577693
OFZ 26245,W1,2025-12-28,00:00:00,89.24500000,89.87500000,87.55000000,88.24600000,3235649
OFZ 26245,W1,2026-01-04,00:00:00,88.24600000,88.62800000,87.82100000,88.15000000,1676482
OFZ 26245,W1,2026-01-11,00:00:00,88.15000000,89.01800000,87.95000000,88.71300000,214375
OFZ 26245,W1,2026-01-18,00:00:00,88.76000000,89.00000000,87.18200000,87.73000000,1712690
OFZ 26245,W1,2026-01-25,00:00:00,87.73100000,88.19800000,87.22900000,87.61000000,2210873
OFZ 26245,W1,2026-02-01,00:00:00,87.61000000,88.00000000,87.15000000,87.63000000,3244646
OFZ 26245,W1,2026-02-08,00:00:00,87.71100000,88.08500000,86.58300000,86.90100000,2210690
OFZ 26245,W1,2026-02-15,00:00:00,86.90200000,88.70000000,86.10300000,88.45100000,10523042
OFZ 26245,W1,2026-02-22,00:00:00,88.40000000,89.30000000,88.22000000,88.95000000,20920071
OFZ 26245,W1,2026-03-01,00:00:00,89.09900000,89.10000000,86.36400000,88.42500000,6153406
OFZ 26245,W1,2026-03-08,00:00:00,88.42500000,88.83400000,87.90000000,88.36100000,3134406
OFZ 26245,W1,2026-03-15,00:00:00,88.50000000,89.70100000,88.31000000,89.67200000,5278990
OFZ 26245,W1,2026-03-22,00:00:00,89.67200000,90.05100000,88.73100000,89.02000000,5242270
OFZ 26245,W1,2026-03-29,00:00:00,89.09800000,89.19500000,88.64000000,88.99300000,7795768
OFZ 26245,W1,2026-04-05,00:00:00,88.94100000,89.05400000,88.49900000,88.81200000,7440671
OFZ 26245,W1,2026-04-12,00:00:00,88.64000000,88.99900000,88.26000000,88.90000000,8323320
OFZ 26245,W1,2026-04-19,00:00:00,88.95000000,89.79700000,88.40000000,89.78000000,8265048
OFZ 26245,W1,2026-04-26,00:00:00,89.60200000,89.96000000,88.71800000,89.09600000,73933586
OFZ 26245,W1,2026-05-03,00:00:00,88.81300000,89.62300000,88.60000000,89.29900000,17332385
OFZ 26245,W1,2026-05-10,00:00:00,89.22100000,89.62300000,88.65800000,88.75000000,7939563
OFZ 26245,W1,2026-05-17,00:00:00,88.85000000,89.14500000,88.69700000,88.79200000,1729162
OFZ 26245,W1,2026-05-24,00:00:00,88.80000000,88.97900000,88.49000000,88.67900000,2220648
OFZ 26246,D1,2025-12-01,00:00:00,88.26000000,88.75000000,87.82000000,88.19200000,722265
OFZ 26246,D1,2025-12-02,00:00:00,88.20000000,88.31500000,87.77100000,88.29200000,896193
OFZ 26246,D1,2025-12-03,00:00:00,88.29200000,89.00000000,87.62000000,88.74500000,1706042
OFZ 26246,D1,2025-12-04,00:00:00,88.84400000,89.00200000,88.61600000,88.78500000,583356
OFZ 26246,D1,2025-12-05,00:00:00,88.91000000,89.10000000,88.70100000,89.00000000,614027
OFZ 26246,D1,2025-12-08,00:00:00,89.10000000,89.26700000,88.74000000,88.92100000,488142
OFZ 26246,D1,2025-12-09,00:00:00,88.95000000,89.20000000,88.70000000,88.84900000,690117
OFZ 26246,D1,2025-12-10,00:00:00,88.87900000,89.15000000,88.61000000,89.13300000,333741
OFZ 26246,D1,2025-12-11,00:00:00,89.13300000,89.30000000,89.00000000,89.20300000,757108
OFZ 26246,D1,2025-12-12,00:00:00,89.20200000,89.39000000,89.20100000,89.27100000,1824204
OFZ 26246,D1,2025-12-15,00:00:00,89.27100000,89.45000000,89.14700000,89.15000000,2407412
OFZ 26246,D1,2025-12-16,00:00:00,89.19500000,89.41700000,88.96400000,89.15000000,557962
OFZ 26246,D1,2025-12-17,00:00:00,89.20300000,89.26200000,88.89000000,89.18500000,731156
OFZ 26246,D1,2025-12-18,00:00:00,89.15700000,89.49100000,89.15000000,89.25900000,698544
OFZ 26246,D1,2025-12-19,00:00:00,89.35900000,89.74900000,88.61700000,89.07300000,2379447
OFZ 26246,D1,2025-12-22,00:00:00,89.14400000,89.30700000,88.31200000,88.55500000,1449930
OFZ 26246,D1,2025-12-23,00:00:00,88.64900000,88.74600000,88.23100000,88.44500000,1204537
OFZ 26246,D1,2025-12-24,00:00:00,88.44500000,88.54000000,88.09000000,88.24600000,541425
OFZ 26246,D1,2025-12-25,00:00:00,88.25000000,88.39700000,87.60000000,87.89800000,428248
OFZ 26246,D1,2025-12-26,00:00:00,87.89800000,88.15300000,87.62000000,87.79700000,856526
OFZ 26246,D1,2025-12-29,00:00:00,87.80200000,88.52000000,87.33700000,87.53500000,1185930
OFZ 26246,D1,2025-12-30,00:00:00,87.84800000,88.61000000,87.54900000,88.47600000,1271654
OFZ 26246,D1,2026-01-05,00:00:00,88.47600000,88.74800000,88.30000000,88.50000000,108845
OFZ 26246,D1,2026-01-06,00:00:00,88.58800000,89.16000000,88.50100000,88.66900000,80044
OFZ 26246,D1,2026-01-08,00:00:00,88.68000000,88.85300000,88.31600000,88.59900000,53537
OFZ 26246,D1,2026-01-09,00:00:00,88.79200000,88.83000000,88.28900000,88.60200000,734282
OFZ 26246,D1,2026-01-12,00:00:00,88.60200000,89.14100000,87.40000000,87.49800000,924241
OFZ 26246,D1,2026-01-13,00:00:00,87.79600000,87.89800000,87.12300000,87.17600000,1569133
OFZ 26246,D1,2026-01-14,00:00:00,87.34900000,87.39700000,86.52100000,87.02300000,3630494
OFZ 26246,D1,2026-01-15,00:00:00,87.09800000,87.40000000,86.75000000,87.37000000,1623998
OFZ 26246,D1,2026-01-16,00:00:00,87.37000000,87.49700000,87.00000000,87.48500000,954465
OFZ 26246,D1,2026-01-19,00:00:00,87.48500000,87.88000000,87.19500000,87.24700000,413772
OFZ 26246,D1,2026-01-20,00:00:00,87.23700000,87.45000000,87.00000000,87.17500000,588810
OFZ 26246,D1,2026-01-21,00:00:00,87.17600000,87.25000000,86.96900000,87.01000000,672030
OFZ 26246,D1,2026-01-22,00:00:00,87.11000000,87.40000000,86.93400000,87.32900000,2276049
OFZ 26246,D1,2026-01-23,00:00:00,87.32900000,87.40000000,86.98000000,87.35800000,217226
OFZ 26246,D1,2026-01-26,00:00:00,87.35800000,87.45900000,86.85000000,87.00000000,1381077
OFZ 26246,D1,2026-01-27,00:00:00,87.09500000,87.13800000,86.85100000,87.09800000,243107
OFZ 26246,D1,2026-01-28,00:00:00,87.09800000,87.50000000,86.86400000,87.17300000,675540
OFZ 26246,D1,2026-01-29,00:00:00,87.18400000,87.47900000,86.80300000,87.31700000,1305767
OFZ 26246,D1,2026-01-30,00:00:00,87.30100000,87.74800000,87.10000000,87.21000000,502307
OFZ 26246,D1,2026-02-02,00:00:00,87.44700000,87.51000000,87.05000000,87.10000000,740616
OFZ 26246,D1,2026-02-03,00:00:00,87.10000000,87.40000000,87.00000000,87.29400000,657624
OFZ 26246,D1,2026-02-04,00:00:00,87.33200000,87.40200000,87.07900000,87.15100000,339754
OFZ 26246,D1,2026-02-05,00:00:00,87.25900000,87.39100000,86.85000000,86.99000000,731247
OFZ 26246,D1,2026-02-06,00:00:00,87.11000000,87.29700000,86.41000000,86.59900000,446406
OFZ 26246,D1,2026-02-09,00:00:00,86.59900000,86.79500000,86.27600000,86.34800000,426795
OFZ 26246,D1,2026-02-10,00:00:00,86.45000000,86.59000000,85.85000000,86.00300000,1320259
OFZ 26246,D1,2026-02-11,00:00:00,86.05000000,86.93200000,85.95600000,86.90900000,1064931
OFZ 26246,D1,2026-02-12,00:00:00,86.91000000,87.20000000,86.50000000,87.19900000,3103706
OFZ 26246,D1,2026-02-13,00:00:00,87.15000000,88.33600000,87.05000000,88.31000000,5855364
OFZ 26246,D1,2026-02-16,00:00:00,88.34000000,89.02000000,87.96000000,88.26200000,2103741
OFZ 26246,D1,2026-02-17,00:00:00,88.47100000,88.78800000,88.10000000,88.48300000,868233
OFZ 26246,D1,2026-02-18,00:00:00,88.48400000,88.94900000,88.36000000,88.89900000,810818
OFZ 26246,D1,2026-02-19,00:00:00,88.89900000,89.05000000,88.48000000,88.73700000,840901
OFZ 26246,D1,2026-02-20,00:00:00,88.84600000,88.85000000,88.40000000,88.63600000,525282
OFZ 26246,D1,2026-02-24,00:00:00,88.79700000,88.80000000,88.32200000,88.50000000,759325
OFZ 26246,D1,2026-02-25,00:00:00,88.60000000,88.60100000,86.10000000,88.17000000,2324436
OFZ 26246,D1,2026-02-26,00:00:00,88.20000000,88.30900000,87.79500000,88.12400000,982122
OFZ 26246,D1,2026-02-27,00:00:00,88.12400000,88.29500000,87.90000000,88.18100000,1081080
OFZ 26246,D1,2026-03-02,00:00:00,88.18100000,88.29900000,87.90000000,88.19000000,3878393
OFZ 26246,D1,2026-03-03,00:00:00,88.18800000,88.28800000,87.90000000,87.91100000,1567669
OFZ 26246,D1,2026-03-04,00:00:00,87.98600000,88.14900000,87.51400000,87.98200000,5743654
OFZ 26246,D1,2026-03-05,00:00:00,88.00000000,88.04900000,87.84700000,87.97000000,1518540
OFZ 26246,D1,2026-03-06,00:00:00,87.99800000,88.10000000,87.84700000,87.98900000,3430299
OFZ 26246,D1,2026-03-09,00:00:00,87.98900000,88.45700000,87.84700000,88.15700000,134822
OFZ 26246,D1,2026-03-10,00:00:00,88.17500000,88.33000000,87.96000000,87.99500000,1096441
OFZ 26246,D1,2026-03-11,00:00:00,88.00000000,88.40100000,87.90000000,88.20200000,956349
OFZ 26246,D1,2026-03-12,00:00:00,88.20200000,88.80000000,88.14800000,88.71600000,2358702
OFZ 26246,D1,2026-03-13,00:00:00,88.71600000,89.55000000,88.64100000,89.43800000,1179586
OFZ 26246,D1,2026-03-16,00:00:00,89.54900000,89.83900000,89.15100000,89.40000000,1533791
OFZ 26246,D1,2026-03-17,00:00:00,89.40000000,89.50300000,89.03000000,89.09900000,2062247
OFZ 26246,D1,2026-03-18,00:00:00,89.19900000,89.35000000,88.99100000,89.09800000,701841
OFZ 26246,D1,2026-03-19,00:00:00,89.25000000,89.50000000,88.74900000,89.00100000,1716989
OFZ 26246,D1,2026-03-20,00:00:00,89.03500000,89.29900000,88.56900000,89.11000000,1531376
OFZ 26246,D1,2026-03-23,00:00:00,89.20000000,89.37000000,88.57900000,88.74600000,508886
OFZ 26246,D1,2026-03-24,00:00:00,88.74700000,89.25000000,88.74700000,88.87900000,673810
OFZ 26246,D1,2026-03-25,00:00:00,88.84700000,88.98000000,88.66000000,88.74600000,1213710
OFZ 26246,D1,2026-03-26,00:00:00,88.74700000,88.83500000,88.53600000,88.57300000,1397756
OFZ 26246,D1,2026-03-27,00:00:00,88.62900000,88.70400000,88.50000000,88.67200000,566728
OFZ 26246,D1,2026-03-28,00:00:00,88.55100000,88.68800000,88.52100000,88.67900000,34473
OFZ 26246,D1,2026-03-29,00:00:00,88.68000000,88.68900000,88.61400000,88.68000000,27239
OFZ 26246,D1,2026-03-30,00:00:00,88.55100000,88.69000000,88.44900000,88.57600000,818242
OFZ 26246,D1,2026-03-31,00:00:00,88.60000000,88.70800000,88.50000000,88.54500000,335087
OFZ 26246,D1,2026-04-01,00:00:00,88.54500000,88.66600000,88.45000000,88.58400000,883159
OFZ 26246,D1,2026-04-02,00:00:00,88.58500000,88.70000000,88.46800000,88.55000000,597862
OFZ 26246,D1,2026-04-03,00:00:00,88.53200000,88.59900000,88.21600000,88.50000000,644173
OFZ 26246,D1,2026-04-04,00:00:00,88.50000000,88.59800000,88.45000000,88.59600000,27345
OFZ 26246,D1,2026-04-05,00:00:00,88.59600000,88.60000000,88.50500000,88.59400000,24574
OFZ 26246,D1,2026-04-06,00:00:00,88.50000000,88.60000000,88.22000000,88.43700000,433212
OFZ 26246,D1,2026-04-07,00:00:00,88.43700000,88.60000000,88.15000000,88.31900000,932885
OFZ 26246,D1,2026-04-08,00:00:00,88.25800000,88.47500000,88.20700000,88.27200000,735458
OFZ 26246,D1,2026-04-09,00:00:00,88.25000000,88.42500000,87.90600000,88.10300000,1536954
OFZ 26246,D1,2026-04-10,00:00:00,88.10300000,88.49900000,88.02900000,88.49900000,1035067
OFZ 26246,D1,2026-04-11,00:00:00,88.50000000,88.55000000,88.34600000,88.55000000,18542
OFZ 26246,D1,2026-04-12,00:00:00,88.55000000,88.60000000,88.52000000,88.59800000,32252
OFZ 26246,D1,2026-04-13,00:00:00,88.50000000,88.65000000,88.11100000,88.39300000,1136732
OFZ 26246,D1,2026-04-14,00:00:00,88.39800000,88.46800000,88.03600000,88.25000000,955346
OFZ 26246,D1,2026-04-15,00:00:00,88.24900000,89.39900000,88.05200000,89.26000000,1080894
OFZ 26246,D1,2026-04-16,00:00:00,89.26000000,89.41300000,88.87500000,89.27200000,2624236
OFZ 26246,D1,2026-04-17,00:00:00,89.32500000,89.39900000,89.11800000,89.23700000,543869
OFZ 26246,D1,2026-04-18,00:00:00,89.25100000,89.39900000,89.18300000,89.39900000,36949
OFZ 26246,D1,2026-04-19,00:00:00,89.39900000,89.50400000,89.25100000,89.48400000,39705
OFZ 26246,D1,2026-04-20,00:00:00,89.25100000,89.56500000,89.05000000,89.27900000,1174553
OFZ 26246,D1,2026-04-21,00:00:00,89.27900000,89.28900000,89.08100000,89.16000000,439095
OFZ 26246,D1,2026-04-22,00:00:00,89.27800000,89.88700000,89.15700000,89.81100000,673161
OFZ 26246,D1,2026-04-23,00:00:00,89.81300000,89.88900000,89.32100000,89.55000000,2098542
OFZ 26246,D1,2026-04-24,00:00:00,89.55000000,89.69900000,88.46000000,88.69900000,2389474
OFZ 26246,D1,2026-04-25,00:00:00,88.79800000,88.96900000,88.70000000,88.84800000,28973
OFZ 26246,D1,2026-04-26,00:00:00,88.84800000,89.14500000,88.78300000,88.86900000,26963
OFZ 26246,D1,2026-04-27,00:00:00,88.79800000,89.14500000,88.32100000,88.53500000,915700
OFZ 26246,D1,2026-04-28,00:00:00,88.68000000,88.68000000,88.24000000,88.56600000,1162705
OFZ 26246,D1,2026-04-29,00:00:00,88.56600000,88.73800000,88.45500000,88.57300000,2734420
OFZ 26246,D1,2026-04-30,00:00:00,88.63700000,88.97700000,88.63500000,88.81900000,573625
OFZ 26246,D1,2026-05-02,00:00:00,88.89800000,89.00000000,88.84000000,89.00000000,39000
OFZ 26246,D1,2026-05-03,00:00:00,89.00000000,89.00000000,88.84200000,88.95000000,42526
OFZ 26246,D1,2026-05-04,00:00:00,88.81900000,89.00000000,88.65600000,88.70600000,504197
OFZ 26246,D1,2026-05-05,00:00:00,88.70600000,88.86300000,88.50100000,88.63900000,1138681
OFZ 26246,D1,2026-05-06,00:00:00,88.60100000,88.69900000,88.47000000,88.68700000,1404479
OFZ 26246,D1,2026-05-07,00:00:00,88.68700000,88.69900000,88.48200000,88.57400000,372902
OFZ 26246,D1,2026-05-08,00:00:00,88.62000000,88.68000000,88.39800000,88.63700000,902503
OFZ 26246,D1,2026-05-11,00:00:00,88.68000000,89.15500000,88.52600000,88.93800000,95242
OFZ 26246,D1,2026-05-12,00:00:00,88.90000000,89.07700000,88.55900000,88.60000000,293543
OFZ 26246,D1,2026-05-13,00:00:00,88.59600000,88.69000000,88.52000000,88.63800000,727278
OFZ 26246,D1,2026-05-14,00:00:00,88.63800000,88.79700000,88.42700000,88.49800000,294193
OFZ 26246,D1,2026-05-15,00:00:00,88.50000000,88.64000000,88.43100000,88.55200000,763587
OFZ 26246,D1,2026-05-16,00:00:00,88.60000000,88.66300000,88.55200000,88.55200000,17732
OFZ 26246,D1,2026-05-17,00:00:00,88.55200000,88.65000000,88.54500000,88.58000000,16775
OFZ 26246,D1,2026-05-18,00:00:00,88.60000000,88.75000000,88.26000000,88.37400000,1438574
OFZ 26246,D1,2026-05-19,00:00:00,88.40000000,88.43700000,88.01800000,88.26900000,853763
OFZ 26246,D1,2026-05-20,00:00:00,88.29800000,88.43000000,88.12900000,88.38900000,696548
OFZ 26246,D1,2026-05-21,00:00:00,88.52000000,88.60000000,88.00200000,88.40900000,250709
OFZ 26246,D1,2026-05-22,00:00:00,88.45000000,88.55700000,88.30000000,88.38000000,407074
OFZ 26246,D1,2026-05-23,00:00:00,88.40000000,88.49000000,88.33300000,88.38900000,17368
OFZ 26246,D1,2026-05-24,00:00:00,88.38900000,88.49000000,88.33300000,88.47000000,18600
OFZ 26246,D1,2026-05-25,00:00:00,88.40000000,88.56600000,88.05500000,88.19100000,535957
OFZ 26246,D1,2026-05-26,00:00:00,88.19200000,88.38500000,87.92800000,88.14000000,2040192
OFZ 26246,D1,2026-05-27,00:00:00,88.20000000,88.20000000,87.92800000,88.06400000,745012
OFZ 26246,D1,2026-05-28,00:00:00,88.06400000,88.39700000,88.01200000,88.12000000,539779
OFZ 26246,D1,2026-05-29,00:00:00,88.20000000,88.26000000,87.85000000,87.97900000,1333641
OFZ 26246,D1,2026-05-30,00:00:00,87.97900000,88.04500000,87.94500000,88.00000000,32881
OFZ 26246,D1,2026-05-31,00:00:00,88.03800000,88.16800000,88.00000000,88.09000000,20731
OFZ 26246,MN1,2025-12-31,00:00:00,88.26000000,89.74900000,87.33700000,88.47600000,22327966
OFZ 26246,MN1,2026-01-31,00:00:00,88.47600000,89.16000000,86.52100000,87.21000000,17954724
OFZ 26246,MN1,2026-02-28,00:00:00,87.44700000,89.05000000,85.85000000,88.18100000,24982640
OFZ 26246,MN1,2026-03-31,00:00:00,88.18100000,89.83900000,87.51400000,88.54500000,34986630
OFZ 26246,MN1,2026-04-30,00:00:00,88.54500000,89.88900000,87.90600000,88.81900000,25536425
OFZ 26246,W1,2025-12-07,00:00:00,88.26000000,89.10000000,87.62000000,89.00000000,4521883
OFZ 26246,W1,2025-12-14,00:00:00,89.10000000,89.39000000,88.61000000,89.27100000,4093312
OFZ 26246,W1,2025-12-21,00:00:00,89.27100000,89.74900000,88.61700000,89.07300000,6774521
OFZ 26246,W1,2025-12-28,00:00:00,89.14400000,89.30700000,87.60000000,87.79700000,4480666
OFZ 26246,W1,2026-01-04,00:00:00,87.80200000,88.61000000,87.33700000,88.47600000,2457584
OFZ 26246,W1,2026-01-11,00:00:00,88.47600000,89.16000000,88.28900000,88.60200000,976708
OFZ 26246,W1,2026-01-18,00:00:00,88.60200000,89.14100000,86.52100000,87.48500000,8702331
OFZ 26246,W1,2026-01-25,00:00:00,87.48500000,87.88000000,86.93400000,87.35800000,4167887
OFZ 26246,W1,2026-02-01,00:00:00,87.35800000,87.74800000,86.80300000,87.21000000,4107798
OFZ 26246,W1,2026-02-08,00:00:00,87.44700000,87.51000000,86.41000000,86.59900000,2915647
OFZ 26246,W1,2026-02-15,00:00:00,86.59900000,88.33600000,85.85000000,88.31000000,11771055
OFZ 26246,W1,2026-02-22,00:00:00,88.34000000,89.05000000,87.96000000,88.63600000,5148975
OFZ 26246,W1,2026-03-01,00:00:00,88.79700000,88.80000000,86.10000000,88.18100000,5146963
OFZ 26246,W1,2026-03-08,00:00:00,88.18100000,88.29900000,87.51400000,87.98900000,16138555
OFZ 26246,W1,2026-03-15,00:00:00,87.98900000,89.55000000,87.84700000,89.43800000,5725900
OFZ 26246,W1,2026-03-22,00:00:00,89.54900000,89.83900000,88.56900000,89.11000000,7546244
OFZ 26246,W1,2026-03-29,00:00:00,89.20000000,89.37000000,88.50000000,88.68000000,4422602
OFZ 26246,W1,2026-04-05,00:00:00,88.55100000,88.70800000,88.21600000,88.59400000,3330442
OFZ 26246,W1,2026-04-12,00:00:00,88.50000000,88.60000000,87.90600000,88.59800000,4724370
OFZ 26246,W1,2026-04-19,00:00:00,88.50000000,89.50400000,88.03600000,89.48400000,6417731
OFZ 26246,W1,2026-04-26,00:00:00,89.25100000,89.88900000,88.46000000,88.86900000,6830761
OFZ 26246,W1,2026-05-03,00:00:00,88.79800000,89.14500000,88.24000000,88.95000000,5467976
OFZ 26246,W1,2026-05-10,00:00:00,88.81900000,89.00000000,88.39800000,88.63700000,4322762
OFZ 26246,W1,2026-05-17,00:00:00,88.68000000,89.15500000,88.42700000,88.58000000,2208350
OFZ 26246,W1,2026-05-24,00:00:00,88.60000000,88.75000000,88.00200000,88.47000000,3682636
OFZ 26247,D1,2025-12-01,00:00:00,89.53800000,89.85900000,89.33000000,89.59100000,997593
OFZ 26247,D1,2025-12-02,00:00:00,89.59100000,89.74100000,89.14100000,89.60600000,1176936
OFZ 26247,D1,2025-12-03,00:00:00,89.60500000,90.00900000,89.10000000,89.97900000,1057684
OFZ 26247,D1,2025-12-04,00:00:00,90.00900000,90.39700000,89.90000000,90.01300000,637952
OFZ 26247,D1,2025-12-05,00:00:00,90.11200000,90.75800000,90.02600000,90.17000000,1543123
OFZ 26247,D1,2025-12-08,00:00:00,90.17100000,90.48000000,90.02000000,90.15800000,556217
OFZ 26247,D1,2025-12-09,00:00:00,90.21900000,90.28000000,89.67700000,89.75000000,998807
OFZ 26247,D1,2025-12-10,00:00:00,89.90800000,90.19000000,89.62500000,90.19000000,867647
OFZ 26247,D1,2025-12-11,00:00:00,90.19700000,90.42000000,89.87400000,90.33200000,2102187
OFZ 26247,D1,2025-12-12,00:00:00,90.33200000,90.51900000,90.26200000,90.33700000,1296968
OFZ 26247,D1,2025-12-15,00:00:00,90.33700000,90.50300000,90.20000000,90.30000000,1727017
OFZ 26247,D1,2025-12-16,00:00:00,90.33700000,90.39500000,90.09000000,90.15000000,1108296
OFZ 26247,D1,2025-12-17,00:00:00,90.26100000,90.30000000,89.81600000,90.13900000,809842
OFZ 26247,D1,2025-12-18,00:00:00,90.12700000,90.47400000,90.07500000,90.40000000,1882584
OFZ 26247,D1,2025-12-19,00:00:00,90.39000000,90.60400000,89.50000000,90.06800000,2146542
OFZ 26247,D1,2025-12-22,00:00:00,90.07000000,90.10000000,89.46700000,89.54000000,1633812
OFZ 26247,D1,2025-12-23,00:00:00,89.62000000,89.91800000,89.26900000,89.49300000,1082538
OFZ 26247,D1,2025-12-24,00:00:00,89.50000000,89.59900000,89.05300000,89.14100000,888462
OFZ 26247,D1,2025-12-25,00:00:00,89.14500000,89.27500000,87.49000000,88.30000000,2980082
OFZ 26247,D1,2025-12-26,00:00:00,88.29400000,88.48900000,88.01200000,88.34000000,3356711
OFZ 26247,D1,2025-12-29,00:00:00,88.33900000,88.60000000,87.95000000,88.35000000,1936398
OFZ 26247,D1,2025-12-30,00:00:00,88.39200000,89.50000000,88.25600000,89.12100000,1750498
OFZ 26247,D1,2026-01-05,00:00:00,89.12100000,89.45000000,88.72600000,89.16200000,185347
OFZ 26247,D1,2026-01-06,00:00:00,89.17900000,89.93000000,89.05100000,89.27500000,129201
OFZ 26247,D1,2026-01-08,00:00:00,89.35600000,89.50500000,89.10000000,89.25000000,92007
OFZ 26247,D1,2026-01-09,00:00:00,89.34700000,89.41100000,89.00000000,89.10000000,203708
OFZ 26247,D1,2026-01-12,00:00:00,89.10000000,89.44600000,88.12000000,88.31500000,477207
OFZ 26247,D1,2026-01-13,00:00:00,88.14300000,88.46500000,87.65500000,87.69900000,1061720
OFZ 26247,D1,2026-01-14,00:00:00,87.87900000,87.88400000,86.89400000,87.25000000,2114656
OFZ 26247,D1,2026-01-15,00:00:00,87.25700000,87.59800000,86.80000000,87.40000000,1694381
OFZ 26247,D1,2026-01-16,00:00:00,87.40000000,87.79900000,87.33200000,87.67200000,809894
OFZ 26247,D1,2026-01-19,00:00:00,87.67200000,87.97900000,87.39000000,87.46300000,1124235
OFZ 26247,D1,2026-01-20,00:00:00,87.59800000,87.66400000,87.00200000,87.44800000,1028162
OFZ 26247,D1,2026-01-21,00:00:00,87.46300000,87.51900000,87.02000000,87.15700000,2308982
OFZ 26247,D1,2026-01-22,00:00:00,87.23900000,87.75000000,87.00500000,87.74900000,2123895
OFZ 26247,D1,2026-01-23,00:00:00,87.75000000,87.86500000,87.37200000,87.74400000,1097685
OFZ 26247,D1,2026-01-26,00:00:00,87.70000000,87.75600000,87.00000000,87.09200000,1375169
OFZ 26247,D1,2026-01-27,00:00:00,87.23900000,87.35000000,86.99100000,87.30000000,1185131
OFZ 26247,D1,2026-01-28,00:00:00,87.23200000,87.75900000,86.99600000,87.44900000,1312858
OFZ 26247,D1,2026-01-29,00:00:00,87.44900000,87.82500000,87.34400000,87.74100000,1080749
OFZ 26247,D1,2026-01-30,00:00:00,87.60000000,87.84600000,87.34400000,87.62300000,957896
OFZ 26247,D1,2026-02-02,00:00:00,87.74200000,87.74500000,87.30200000,87.50000000,925155
OFZ 26247,D1,2026-02-03,00:00:00,87.46000000,87.62100000,87.36700000,87.46600000,627124
OFZ 26247,D1,2026-02-04,00:00:00,87.46700000,87.60000000,87.34000000,87.48700000,1127782
OFZ 26247,D1,2026-02-05,00:00:00,87.62000000,87.62000000,86.96500000,87.18700000,1030364
OFZ 26247,D1,2026-02-06,00:00:00,87.18700000,87.18700000,86.48500000,86.55300000,966696
OFZ 26247,D1,2026-02-09,00:00:00,86.55400000,86.70000000,86.24100000,86.39000000,1416155
OFZ 26247,D1,2026-02-10,00:00:00,86.37400000,86.47800000,85.90000000,86.11700000,1269000
OFZ 26247,D1,2026-02-11,00:00:00,86.09100000,86.99400000,85.98200000,86.98400000,1871890
OFZ 26247,D1,2026-02-12,00:00:00,86.98500000,87.42200000,86.50000000,87.31900000,5895083
OFZ 26247,D1,2026-02-13,00:00:00,87.39900000,88.79900000,87.16000000,88.78000000,6809742
OFZ 26247,D1,2026-02-16,00:00:00,88.80000000,90.00500000,88.50000000,88.63000000,2782899
OFZ 26247,D1,2026-02-17,00:00:00,88.78000000,88.98900000,88.39000000,88.89900000,3724432
OFZ 26247,D1,2026-02-18,00:00:00,88.85000000,89.40500000,88.30100000,89.14700000,6852962
OFZ 26247,D1,2026-02-19,00:00:00,89.16000000,89.50000000,88.89000000,89.19000000,5432898
OFZ 26247,D1,2026-02-20,00:00:00,89.25000000,89.37000000,88.73400000,88.99800000,910294
OFZ 26247,D1,2026-02-24,00:00:00,88.99800000,89.20900000,88.73100000,88.93200000,878290
OFZ 26247,D1,2026-02-25,00:00:00,88.95000000,89.04900000,88.45000000,88.60500000,1920922
OFZ 26247,D1,2026-02-26,00:00:00,88.69000000,88.75000000,88.39500000,88.54600000,1334242
OFZ 26247,D1,2026-02-27,00:00:00,88.54600000,88.89000000,88.38100000,88.64000000,1962656
OFZ 26247,D1,2026-03-02,00:00:00,88.64000000,88.91000000,88.31000000,88.69400000,1439895
OFZ 26247,D1,2026-03-03,00:00:00,88.79900000,88.79900000,88.50300000,88.71000000,553390
OFZ 26247,D1,2026-03-04,00:00:00,88.79200000,88.81800000,88.19000000,88.50000000,1122191
OFZ 26247,D1,2026-03-05,00:00:00,88.54100000,88.65300000,88.25000000,88.39000000,666343
OFZ 26247,D1,2026-03-06,00:00:00,88.39000000,88.49900000,88.19000000,88.41500000,1500632
OFZ 26247,D1,2026-03-09,00:00:00,88.40000000,88.55900000,88.31000000,88.48500000,323731
OFZ 26247,D1,2026-03-10,00:00:00,88.49000000,88.60000000,88.44000000,88.55100000,494037
OFZ 26247,D1,2026-03-11,00:00:00,88.55100000,88.63000000,88.24300000,88.58800000,1856302
OFZ 26247,D1,2026-03-12,00:00:00,88.58000000,89.44000000,88.45100000,89.35000000,1619500
OFZ 26247,D1,2026-03-13,00:00:00,89.35000000,89.89900000,89.30600000,89.70000000,2176431
OFZ 26247,D1,2026-03-16,00:00:00,89.70000000,90.23900000,89.70000000,89.81600000,1844649
OFZ 26247,D1,2026-03-17,00:00:00,89.97500000,89.98500000,89.50000000,89.55800000,1269982
OFZ 26247,D1,2026-03-18,00:00:00,89.56500000,89.79300000,89.30000000,89.52700000,1811875
OFZ 26247,D1,2026-03-19,00:00:00,89.52900000,89.67700000,89.00100000,89.44900000,1617847
OFZ 26247,D1,2026-03-20,00:00:00,89.44900000,89.73000000,89.00000000,89.28000000,2319031
OFZ 26247,D1,2026-03-23,00:00:00,89.22000000,89.40900000,88.80000000,89.21500000,607265
OFZ 26247,D1,2026-03-24,00:00:00,89.11000000,89.44800000,89.06100000,89.18000000,725079
OFZ 26247,D1,2026-03-25,00:00:00,89.17000000,89.39400000,88.71400000,89.14500000,616714
OFZ 26247,D1,2026-03-26,00:00:00,89.16000000,89.19900000,88.81000000,88.93900000,684475
OFZ 26247,D1,2026-03-27,00:00:00,88.90000000,88.99000000,88.69900000,88.79900000,1038775
OFZ 26247,D1,2026-03-28,00:00:00,88.90000000,88.96600000,88.76800000,88.90600000,33413
OFZ 26247,D1,2026-03-29,00:00:00,88.90600000,89.00000000,88.83200000,88.89700000,35639
OFZ 26247,D1,2026-03-30,00:00:00,88.90000000,89.10000000,88.57000000,88.74600000,1033952
OFZ 26247,D1,2026-03-31,00:00:00,88.78900000,88.81800000,88.59900000,88.75500000,715717
OFZ 26247,D1,2026-04-01,00:00:00,88.79600000,88.79600000,88.58000000,88.70600000,516484
OFZ 26247,D1,2026-04-02,00:00:00,88.65000000,88.79900000,88.50500000,88.58000000,735524
OFZ 26247,D1,2026-04-03,00:00:00,88.58000000,88.72800000,88.31000000,88.47100000,742462
OFZ 26247,D1,2026-04-04,00:00:00,88.47100000,88.73900000,88.47100000,88.67800000,24209
OFZ 26247,D1,2026-04-05,00:00:00,88.67800000,88.74900000,88.40000000,88.50700000,56802
OFZ 26247,D1,2026-04-06,00:00:00,88.47100000,88.74900000,88.17500000,88.38900000,683604
OFZ 26247,D1,2026-04-07,00:00:00,88.39200000,88.44900000,88.16000000,88.22900000,871837
OFZ 26247,D1,2026-04-08,00:00:00,88.18200000,88.42700000,88.08100000,88.08900000,636572
OFZ 26247,D1,2026-04-09,00:00:00,88.09900000,88.32900000,87.84600000,88.19900000,1491827
OFZ 26247,D1,2026-04-10,00:00:00,88.20000000,88.55900000,88.19900000,88.49900000,1223911
OFZ 26247,D1,2026-04-11,00:00:00,88.50000000,88.79900000,88.44000000,88.74400000,38728
OFZ 26247,D1,2026-04-12,00:00:00,88.70000000,88.79500000,88.56700000,88.71200000,42333
OFZ 26247,D1,2026-04-13,00:00:00,88.50000000,88.83000000,88.20300000,88.42100000,910918
OFZ 26247,D1,2026-04-14,00:00:00,88.43900000,88.50000000,88.13900000,88.34200000,428257
OFZ 26247,D1,2026-04-15,00:00:00,88.35900000,89.29700000,88.20200000,89.28800000,1431003
OFZ 26247,D1,2026-04-16,00:00:00,89.28000000,89.95000000,88.90500000,89.57200000,1295277
OFZ 26247,D1,2026-04-17,00:00:00,89.63600000,89.68900000,89.31000000,89.47500000,700706
OFZ 26247,D1,2026-04-18,00:00:00,89.47800000,89.63000000,89.40000000,89.60000000,46842
OFZ 26247,D1,2026-04-19,00:00:00,89.60000000,89.74400000,89.50100000,89.74400000,50274
OFZ 26247,D1,2026-04-20,00:00:00,89.47800000,89.88500000,89.30400000,89.51600000,1913398
OFZ 26247,D1,2026-04-21,00:00:00,89.51700000,89.68600000,89.29000000,89.39800000,1027446
OFZ 26247,D1,2026-04-22,00:00:00,89.44900000,90.20000000,89.37000000,90.05000000,2848015
OFZ 26247,D1,2026-04-23,00:00:00,90.06000000,90.50000000,89.69900000,89.83500000,1139871
OFZ 26247,D1,2026-04-24,00:00:00,89.87900000,89.88000000,88.52000000,88.84100000,3344206
OFZ 26247,D1,2026-04-25,00:00:00,88.98300000,89.00900000,88.84100000,88.97000000,47699
OFZ 26247,D1,2026-04-26,00:00:00,88.97000000,89.08500000,88.93800000,89.00300000,61044
OFZ 26247,D1,2026-04-27,00:00:00,88.98300000,89.08700000,88.56000000,88.65000000,1277216
OFZ 26247,D1,2026-04-28,00:00:00,88.78000000,88.78100000,88.35500000,88.69900000,2422547
OFZ 26247,D1,2026-04-29,00:00:00,88.69800000,88.90000000,88.55300000,88.80000000,637957
OFZ 26247,D1,2026-04-30,00:00:00,88.80000000,89.10100000,88.78600000,89.02000000,685537
OFZ 26247,D1,2026-05-02,00:00:00,89.18500000,89.30600000,89.00000000,89.29000000,44852
OFZ 26247,D1,2026-05-03,00:00:00,89.29000000,89.31300000,89.15000000,89.22900000,29707
OFZ 26247,D1,2026-05-04,00:00:00,89.09900000,89.34800000,88.82400000,88.94900000,573518
OFZ 26247,D1,2026-05-05,00:00:00,88.94900000,89.08300000,88.62000000,88.79700000,560361
OFZ 26247,D1,2026-05-06,00:00:00,88.79700000,88.97900000,88.52900000,88.79600000,838985
OFZ 26247,D1,2026-05-07,00:00:00,88.80000000,88.85000000,88.55100000,88.74600000,835256
OFZ 26247,D1,2026-05-08,00:00:00,88.85000000,88.85000000,88.41500000,88.54200000,849718
OFZ 26247,D1,2026-05-11,00:00:00,88.64900000,88.89700000,88.41000000,88.78600000,366059
OFZ 26247,D1,2026-05-12,00:00:00,88.78600000,88.88800000,88.56700000,88.64000000,589190
OFZ 26247,D1,2026-05-13,00:00:00,88.63900000,88.75100000,88.56700000,88.65600000,745054
OFZ 26247,D1,2026-05-14,00:00:00,88.67000000,88.75000000,88.39400000,88.47200000,647310
OFZ 26247,D1,2026-05-15,00:00:00,88.59800000,88.67300000,88.31800000,88.58100000,456176
OFZ 26247,D1,2026-05-16,00:00:00,88.58800000,88.68000000,88.50200000,88.63100000,44085
OFZ 26247,D1,2026-05-17,00:00:00,88.68100000,88.71000000,88.53000000,88.67900000,60674
OFZ 26247,D1,2026-05-18,00:00:00,88.58800000,88.71800000,88.31700000,88.43400000,695868
OFZ 26247,D1,2026-05-19,00:00:00,88.41700000,88.44500000,88.25500000,88.27100000,706189
OFZ 26247,D1,2026-05-20,00:00:00,88.27100000,88.40000000,88.12000000,88.39900000,2477023
OFZ 26247,D1,2026-05-21,00:00:00,88.40000000,88.44900000,88.18300000,88.20000000,903435
OFZ 26247,D1,2026-05-22,00:00:00,88.29800000,88.29900000,88.01500000,88.20000000,1607881
OFZ 26247,D1,2026-05-23,00:00:00,88.24800000,88.27200000,88.20200000,88.25600000,52021
OFZ 26247,D1,2026-05-24,00:00:00,88.25200000,88.27900000,88.20400000,88.24700000,58059
OFZ 26247,D1,2026-05-25,00:00:00,88.24800000,88.34400000,88.02700000,88.14700000,3251323
OFZ 26247,D1,2026-05-26,00:00:00,88.14000000,88.25900000,87.83400000,88.02000000,4327009
OFZ 26247,D1,2026-05-27,00:00:00,87.97900000,88.13300000,87.85100000,88.05700000,2556305
OFZ 26247,D1,2026-05-28,00:00:00,88.05700000,88.14200000,87.93000000,88.09900000,1602530
OFZ 26247,D1,2026-05-29,00:00:00,88.09900000,88.12400000,87.84900000,87.99000000,2462401
OFZ 26247,D1,2026-05-30,00:00:00,87.98700000,88.04800000,87.85100000,88.01200000,73210
OFZ 26247,D1,2026-05-31,00:00:00,88.01200000,88.07000000,88.00000000,88.07000000,75592
OFZ 26247,MN1,2025-12-31,00:00:00,89.53800000,90.75800000,87.49000000,89.12100000,32537896
OFZ 26247,MN1,2026-01-31,00:00:00,89.12100000,89.93000000,86.80000000,87.62300000,20362883
OFZ 26247,MN1,2026-02-28,00:00:00,87.74200000,90.00500000,85.90000000,88.64000000,47738586
OFZ 26247,MN1,2026-03-31,00:00:00,88.64000000,90.23900000,88.19000000,88.75500000,26106865
OFZ 26247,MN1,2026-04-30,00:00:00,88.79600000,90.50000000,87.84600000,89.02000000,27332506
OFZ 26247,W1,2025-12-07,00:00:00,89.53800000,90.75800000,89.10000000,90.17000000,5413288
OFZ 26247,W1,2025-12-14,00:00:00,90.17100000,90.51900000,89.62500000,90.33700000,5821826
OFZ 26247,W1,2025-12-21,00:00:00,90.33700000,90.60400000,89.50000000,90.06800000,7674281
OFZ 26247,W1,2025-12-28,00:00:00,90.07000000,90.10000000,87.49000000,88.34000000,9941605
OFZ 26247,W1,2026-01-04,00:00:00,88.33900000,89.50000000,87.95000000,89.12100000,3686896
OFZ 26247,W1,2026-01-11,00:00:00,89.12100000,89.93000000,88.72600000,89.10000000,610263
OFZ 26247,W1,2026-01-18,00:00:00,89.10000000,89.44600000,86.80000000,87.67200000,6157858
OFZ 26247,W1,2026-01-25,00:00:00,87.67200000,87.97900000,87.00200000,87.74400000,7682959
OFZ 26247,W1,2026-02-01,00:00:00,87.70000000,87.84600000,86.99100000,87.62300000,5911803
OFZ 26247,W1,2026-02-08,00:00:00,87.74200000,87.74500000,86.48500000,86.55300000,4677121
OFZ 26247,W1,2026-02-15,00:00:00,86.55400000,88.79900000,85.90000000,88.78000000,17261870
OFZ 26247,W1,2026-02-22,00:00:00,88.80000000,90.00500000,88.30100000,88.99800000,19703485
OFZ 26247,W1,2026-03-01,00:00:00,88.99800000,89.20900000,88.38100000,88.64000000,6096110
OFZ 26247,W1,2026-03-08,00:00:00,88.64000000,88.91000000,88.19000000,88.41500000,5282451
OFZ 26247,W1,2026-03-15,00:00:00,88.40000000,89.89900000,88.24300000,89.70000000,6470001
OFZ 26247,W1,2026-03-22,00:00:00,89.70000000,90.23900000,89.00000000,89.28000000,8863384
OFZ 26247,W1,2026-03-29,00:00:00,89.22000000,89.44800000,88.69900000,88.89700000,3741360
OFZ 26247,W1,2026-04-05,00:00:00,88.90000000,89.10000000,88.31000000,88.50700000,3825150
OFZ 26247,W1,2026-04-12,00:00:00,88.47100000,88.79900000,87.84600000,88.71200000,4988812
OFZ 26247,W1,2026-04-19,00:00:00,88.50000000,89.95000000,88.13900000,89.74400000,4863277
OFZ 26247,W1,2026-04-26,00:00:00,89.47800000,90.50000000,88.52000000,89.00300000,10381679
OFZ 26247,W1,2026-05-03,00:00:00,88.98300000,89.31300000,88.35500000,89.22900000,5097816
OFZ 26247,W1,2026-05-10,00:00:00,89.09900000,89.34800000,88.41500000,88.54200000,3657838
OFZ 26247,W1,2026-05-17,00:00:00,88.64900000,88.89700000,88.31800000,88.67900000,2908548
OFZ 26247,W1,2026-05-24,00:00:00,88.58800000,88.71800000,88.01500000,88.24700000,6500476
OFZ 26248,D1,2025-12-01,00:00:00,89.60000000,89.79900000,89.31000000,89.59600000,1098574
OFZ 26248,D1,2025-12-02,00:00:00,89.60100000,89.70100000,89.37500000,89.60000000,1188466
OFZ 26248,D1,2025-12-03,00:00:00,89.54000000,90.16600000,89.20000000,90.16600000,2159713
OFZ 26248,D1,2025-12-04,00:00:00,90.17400000,90.29700000,89.90100000,90.16500000,2472941
OFZ 26248,D1,2025-12-05,00:00:00,90.16600000,90.50000000,90.04500000,90.30000000,2077375
OFZ 26248,D1,2025-12-08,00:00:00,90.26800000,90.57000000,89.95100000,90.18000000,2292404
OFZ 26248,D1,2025-12-09,00:00:00,90.22200000,90.30000000,89.70000000,89.79800000,1394810
OFZ 26248,D1,2025-12-10,00:00:00,89.80000000,90.23500000,89.65000000,90.22900000,1608172
OFZ 26248,D1,2025-12-11,00:00:00,90.26600000,90.50000000,89.76900000,90.32100000,1965251
OFZ 26248,D1,2025-12-12,00:00:00,90.32200000,90.47900000,90.25200000,90.31900000,1664985
OFZ 26248,D1,2025-12-15,00:00:00,90.32000000,90.68500000,90.19300000,90.29600000,2187230
OFZ 26248,D1,2025-12-16,00:00:00,90.29600000,90.39800000,90.05200000,90.15000000,1423262
OFZ 26248,D1,2025-12-17,00:00:00,90.27300000,90.29500000,89.84800000,90.16900000,2277628
OFZ 26248,D1,2025-12-18,00:00:00,90.15300000,90.45900000,90.15300000,90.45000000,2317757
OFZ 26248,D1,2025-12-19,00:00:00,90.47100000,90.80000000,89.50000000,89.99400000,2229636
OFZ 26248,D1,2025-12-22,00:00:00,89.99800000,89.99900000,89.20300000,89.40000000,1251170
OFZ 26248,D1,2025-12-23,00:00:00,89.44900000,89.45000000,89.19500000,89.29900000,1959640
OFZ 26248,D1,2025-12-24,00:00:00,89.29900000,89.65000000,89.00000000,89.15000000,1313436
OFZ 26248,D1,2025-12-25,00:00:00,89.15000000,89.36000000,88.22000000,88.58000000,1177658
OFZ 26248,D1,2025-12-26,00:00:00,88.68000000,88.94200000,88.29400000,88.57900000,2632581
OFZ 26248,D1,2025-12-29,00:00:00,88.57800000,89.11400000,88.40000000,88.62700000,2054701
OFZ 26248,D1,2025-12-30,00:00:00,88.62800000,89.70000000,88.60000000,89.69500000,857773
OFZ 26248,D1,2026-01-05,00:00:00,89.69500000,89.99000000,89.32000000,89.48900000,344000
OFZ 26248,D1,2026-01-06,00:00:00,89.48900000,89.65000000,88.95200000,89.44100000,539992
OFZ 26248,D1,2026-01-08,00:00:00,89.44000000,89.54400000,89.11400000,89.54000000,175920
OFZ 26248,D1,2026-01-09,00:00:00,89.54400000,89.58400000,89.33500000,89.41900000,219520
OFZ 26248,D1,2026-01-12,00:00:00,89.40000000,89.55500000,88.17700000,88.39900000,1005133
OFZ 26248,D1,2026-01-13,00:00:00,88.50000000,88.56300000,87.69000000,87.72900000,1989729
OFZ 26248,D1,2026-01-14,00:00:00,87.79100000,87.99000000,87.24100000,87.50000000,2615410
OFZ 26248,D1,2026-01-15,00:00:00,87.52800000,87.66900000,86.83400000,87.55100000,2334921
OFZ 26248,D1,2026-01-16,00:00:00,87.55100000,87.79900000,87.39100000,87.68100000,1321569
OFZ 26248,D1,2026-01-19,00:00:00,87.68200000,87.89800000,87.50000000,87.60100000,731839
OFZ 26248,D1,2026-01-20,00:00:00,87.68100000,87.86900000,87.36600000,87.80000000,959911
OFZ 26248,D1,2026-01-21,00:00:00,87.80000000,87.87900000,87.10000000,87.24800000,2621572
OFZ 26248,D1,2026-01-22,00:00:00,87.37000000,87.79000000,87.14400000,87.73000000,1046437
OFZ 26248,D1,2026-01-23,00:00:00,87.73000000,87.85000000,87.40000000,87.75700000,1013813
OFZ 26248,D1,2026-01-26,00:00:00,87.75700000,87.98600000,86.99900000,87.12700000,2062503
OFZ 26248,D1,2026-01-27,00:00:00,87.26000000,87.37200000,87.02100000,87.28700000,831279
OFZ 26248,D1,2026-01-28,00:00:00,87.24900000,87.71000000,86.94000000,87.55000000,1754789
OFZ 26248,D1,2026-01-29,00:00:00,87.55000000,87.82700000,87.45100000,87.77100000,1336001
OFZ 26248,D1,2026-01-30,00:00:00,87.76900000,87.99900000,87.40000000,87.74400000,2439797
OFZ 26248,D1,2026-02-02,00:00:00,87.74300000,87.90000000,87.39900000,87.55500000,1739959
OFZ 26248,D1,2026-02-03,00:00:00,87.65000000,87.69600000,87.37900000,87.52100000,1346610
OFZ 26248,D1,2026-02-04,00:00:00,87.52200000,87.59700000,87.37400000,87.50000000,1540736
OFZ 26248,D1,2026-02-05,00:00:00,87.40100000,87.49900000,87.04300000,87.24900000,2202068
OFZ 26248,D1,2026-02-06,00:00:00,87.24900000,87.26900000,86.39000000,86.46100000,2915957
OFZ 26248,D1,2026-02-09,00:00:00,86.53900000,86.64500000,86.23100000,86.29700000,1810838
OFZ 26248,D1,2026-02-10,00:00:00,86.31200000,86.39800000,85.98000000,86.05900000,1560401
OFZ 26248,D1,2026-02-11,00:00:00,86.19200000,87.14700000,85.91000000,87.14200000,2473822
OFZ 26248,D1,2026-02-12,00:00:00,87.16000000,87.49900000,86.74000000,87.37600000,3409570
OFZ 26248,D1,2026-02-13,00:00:00,87.37600000,88.74000000,87.06900000,88.69900000,11280166
OFZ 26248,D1,2026-02-16,00:00:00,88.70000000,89.69800000,88.30200000,88.69300000,7994342
OFZ 26248,D1,2026-02-17,00:00:00,88.69900000,88.95800000,88.44000000,88.90600000,9023289
OFZ 26248,D1,2026-02-18,00:00:00,88.96000000,89.61200000,88.59700000,89.29300000,5931048
OFZ 26248,D1,2026-02-19,00:00:00,89.39900000,89.51000000,88.81900000,89.19500000,5392307
OFZ 26248,D1,2026-02-20,00:00:00,89.19400000,89.19400000,88.64900000,88.88600000,2010816
OFZ 26248,D1,2026-02-24,00:00:00,88.88800000,89.33000000,88.78700000,88.97800000,1126106
OFZ 26248,D1,2026-02-25,00:00:00,89.00000000,89.04200000,88.60000000,88.65500000,2242236
OFZ 26248,D1,2026-02-26,00:00:00,88.80000000,88.92300000,88.49500000,88.65600000,1691518
OFZ 26248,D1,2026-02-27,00:00:00,88.65600000,88.96900000,88.46200000,88.64200000,2367984
OFZ 26248,D1,2026-03-02,00:00:00,88.64200000,88.85900000,88.35300000,88.67900000,1230975
OFZ 26248,D1,2026-03-03,00:00:00,88.58900000,88.78300000,88.54800000,88.60600000,1569247
OFZ 26248,D1,2026-03-04,00:00:00,88.62000000,88.73000000,88.30100000,88.49900000,1794313
OFZ 26248,D1,2026-03-05,00:00:00,88.50000000,88.67900000,87.99800000,88.37300000,1802805
OFZ 26248,D1,2026-03-06,00:00:00,88.39600000,88.40000000,88.19600000,88.35600000,1023259
OFZ 26248,D1,2026-03-09,00:00:00,88.30100000,88.59500000,88.21200000,88.54500000,317861
OFZ 26248,D1,2026-03-10,00:00:00,88.55900000,88.74500000,88.41000000,88.48800000,1228695
OFZ 26248,D1,2026-03-11,00:00:00,88.48800000,88.55000000,88.28000000,88.50000000,1794506
OFZ 26248,D1,2026-03-12,00:00:00,88.49900000,89.28300000,88.40200000,89.19900000,3486669
OFZ 26248,D1,2026-03-13,00:00:00,89.19100000,89.87900000,88.88800000,89.69600000,2519143
OFZ 26248,D1,2026-03-16,00:00:00,89.69600000,90.10000000,89.62000000,89.90000000,2047919
OFZ 26248,D1,2026-03-17,00:00:00,89.80000000,89.97400000,89.37100000,89.59400000,2642552
OFZ 26248,D1,2026-03-18,00:00:00,89.59400000,89.76900000,89.30100000,89.47700000,1381509
OFZ 26248,D1,2026-03-19,00:00:00,89.58000000,89.68800000,89.01300000,89.36000000,2527575
OFZ 26248,D1,2026-03-20,00:00:00,89.36100000,89.80000000,89.01000000,89.19700000,2234231
OFZ 26248,D1,2026-03-23,00:00:00,89.18400000,89.29100000,88.72800000,89.06800000,1571785
OFZ 26248,D1,2026-03-24,00:00:00,88.90300000,89.30000000,88.90300000,89.10300000,1358602
OFZ 26248,D1,2026-03-25,00:00:00,89.10000000,89.20000000,88.90100000,89.16300000,1051350
OFZ 26248,D1,2026-03-26,00:00:00,89.16300000,89.47700000,88.90000000,89.08900000,1110236
OFZ 26248,D1,2026-03-27,00:00:00,89.08900000,89.11700000,88.61000000,88.79900000,1009620
OFZ 26248,D1,2026-03-28,00:00:00,88.84200000,89.08800000,88.72800000,88.96200000,47832
OFZ 26248,D1,2026-03-29,00:00:00,88.96200000,88.98700000,88.80200000,88.94100000,32591
OFZ 26248,D1,2026-03-30,00:00:00,88.84200000,89.08800000,88.56700000,88.73200000,1564346
OFZ 26248,D1,2026-03-31,00:00:00,88.79700000,88.93500000,88.60000000,88.66400000,1749174
OFZ 26248,D1,2026-04-01,00:00:00,88.70000000,88.75000000,88.39200000,88.64100000,1227899
OFZ 26248,D1,2026-04-02,00:00:00,88.55000000,88.65700000,88.47500000,88.56800000,1920252
OFZ 26248,D1,2026-04-03,00:00:00,88.56800000,88.59500000,88.13500000,88.39200000,1365606
OFZ 26248,D1,2026-04-04,00:00:00,88.39200000,88.49000000,88.20800000,88.41900000,52236
OFZ 26248,D1,2026-04-05,00:00:00,88.39000000,88.48700000,88.35000000,88.37600000,35049
OFZ 26248,D1,2026-04-06,00:00:00,88.39200000,88.49800000,87.98600000,88.25600000,1763363
OFZ 26248,D1,2026-04-07,00:00:00,88.25500000,88.28400000,88.00800000,88.09900000,899390
OFZ 26248,D1,2026-04-08,00:00:00,88.01200000,88.19800000,87.58000000,87.79400000,1343177
OFZ 26248,D1,2026-04-09,00:00:00,87.81000000,88.05800000,87.60000000,87.90500000,2760071
OFZ 26248,D1,2026-04-10,00:00:00,88.00600000,88.51300000,87.88000000,88.34100000,1186013
OFZ 26248,D1,2026-04-11,00:00:00,88.35000000,88.52300000,88.16100000,88.48600000,72106
OFZ 26248,D1,2026-04-12,00:00:00,88.48700000,88.56000000,88.37600000,88.47000000,46883
OFZ 26248,D1,2026-04-13,00:00:00,88.35000000,88.60000000,88.10000000,88.19200000,1072553
OFZ 26248,D1,2026-04-14,00:00:00,88.19300000,88.29800000,87.95000000,88.03400000,868744
OFZ 26248,D1,2026-04-15,00:00:00,88.03500000,89.16900000,87.94800000,89.10800000,3870972
OFZ 26248,D1,2026-04-16,00:00:00,89.14200000,89.61600000,88.88000000,89.51000000,2118926
OFZ 26248,D1,2026-04-17,00:00:00,89.51000000,89.65000000,89.29300000,89.44000000,923849
OFZ 26248,D1,2026-04-18,00:00:00,89.50100000,89.66000000,89.40400000,89.54700000,81198
OFZ 26248,D1,2026-04-19,00:00:00,89.62700000,89.66800000,89.45000000,89.63000000,46188
OFZ 26248,D1,2026-04-20,00:00:00,89.50100000,89.80000000,89.30100000,89.58900000,2401131
OFZ 26248,D1,2026-04-21,00:00:00,89.58000000,89.71200000,89.30400000,89.38900000,1497297
OFZ 26248,D1,2026-04-22,00:00:00,89.47300000,90.19700000,89.36200000,89.97400000,1976171
OFZ 26248,D1,2026-04-23,00:00:00,89.97400000,90.09300000,89.55000000,89.78000000,3172482
OFZ 26248,D1,2026-04-24,00:00:00,89.83000000,89.98000000,88.51100000,88.63600000,4249262
OFZ 26248,D1,2026-04-25,00:00:00,88.66000000,88.81800000,88.66000000,88.81600000,121791
OFZ 26248,D1,2026-04-26,00:00:00,88.86000000,88.90100000,88.72700000,88.80200000,83662
OFZ 26248,D1,2026-04-27,00:00:00,88.66000000,88.95900000,88.34000000,88.54200000,1912178
OFZ 26248,D1,2026-04-28,00:00:00,88.54600000,88.57900000,88.30900000,88.46000000,2815755
OFZ 26248,D1,2026-04-29,00:00:00,88.49600000,88.80000000,88.35000000,88.59600000,2351779
OFZ 26248,D1,2026-04-30,00:00:00,88.60000000,88.98300000,88.42900000,88.72800000,1642853
OFZ 26248,D1,2026-05-02,00:00:00,88.92900000,88.98300000,88.82100000,88.92200000,57909
OFZ 26248,D1,2026-05-03,00:00:00,88.92200000,88.96200000,88.89000000,88.95700000,69057
OFZ 26248,D1,2026-05-04,00:00:00,88.76800000,89.00000000,88.61600000,88.80000000,832378
OFZ 26248,D1,2026-05-05,00:00:00,88.79000000,88.95600000,88.49300000,88.63100000,662065
OFZ 26248,D1,2026-05-06,00:00:00,88.67900000,88.75000000,88.29800000,88.53800000,906067
OFZ 26248,D1,2026-05-07,00:00:00,88.62600000,88.62600000,88.31800000,88.39900000,2098365
OFZ 26248,D1,2026-05-08,00:00:00,88.49600000,88.49700000,88.18000000,88.37800000,829575
OFZ 26248,D1,2026-05-11,00:00:00,88.37900000,88.81000000,88.37900000,88.70000000,344524
OFZ 26248,D1,2026-05-12,00:00:00,88.70000000,88.85000000,88.40500000,88.59400000,779801
OFZ 26248,D1,2026-05-13,00:00:00,88.59400000,88.66100000,88.30000000,88.40000000,811634
OFZ 26248,D1,2026-05-14,00:00:00,88.45000000,88.52400000,88.19900000,88.24900000,814338
OFZ 26248,D1,2026-05-15,00:00:00,88.24900000,88.39500000,88.19000000,88.32100000,691025
OFZ 26248,D1,2026-05-16,00:00:00,88.32000000,88.40400000,88.24000000,88.37500000,54593
OFZ 26248,D1,2026-05-17,00:00:00,88.32100000,88.38800000,88.23400000,88.36000000,37632
OFZ 26248,D1,2026-05-18,00:00:00,88.32000000,88.40400000,88.14500000,88.19100000,721432
OFZ 26248,D1,2026-05-19,00:00:00,88.19100000,88.25200000,88.05400000,88.06500000,863126
OFZ 26248,D1,2026-05-20,00:00:00,88.06500000,88.18000000,87.96100000,88.10000000,1261878
OFZ 26248,D1,2026-05-21,00:00:00,88.18000000,88.18000000,88.00000000,88.14600000,1433577
OFZ 26248,D1,2026-05-22,00:00:00,88.17000000,88.30000000,88.00000000,88.11400000,1223968
OFZ 26248,D1,2026-05-23,00:00:00,88.11400000,88.17500000,88.09000000,88.17100000,60536
OFZ 26248,D1,2026-05-24,00:00:00,88.10000000,88.19700000,88.07800000,88.16700000,37770
OFZ 26248,D1,2026-05-25,00:00:00,88.11400000,88.19900000,87.77000000,87.86400000,2112101
OFZ 26248,D1,2026-05-26,00:00:00,87.87400000,87.87500000,87.61100000,87.74800000,1664896
OFZ 26248,D1,2026-05-27,00:00:00,87.75400000,87.89900000,87.57200000,87.82600000,1076746
OFZ 26248,D1,2026-05-28,00:00:00,87.82700000,88.09900000,87.78800000,88.02800000,1158435
OFZ 26248,D1,2026-05-29,00:00:00,88.08000000,88.13900000,87.80100000,87.94400000,523835
OFZ 26248,D1,2026-05-30,00:00:00,88.00000000,88.25000000,87.92100000,88.00100000,66492
OFZ 26248,D1,2026-05-31,00:00:00,88.00600000,88.18000000,87.86000000,88.03000000,59666
OFZ 26248,MN1,2025-12-31,00:00:00,89.60000000,90.80000000,88.22000000,89.69500000,39605163
OFZ 26248,MN1,2026-01-31,00:00:00,89.69500000,89.99000000,86.83400000,87.74400000,25344135
OFZ 26248,MN1,2026-02-28,00:00:00,87.74300000,89.69800000,85.91000000,88.64200000,68059773
OFZ 26248,MN1,2026-03-31,00:00:00,88.64200000,90.10000000,87.99800000,88.66400000,37096795
OFZ 26248,MN1,2026-04-30,00:00:00,88.70000000,90.19700000,87.58000000,88.72800000,43878836
OFZ 26248,W1,2025-12-07,00:00:00,89.60000000,90.50000000,89.20000000,90.30000000,8997069
OFZ 26248,W1,2025-12-14,00:00:00,90.26800000,90.57000000,89.65000000,90.31900000,8925622
OFZ 26248,W1,2025-12-21,00:00:00,90.32000000,90.80000000,89.50000000,89.99400000,10435513
OFZ 26248,W1,2025-12-28,00:00:00,89.99800000,89.99900000,88.22000000,88.57900000,8334485
OFZ 26248,W1,2026-01-04,00:00:00,88.57800000,89.70000000,88.40000000,89.69500000,2912474
OFZ 26248,W1,2026-01-11,00:00:00,89.69500000,89.99000000,88.95200000,89.41900000,1279432
OFZ 26248,W1,2026-01-18,00:00:00,89.40000000,89.55500000,86.83400000,87.68100000,9266762
OFZ 26248,W1,2026-01-25,00:00:00,87.68200000,87.89800000,87.10000000,87.75700000,6373572
OFZ 26248,W1,2026-02-01,00:00:00,87.75700000,87.99900000,86.94000000,87.74400000,8424369
OFZ 26248,W1,2026-02-08,00:00:00,87.74300000,87.90000000,86.39000000,86.46100000,9745330
OFZ 26248,W1,2026-02-15,00:00:00,86.53900000,88.74000000,85.91000000,88.69900000,20534797
OFZ 26248,W1,2026-02-22,00:00:00,88.70000000,89.69800000,88.30200000,88.88600000,30351802
OFZ 26248,W1,2026-03-01,00:00:00,88.88800000,89.33000000,88.46200000,88.64200000,7427844
OFZ 26248,W1,2026-03-08,00:00:00,88.64200000,88.85900000,87.99800000,88.35600000,7420599
OFZ 26248,W1,2026-03-15,00:00:00,88.30100000,89.87900000,88.21200000,89.69600000,9346874
OFZ 26248,W1,2026-03-22,00:00:00,89.69600000,90.10000000,89.01000000,89.19700000,10833786
OFZ 26248,W1,2026-03-29,00:00:00,89.18400000,89.47700000,88.61000000,88.94100000,6182016
OFZ 26248,W1,2026-04-05,00:00:00,88.84200000,89.08800000,88.13500000,88.37600000,7914562
OFZ 26248,W1,2026-04-12,00:00:00,88.39200000,88.56000000,87.58000000,88.47000000,8071003
OFZ 26248,W1,2026-04-19,00:00:00,88.35000000,89.66800000,87.94800000,89.63000000,8982430
OFZ 26248,W1,2026-04-26,00:00:00,89.50100000,90.19700000,88.51100000,88.80200000,13501796
OFZ 26248,W1,2026-05-03,00:00:00,88.66000000,88.98300000,88.30900000,88.95700000,8849531
OFZ 26248,W1,2026-05-10,00:00:00,88.76800000,89.00000000,88.18000000,88.37800000,5328450
OFZ 26248,W1,2026-05-17,00:00:00,88.37900000,88.85000000,88.19000000,88.36000000,3533547
OFZ 26248,W1,2026-05-24,00:00:00,88.32000000,88.40400000,87.96100000,88.16700000,5602287
OFZ 26249,D1,2025-12-01,00:00:00,86.11300000,86.38400000,85.96900000,86.14100000,355705
OFZ 26249,D1,2025-12-02,00:00:00,86.31300000,86.35000000,85.94000000,86.19900000,183743
OFZ 26249,D1,2025-12-03,00:00:00,86.20200000,86.24500000,85.82000000,86.24400000,1457075
OFZ 26249,D1,2025-12-04,00:00:00,86.25500000,86.69000000,86.21000000,86.56000000,1373776
OFZ 26249,D1,2025-12-05,00:00:00,86.69900000,87.38900000,86.55000000,87.33000000,1868025
OFZ 26249,D1,2025-12-08,00:00:00,87.33000000,88.04900000,86.99900000,87.18700000,485242
OFZ 26249,D1,2025-12-09,00:00:00,87.01200000,87.47300000,86.70000000,87.04500000,653398
OFZ 26249,D1,2025-12-10,00:00:00,87.30900000,87.35100000,86.87100000,87.25000000,657295
OFZ 26249,D1,2025-12-11,00:00:00,87.22100000,87.58300000,87.07900000,87.40000000,449370
OFZ 26249,D1,2025-12-12,00:00:00,87.65300000,87.95500000,87.25000000,87.35000000,165390
OFZ 26249,D1,2025-12-15,00:00:00,87.84000000,87.90000000,87.37700000,87.44800000,191912
OFZ 26249,D1,2025-12-16,00:00:00,87.63500000,88.19900000,87.20000000,87.20100000,2535663
OFZ 26249,D1,2025-12-17,00:00:00,87.20300000,87.54000000,87.15100000,87.48300000,387263
OFZ 26249,D1,2025-12-18,00:00:00,87.48400000,87.69300000,87.20100000,87.54900000,212785
OFZ 26249,D1,2025-12-19,00:00:00,87.54900000,87.71600000,86.95000000,87.24900000,706486
OFZ 26249,D1,2025-12-22,00:00:00,87.25200000,87.70000000,86.64400000,87.15300000,284337
OFZ 26249,D1,2025-12-23,00:00:00,87.14900000,87.15100000,86.66000000,86.92600000,512691
OFZ 26249,D1,2025-12-24,00:00:00,87.00000000,87.26200000,85.88000000,86.54100000,948635
OFZ 26249,D1,2025-12-25,00:00:00,86.54100000,86.72600000,86.05000000,86.43500000,179227
OFZ 26249,D1,2025-12-26,00:00:00,86.44800000,86.61100000,86.15000000,86.37600000,183732
OFZ 26249,D1,2025-12-29,00:00:00,86.50000000,86.90300000,86.14100000,86.32600000,100968
OFZ 26249,D1,2025-12-30,00:00:00,86.34900000,86.52100000,86.02000000,86.12500000,284983
OFZ 26249,D1,2026-01-05,00:00:00,86.49000000,86.53800000,86.00900000,86.44700000,69534
OFZ 26249,D1,2026-01-06,00:00:00,86.51500000,87.13100000,86.36600000,86.79700000,21284
OFZ 26249,D1,2026-01-08,00:00:00,86.79700000,86.79700000,86.50000000,86.78500000,12942
OFZ 26249,D1,2026-01-09,00:00:00,86.83000000,87.11700000,86.56700000,86.67100000,23109
OFZ 26249,D1,2026-01-12,00:00:00,86.66800000,87.00300000,86.03800000,86.10000000,165241
OFZ 26249,D1,2026-01-13,00:00:00,86.10400000,86.35600000,85.82100000,85.98800000,347129
OFZ 26249,D1,2026-01-14,00:00:00,86.00000000,86.24800000,85.77000000,86.03500000,563730
OFZ 26249,D1,2026-01-15,00:00:00,86.22100000,86.24000000,85.70000000,86.23200000,763933
OFZ 26249,D1,2026-01-16,00:00:00,86.24000000,86.43900000,85.95600000,86.31100000,544551
OFZ 26249,D1,2026-01-19,00:00:00,86.34800000,86.53300000,85.97100000,86.28700000,897891
OFZ 26249,D1,2026-01-20,00:00:00,86.35000000,86.35000000,86.03000000,86.18800000,72573
OFZ 26249,D1,2026-01-21,00:00:00,86.27000000,86.27000000,85.83000000,85.84600000,797399
OFZ 26249,D1,2026-01-22,00:00:00,85.84800000,86.29000000,85.84800000,86.14900000,368300
OFZ 26249,D1,2026-01-23,00:00:00,86.30000000,86.44200000,86.09000000,86.24300000,154029
OFZ 26249,D1,2026-01-26,00:00:00,86.24300000,86.49900000,85.75100000,85.89700000,764847
OFZ 26249,D1,2026-01-27,00:00:00,85.89700000,86.05000000,85.75200000,86.02300000,474558
OFZ 26249,D1,2026-01-28,00:00:00,86.12700000,86.12700000,85.74500000,86.02400000,328801
OFZ 26249,D1,2026-01-29,00:00:00,86.12800000,86.28700000,85.80900000,86.28200000,222833
OFZ 26249,D1,2026-01-30,00:00:00,86.13000000,86.30000000,85.98000000,86.14200000,164288
OFZ 26249,D1,2026-02-02,00:00:00,86.14300000,86.40000000,85.82100000,86.06800000,41754
OFZ 26249,D1,2026-02-03,00:00:00,86.00000000,86.29000000,85.84500000,86.06000000,622832
OFZ 26249,D1,2026-02-04,00:00:00,86.06000000,86.37300000,86.02000000,86.07000000,241990
OFZ 26249,D1,2026-02-05,00:00:00,86.33400000,86.33700000,85.83900000,86.04800000,646921
OFZ 26249,D1,2026-02-06,00:00:00,85.99200000,86.19200000,85.61500000,85.74300000,301218
OFZ 26249,D1,2026-02-09,00:00:00,85.79100000,86.29800000,85.40000000,85.53000000,271484
OFZ 26249,D1,2026-02-10,00:00:00,85.77200000,85.80000000,84.93100000,85.07100000,2215083
OFZ 26249,D1,2026-02-11,00:00:00,85.37600000,85.71500000,84.89300000,85.64700000,5428839
OFZ 26249,D1,2026-02-12,00:00:00,85.60000000,85.79400000,85.35000000,85.76100000,6170851
OFZ 26249,D1,2026-02-13,00:00:00,85.76100000,86.85000000,85.68000000,86.75900000,6600197
OFZ 26249,D1,2026-02-16,00:00:00,86.89200000,87.95500000,86.82100000,87.14800000,2291851
OFZ 26249,D1,2026-02-17,00:00:00,87.14900000,87.43400000,87.00000000,87.24900000,311660
OFZ 26249,D1,2026-02-18,00:00:00,87.25000000,87.50800000,87.05000000,87.49700000,1770485
OFZ 26249,D1,2026-02-19,00:00:00,87.49300000,87.70000000,87.19400000,87.29700000,755657
OFZ 26249,D1,2026-02-20,00:00:00,87.30000000,87.49900000,87.00000000,87.24900000,1588187
OFZ 26249,D1,2026-02-24,00:00:00,87.24900000,87.59800000,87.07000000,87.13800000,2659070
OFZ 26249,D1,2026-02-25,00:00:00,87.24900000,87.30000000,86.98800000,87.08900000,952493
OFZ 26249,D1,2026-02-26,00:00:00,87.08900000,87.23000000,86.56700000,86.89800000,2737098
OFZ 26249,D1,2026-02-27,00:00:00,86.89800000,87.10000000,86.80000000,87.06800000,736000
OFZ 26249,D1,2026-03-02,00:00:00,87.06800000,87.25200000,86.62500000,86.98700000,414410
OFZ 26249,D1,2026-03-03,00:00:00,86.99000000,87.19900000,86.80000000,86.92300000,779863
OFZ 26249,D1,2026-03-04,00:00:00,86.88000000,87.25100000,86.55800000,87.04000000,2270848
OFZ 26249,D1,2026-03-05,00:00:00,87.05000000,87.05500000,86.66000000,86.98700000,660841
OFZ 26249,D1,2026-03-06,00:00:00,86.97100000,87.00000000,86.70000000,86.89900000,697144
OFZ 26249,D1,2026-03-09,00:00:00,87.02000000,87.13900000,86.75000000,86.97500000,207032
OFZ 26249,D1,2026-03-10,00:00:00,86.97500000,87.15000000,86.86000000,86.94000000,423587
OFZ 26249,D1,2026-03-11,00:00:00,86.95000000,87.17900000,86.85000000,87.09900000,1046246
OFZ 26249,D1,2026-03-12,00:00:00,87.09900000,87.90000000,86.95200000,87.89000000,3462014
OFZ 26249,D1,2026-03-13,00:00:00,87.88500000,88.20000000,87.47600000,87.98000000,1385749
OFZ 26249,D1,2026-03-16,00:00:00,88.00100000,88.50000000,87.91000000,88.09400000,864986
OFZ 26249,D1,2026-03-17,00:00:00,88.27800000,88.37900000,87.85000000,87.86200000,3350546
OFZ 26249,D1,2026-03-18,00:00:00,88.41000000,88.41000000,87.85000000,87.99400000,845293
OFZ 26249,D1,2026-03-19,00:00:00,87.98900000,88.59300000,87.70000000,87.99700000,2267294
OFZ 26249,D1,2026-03-20,00:00:00,88.00000000,88.64600000,87.23000000,87.95400000,947527
OFZ 26249,D1,2026-03-23,00:00:00,87.95400000,88.25000000,87.54200000,87.78800000,754058
OFZ 26249,D1,2026-03-24,00:00:00,87.70000000,88.26900000,87.17100000,88.05300000,715583
OFZ 26249,D1,2026-03-25,00:00:00,87.90000000,88.34400000,87.80200000,87.92000000,1100090
OFZ 26249,D1,2026-03-26,00:00:00,87.94900000,87.95600000,87.75000000,87.78200000,932061
OFZ 26249,D1,2026-03-27,00:00:00,87.99900000,88.00000000,87.50000000,87.83200000,4333628
OFZ 26249,D1,2026-03-28,00:00:00,87.83200000,88.05000000,87.60000000,87.80000000,4505
OFZ 26249,D1,2026-03-29,00:00:00,87.83300000,88.23400000,87.81500000,88.08500000,3208
OFZ 26249,D1,2026-03-30,00:00:00,87.83200000,88.28100000,87.60000000,87.98400000,510685
OFZ 26249,D1,2026-03-31,00:00:00,87.92300000,88.19900000,87.58000000,87.67800000,3592280
OFZ 26249,D1,2026-04-01,00:00:00,87.77900000,87.99800000,87.61200000,87.69700000,3575281
OFZ 26249,D1,2026-04-02,00:00:00,87.98300000,87.98300000,87.62000000,87.70000000,862190
OFZ 26249,D1,2026-04-03,00:00:00,87.75000000,88.22200000,87.60000000,87.70000000,3124487
OFZ 26249,D1,2026-04-04,00:00:00,87.70000000,87.99000000,87.62500000,87.73500000,3893
OFZ 26249,D1,2026-04-05,00:00:00,87.71000000,88.03700000,87.70100000,87.71000000,7990
OFZ 26249,D1,2026-04-06,00:00:00,87.70000000,88.03700000,87.60000000,87.70000000,1602185
OFZ 26249,D1,2026-04-07,00:00:00,87.70000000,88.09400000,87.62000000,87.73400000,2881663
OFZ 26249,D1,2026-04-08,00:00:00,87.84600000,87.89900000,87.40200000,87.77200000,5956541
OFZ 26249,D1,2026-04-09,00:00:00,87.78000000,87.86100000,87.66100000,87.84900000,3472749
OFZ 26249,D1,2026-04-10,00:00:00,87.89900000,88.50000000,87.84400000,88.08900000,1034719
OFZ 26249,D1,2026-04-11,00:00:00,88.09000000,88.49900000,87.80000000,88.18800000,3567
OFZ 26249,D1,2026-04-12,00:00:00,88.18800000,88.48000000,88.09400000,88.31200000,3510
OFZ 26249,D1,2026-04-13,00:00:00,88.09000000,88.49900000,87.80000000,88.05000000,361140
OFZ 26249,D1,2026-04-14,00:00:00,88.04800000,88.29700000,87.95000000,88.13400000,2764170
OFZ 26249,D1,2026-04-15,00:00:00,88.28800000,88.75000000,87.98000000,88.74800000,1781183
OFZ 26249,D1,2026-04-16,00:00:00,88.74800000,88.86000000,88.29000000,88.74900000,1009655
OFZ 26249,D1,2026-04-17,00:00:00,88.74900000,88.85900000,88.56400000,88.75100000,442142
OFZ 26249,D1,2026-04-18,00:00:00,88.75100000,88.97300000,88.75100000,88.96100000,12830
OFZ 26249,D1,2026-04-19,00:00:00,88.96100000,89.10000000,88.80100000,89.09500000,9209
OFZ 26249,D1,2026-04-20,00:00:00,88.75100000,89.10000000,88.52000000,88.84900000,670654
OFZ 26249,D1,2026-04-21,00:00:00,88.86000000,88.99800000,88.67000000,88.99000000,2014725
OFZ 26249,D1,2026-04-22,00:00:00,89.02600000,90.00000000,88.82500000,89.67500000,3134758
OFZ 26249,D1,2026-04-23,00:00:00,89.94300000,90.03000000,89.20000000,89.46300000,3957825
OFZ 26249,D1,2026-04-24,00:00:00,89.55000000,89.80000000,88.23900000,88.87900000,2279069
OFZ 26249,D1,2026-04-25,00:00:00,88.87900000,88.98000000,88.63800000,88.94800000,6169
OFZ 26249,D1,2026-04-26,00:00:00,88.94800000,89.07900000,88.62000000,89.04900000,7998
OFZ 26249,D1,2026-04-27,00:00:00,88.87900000,89.07900000,88.58800000,88.64000000,109442
OFZ 26249,D1,2026-04-28,00:00:00,88.97300000,89.06200000,88.40000000,88.68800000,172095
OFZ 26249,D1,2026-04-29,00:00:00,88.68800000,88.94700000,88.52600000,88.73700000,1097045
OFZ 26249,D1,2026-04-30,00:00:00,88.86200000,89.25000000,88.57800000,89.09200000,306052
OFZ 26249,D1,2026-05-02,00:00:00,89.39200000,89.41000000,89.07600000,89.39500000,10854
OFZ 26249,D1,2026-05-03,00:00:00,89.39500000,89.40000000,89.14500000,89.39900000,3757
OFZ 26249,D1,2026-05-04,00:00:00,89.09200000,89.53000000,88.75200000,88.91200000,565460
OFZ 26249,D1,2026-05-05,00:00:00,89.18900000,89.18900000,88.62000000,88.67300000,353120
OFZ 26249,D1,2026-05-06,00:00:00,88.99700000,89.04800000,88.57000000,88.69100000,416971
OFZ 26249,D1,2026-05-07,00:00:00,88.61600000,88.88000000,88.57100000,88.57300000,1000308
OFZ 26249,D1,2026-05-08,00:00:00,89.00000000,89.06800000,88.30900000,88.54900000,616543
OFZ 26249,D1,2026-05-11,00:00:00,88.54900000,89.21800000,88.36000000,88.97900000,19575
OFZ 26249,D1,2026-05-12,00:00:00,89.02400000,89.02500000,88.34100000,88.64000000,1052675
OFZ 26249,D1,2026-05-13,00:00:00,88.64000000,88.71900000,88.42000000,88.47500000,3563086
OFZ 26249,D1,2026-05-14,00:00:00,88.47500000,88.59900000,88.42100000,88.52900000,1183931
OFZ 26249,D1,2026-05-15,00:00:00,88.55000000,88.80000000,88.40000000,88.60000000,2906762
OFZ 26249,D1,2026-05-16,00:00:00,88.60000000,88.89000000,88.60000000,88.75000000,7619
OFZ 26249,D1,2026-05-17,00:00:00,88.75000000,89.07000000,88.63400000,88.79100000,21804
OFZ 26249,D1,2026-05-18,00:00:00,88.60000000,89.07000000,88.41600000,88.51000000,2617938
OFZ 26249,D1,2026-05-19,00:00:00,88.61000000,88.70000000,88.41000000,88.51000000,390485
OFZ 26249,D1,2026-05-20,00:00:00,88.55000000,88.73600000,88.40400000,88.62500000,1469992
OFZ 26249,D1,2026-05-21,00:00:00,88.65000000,88.88000000,88.40100000,88.61800000,668894
OFZ 26249,D1,2026-05-22,00:00:00,88.60000000,88.75000000,88.41200000,88.55000000,173989
OFZ 26249,D1,2026-05-23,00:00:00,88.68600000,88.83100000,88.55000000,88.60000000,8560
OFZ 26249,D1,2026-05-24,00:00:00,88.60000000,88.82600000,88.60000000,88.65200000,2958
OFZ 26249,D1,2026-05-25,00:00:00,88.68600000,88.84500000,88.40000000,88.43200000,1558222
OFZ 26249,D1,2026-05-26,00:00:00,88.47800000,88.69500000,88.36300000,88.47700000,1094953
OFZ 26249,D1,2026-05-27,00:00:00,88.74900000,88.79300000,88.36300000,88.44800000,274782
OFZ 26249,D1,2026-05-28,00:00:00,88.55000000,88.88000000,88.38500000,88.49900000,398148
OFZ 26249,D1,2026-05-29,00:00:00,88.60000000,88.78200000,88.38000000,88.44800000,240458
OFZ 26249,D1,2026-05-30,00:00:00,88.44800000,88.74900000,88.42100000,88.52200000,5475
OFZ 26249,D1,2026-05-31,00:00:00,88.52200000,88.72900000,88.45000000,88.72900000,6277
OFZ 26249,MN1,2025-12-31,00:00:00,86.11300000,88.19900000,85.82000000,86.12500000,14177701
OFZ 26249,MN1,2026-01-31,00:00:00,86.49000000,87.13100000,85.70000000,86.14200000,6756972
OFZ 26249,MN1,2026-02-28,00:00:00,86.14300000,87.95500000,84.89300000,87.06800000,36343670
OFZ 26249,MN1,2026-03-31,00:00:00,87.06800000,88.64600000,86.55800000,87.67800000,31569478
OFZ 26249,MN1,2026-04-30,00:00:00,87.77900000,90.03000000,87.40200000,89.09200000,42664936
OFZ 26249,W1,2025-12-07,00:00:00,86.11300000,87.38900000,85.82000000,87.33000000,5238324
OFZ 26249,W1,2025-12-14,00:00:00,87.33000000,88.04900000,86.70000000,87.35000000,2410695
OFZ 26249,W1,2025-12-21,00:00:00,87.84000000,88.19900000,86.95000000,87.24900000,4034109
OFZ 26249,W1,2025-12-28,00:00:00,87.25200000,87.70000000,85.88000000,86.37600000,2108622
OFZ 26249,W1,2026-01-04,00:00:00,86.50000000,86.90300000,86.02000000,86.12500000,385951
OFZ 26249,W1,2026-01-11,00:00:00,86.49000000,87.13100000,86.00900000,86.67100000,126869
OFZ 26249,W1,2026-01-18,00:00:00,86.66800000,87.00300000,85.70000000,86.31100000,2384584
OFZ 26249,W1,2026-01-25,00:00:00,86.34800000,86.53300000,85.83000000,86.24300000,2290192
OFZ 26249,W1,2026-02-01,00:00:00,86.24300000,86.49900000,85.74500000,86.14200000,1955327
OFZ 26249,W1,2026-02-08,00:00:00,86.14300000,86.40000000,85.61500000,85.74300000,1854715
OFZ 26249,W1,2026-02-15,00:00:00,85.79100000,86.85000000,84.89300000,86.75900000,20686454
OFZ 26249,W1,2026-02-22,00:00:00,86.89200000,87.95500000,86.82100000,87.24900000,6717840
OFZ 26249,W1,2026-03-01,00:00:00,87.24900000,87.59800000,86.56700000,87.06800000,7084661
OFZ 26249,W1,2026-03-08,00:00:00,87.06800000,87.25200000,86.55800000,86.89900000,4823106
OFZ 26249,W1,2026-03-15,00:00:00,87.02000000,88.20000000,86.75000000,87.98000000,6524628
OFZ 26249,W1,2026-03-22,00:00:00,88.00100000,88.64600000,87.23000000,87.95400000,8275646
OFZ 26249,W1,2026-03-29,00:00:00,87.95400000,88.34400000,87.17100000,88.08500000,7843133
OFZ 26249,W1,2026-04-05,00:00:00,87.83200000,88.28100000,87.58000000,87.71000000,11676806
OFZ 26249,W1,2026-04-12,00:00:00,87.70000000,88.50000000,87.40200000,88.31200000,14954934
OFZ 26249,W1,2026-04-19,00:00:00,88.09000000,89.10000000,87.80000000,89.09500000,6380329
OFZ 26249,W1,2026-04-26,00:00:00,88.75100000,90.03000000,88.23900000,89.04900000,12071198
OFZ 26249,W1,2026-05-03,00:00:00,88.87900000,89.41000000,88.40000000,89.39900000,1699245
OFZ 26249,W1,2026-05-10,00:00:00,89.09200000,89.53000000,88.30900000,88.54900000,2952402
OFZ 26249,W1,2026-05-17,00:00:00,88.54900000,89.21800000,88.34100000,88.79100000,8755452
OFZ 26249,W1,2026-05-24,00:00:00,88.60000000,89.07000000,88.40100000,88.65200000,5332816
OFZ 26250,D1,2025-12-01,00:00:00,87.72000000,88.20000000,87.37200000,87.54500000,275391
OFZ 26250,D1,2025-12-02,00:00:00,87.54500000,87.62300000,87.25500000,87.50000000,576623
OFZ 26250,D1,2025-12-03,00:00:00,87.54600000,87.74700000,87.04900000,87.69000000,996882
OFZ 26250,D1,2025-12-04,00:00:00,87.69100000,88.20000000,87.69000000,88.07100000,1470480
OFZ 26250,D1,2025-12-05,00:00:00,88.10000000,88.59600000,88.06700000,88.30000000,750277
OFZ 26250,D1,2025-12-08,00:00:00,88.30100000,88.60000000,87.98700000,88.23800000,345863
OFZ 26250,D1,2025-12-09,00:00:00,88.23800000,88.24700000,87.66000000,88.05400000,1025108
OFZ 26250,D1,2025-12-10,00:00:00,88.11500000,88.51200000,87.94900000,88.51100000,422496
OFZ 26250,D1,2025-12-11,00:00:00,88.54600000,88.74000000,87.95000000,88.70000000,1984186
OFZ 26250,D1,2025-12-12,00:00:00,88.70000000,88.94000000,88.51500000,88.87400000,984895
OFZ 26250,D1,2025-12-15,00:00:00,88.88100000,89.37800000,88.40000000,88.70000000,1775330
OFZ 26250,D1,2025-12-16,00:00:00,88.68500000,88.88800000,88.48800000,88.55000000,376382
OFZ 26250,D1,2025-12-17,00:00:00,88.69000000,88.96800000,88.51700000,88.79900000,227423
OFZ 26250,D1,2025-12-18,00:00:00,88.96500000,89.08000000,88.57500000,88.88200000,1788949
OFZ 26250,D1,2025-12-19,00:00:00,88.89900000,89.03000000,88.01100000,88.35900000,2361287
OFZ 26250,D1,2025-12-22,00:00:00,88.38400000,88.59900000,87.85000000,88.08300000,272079
OFZ 26250,D1,2025-12-23,00:00:00,88.08300000,88.25000000,87.40100000,87.49000000,1676989
OFZ 26250,D1,2025-12-24,00:00:00,87.63000000,87.65500000,86.97500000,87.14100000,2261311
OFZ 26250,D1,2025-12-25,00:00:00,87.28000000,87.32400000,86.75700000,87.10000000,2757439
OFZ 26250,D1,2025-12-26,00:00:00,87.14900000,87.39100000,86.97400000,87.36700000,2948148
OFZ 26250,D1,2025-12-29,00:00:00,87.36700000,87.50000000,87.25100000,87.29900000,1172816
OFZ 26250,D1,2025-12-30,00:00:00,87.36000000,87.49800000,87.15000000,87.48600000,902788
OFZ 26250,D1,2026-01-05,00:00:00,87.48500000,87.86800000,87.28000000,87.75900000,138575
OFZ 26250,D1,2026-01-06,00:00:00,87.71100000,88.03900000,87.59000000,87.84300000,65582
OFZ 26250,D1,2026-01-08,00:00:00,87.84300000,87.95100000,87.35000000,87.72000000,75852
OFZ 26250,D1,2026-01-09,00:00:00,87.79800000,88.01300000,87.72000000,87.91700000,330603
OFZ 26250,D1,2026-01-12,00:00:00,87.98600000,88.27100000,86.68600000,86.89500000,864179
OFZ 26250,D1,2026-01-13,00:00:00,86.99500000,87.01000000,86.49500000,86.67000000,2145925
OFZ 26250,D1,2026-01-14,00:00:00,86.67000000,86.87400000,86.37600000,86.53000000,562531
OFZ 26250,D1,2026-01-15,00:00:00,86.63500000,86.83100000,86.17000000,86.77100000,967317
OFZ 26250,D1,2026-01-16,00:00:00,86.83100000,86.92500000,86.59400000,86.87900000,283336
OFZ 26250,D1,2026-01-19,00:00:00,86.91000000,87.00000000,86.53100000,86.68500000,455607
OFZ 26250,D1,2026-01-20,00:00:00,86.72500000,86.79500000,86.21000000,86.46600000,1781285
OFZ 26250,D1,2026-01-21,00:00:00,86.57500000,86.59700000,86.19200000,86.27500000,1337184
OFZ 26250,D1,2026-01-22,00:00:00,86.39600000,86.69900000,86.27600000,86.64900000,1949149
OFZ 26250,D1,2026-01-23,00:00:00,86.76000000,86.79200000,86.49400000,86.71900000,1694446
OFZ 26250,D1,2026-01-26,00:00:00,86.71900000,86.72000000,86.12000000,86.28000000,885653
OFZ 26250,D1,2026-01-27,00:00:00,86.42500000,86.47500000,86.08000000,86.39300000,716979
OFZ 26250,D1,2026-01-28,00:00:00,86.39500000,86.59900000,86.05000000,86.48800000,2828891
OFZ 26250,D1,2026-01-29,00:00:00,86.48800000,86.49900000,86.29900000,86.47000000,1587780
OFZ 26250,D1,2026-01-30,00:00:00,86.47000000,86.59900000,86.23300000,86.49000000,539166
OFZ 26250,D1,2026-02-02,00:00:00,86.49000000,86.49900000,86.13700000,86.25000000,1020827
OFZ 26250,D1,2026-02-03,00:00:00,86.39000000,86.39000000,86.04000000,86.19000000,1625473
OFZ 26250,D1,2026-02-04,00:00:00,86.23500000,86.39000000,86.13000000,86.20200000,1731831
OFZ 26250,D1,2026-02-05,00:00:00,86.24000000,86.27500000,85.95000000,86.01900000,462383
OFZ 26250,D1,2026-02-06,00:00:00,86.01900000,86.20000000,85.60000000,85.80000000,1582708
OFZ 26250,D1,2026-02-09,00:00:00,85.89800000,86.44900000,85.49700000,85.58100000,650992
OFZ 26250,D1,2026-02-10,00:00:00,85.70000000,85.74500000,85.01500000,85.09300000,2515568
OFZ 26250,D1,2026-02-11,00:00:00,85.25000000,86.16000000,84.91000000,86.15900000,3798275
OFZ 26250,D1,2026-02-12,00:00:00,86.15900000,86.27900000,85.55000000,86.27800000,4819878
OFZ 26250,D1,2026-02-13,00:00:00,86.28000000,87.59900000,86.15100000,87.59400000,5133702
OFZ 26250,D1,2026-02-16,00:00:00,87.59500000,88.50000000,87.16000000,87.59300000,4418891
OFZ 26250,D1,2026-02-17,00:00:00,87.59500000,87.92100000,87.42500000,87.88900000,3094997
OFZ 26250,D1,2026-02-18,00:00:00,87.89000000,88.30000000,87.63100000,88.28800000,776934
OFZ 26250,D1,2026-02-19,00:00:00,88.30000000,88.40900000,88.02100000,88.14000000,843700
OFZ 26250,D1,2026-02-20,00:00:00,88.06100000,88.31000000,87.65000000,87.84900000,1164511
OFZ 26250,D1,2026-02-24,00:00:00,87.84900000,88.05000000,87.59000000,87.68000000,1540843
OFZ 26250,D1,2026-02-25,00:00:00,87.67900000,88.00000000,87.28700000,87.50500000,1941046
OFZ 26250,D1,2026-02-26,00:00:00,87.50500000,87.60000000,87.00500000,87.22000000,273924
OFZ 26250,D1,2026-02-27,00:00:00,87.22000000,87.65100000,87.13500000,87.39000000,1458711
OFZ 26250,D1,2026-03-02,00:00:00,87.37000000,87.54200000,87.18100000,87.34900000,1650779
OFZ 26250,D1,2026-03-03,00:00:00,87.50000000,87.57000000,87.16500000,87.29200000,4525373
OFZ 26250,D1,2026-03-04,00:00:00,87.28100000,87.39900000,86.99900000,87.27000000,1657084
OFZ 26250,D1,2026-03-05,00:00:00,87.38000000,87.44500000,87.07200000,87.16900000,480615
OFZ 26250,D1,2026-03-06,00:00:00,87.19700000,87.39900000,87.05000000,87.19000000,995631
OFZ 26250,D1,2026-03-09,00:00:00,87.20000000,87.35000000,87.00000000,87.30100000,146979
OFZ 26250,D1,2026-03-10,00:00:00,87.28100000,87.40200000,87.20000000,87.29700000,463182
OFZ 26250,D1,2026-03-11,00:00:00,87.26100000,87.42400000,87.15000000,87.32300000,834293
OFZ 26250,D1,2026-03-12,00:00:00,87.32400000,88.00100000,87.25300000,87.91500000,1239880
OFZ 26250,D1,2026-03-13,00:00:00,87.91500000,88.55700000,87.80000000,88.34500000,1005225
OFZ 26250,D1,2026-03-16,00:00:00,88.35000000,88.90200000,88.27700000,88.39900000,1142957
OFZ 26250,D1,2026-03-17,00:00:00,88.48800000,88.55900000,87.92100000,87.96900000,1518162
OFZ 26250,D1,2026-03-18,00:00:00,88.25000000,88.33900000,87.89100000,88.04000000,7302776
OFZ 26250,D1,2026-03-19,00:00:00,88.04000000,88.19900000,87.65000000,87.97800000,6424745
OFZ 26250,D1,2026-03-20,00:00:00,87.97900000,88.39700000,87.85300000,87.96000000,8398192
OFZ 26250,D1,2026-03-23,00:00:00,87.96200000,88.08300000,87.73200000,87.81600000,1334208
OFZ 26250,D1,2026-03-24,00:00:00,87.82000000,88.07500000,87.78800000,87.85900000,1727292
OFZ 26250,D1,2026-03-25,00:00:00,88.00000000,88.03000000,87.78400000,87.79800000,5232496
OFZ 26250,D1,2026-03-26,00:00:00,87.80000000,87.99200000,87.69000000,87.80600000,2414765
OFZ 26250,D1,2026-03-27,00:00:00,87.82900000,87.99300000,87.59000000,87.79000000,3450805
OFZ 26250,D1,2026-03-28,00:00:00,87.79900000,87.89700000,87.60500000,87.80000000,35902
OFZ 26250,D1,2026-03-29,00:00:00,87.79900000,87.89600000,87.77100000,87.83900000,22100
OFZ 26250,D1,2026-03-30,00:00:00,87.79900000,87.99900000,87.60500000,87.83500000,1766423
OFZ 26250,D1,2026-03-31,00:00:00,87.83500000,87.88000000,87.64000000,87.77900000,495930
OFZ 26250,D1,2026-04-01,00:00:00,87.80000000,87.80000000,87.63200000,87.71200000,1177612
OFZ 26250,D1,2026-04-02,00:00:00,87.71200000,87.80300000,87.59100000,87.64000000,303678
OFZ 26250,D1,2026-04-03,00:00:00,87.71200000,87.71700000,87.36000000,87.47900000,690540
OFZ 26250,D1,2026-04-04,00:00:00,87.64000000,87.64000000,87.42100000,87.48000000,67702
OFZ 26250,D1,2026-04-05,00:00:00,87.46700000,87.54900000,87.45800000,87.50000000,48477
OFZ 26250,D1,2026-04-06,00:00:00,87.64000000,87.64000000,87.25000000,87.41500000,971460
OFZ 26250,D1,2026-04-07,00:00:00,87.44600000,87.49200000,87.17000000,87.20000000,1316242
OFZ 26250,D1,2026-04-08,00:00:00,87.32900000,87.32900000,87.04100000,87.09700000,2801991
OFZ 26250,D1,2026-04-09,00:00:00,87.18500000,87.18500000,86.80000000,87.15700000,2286631
OFZ 26250,D1,2026-04-10,00:00:00,87.12000000,87.85800000,87.03200000,87.52000000,1094337
OFZ 26250,D1,2026-04-11,00:00:00,87.52000000,87.79600000,87.15500000,87.58900000,21722
OFZ 26250,D1,2026-04-12,00:00:00,87.59000000,87.73300000,87.24000000,87.66900000,43794
OFZ 26250,D1,2026-04-13,00:00:00,87.52000000,87.79600000,87.15500000,87.40000000,371125
OFZ 26250,D1,2026-04-14,00:00:00,87.41900000,87.56800000,87.00100000,87.25500000,3192484
OFZ 26250,D1,2026-04-15,00:00:00,87.25900000,88.30100000,87.08900000,88.28100000,2564144
OFZ 26250,D1,2026-04-16,00:00:00,88.14600000,88.58800000,87.80000000,88.40000000,1636277
OFZ 26250,D1,2026-04-17,00:00:00,88.40000000,88.50500000,88.08000000,88.28800000,1044422
OFZ 26250,D1,2026-04-18,00:00:00,88.35000000,88.50500000,88.28800000,88.44900000,44706
OFZ 26250,D1,2026-04-19,00:00:00,88.49900000,88.50400000,88.41000000,88.49400000,38100
OFZ 26250,D1,2026-04-20,00:00:00,88.35000000,88.85000000,88.15000000,88.34300000,1668144
OFZ 26250,D1,2026-04-21,00:00:00,88.34300000,88.47400000,88.16600000,88.39000000,2011790
OFZ 26250,D1,2026-04-22,00:00:00,88.47400000,89.06100000,88.31500000,89.02000000,2628166
OFZ 26250,D1,2026-04-23,00:00:00,89.09800000,89.27000000,88.40100000,88.87100000,4226899
OFZ 26250,D1,2026-04-24,00:00:00,88.87000000,88.97500000,87.76600000,87.97300000,3714126
OFZ 26250,D1,2026-04-25,00:00:00,87.99900000,88.17000000,87.97300000,88.16800000,45480
OFZ 26250,D1,2026-04-26,00:00:00,88.17000000,88.19800000,88.09300000,88.17500000,27037
OFZ 26250,D1,2026-04-27,00:00:00,87.99900000,88.20000000,87.68000000,87.73800000,632696
OFZ 26250,D1,2026-04-28,00:00:00,87.86300000,87.86400000,87.56100000,87.84800000,1643652
OFZ 26250,D1,2026-04-29,00:00:00,87.85500000,88.15000000,87.75100000,88.00800000,1612440
OFZ 26250,D1,2026-04-30,00:00:00,88.14700000,88.24800000,87.85600000,88.18200000,348586
OFZ 26250,D1,2026-05-02,00:00:00,88.30900000,88.36900000,88.23000000,88.36500000,32931
OFZ 26250,D1,2026-05-03,00:00:00,88.36600000,88.37500000,88.23100000,88.27500000,26808
OFZ 26250,D1,2026-05-04,00:00:00,88.18200000,88.37500000,87.95300000,87.99900000,643531
OFZ 26250,D1,2026-05-05,00:00:00,87.99900000,88.19600000,87.85000000,87.89700000,718603
OFZ 26250,D1,2026-05-06,00:00:00,87.89700000,87.99700000,87.69300000,87.96600000,1475230
OFZ 26250,D1,2026-05-07,00:00:00,87.96700000,87.99900000,87.84000000,87.92500000,1881161
OFZ 26250,D1,2026-05-08,00:00:00,87.99900000,87.99900000,87.62800000,87.77300000,983349
OFZ 26250,D1,2026-05-11,00:00:00,87.77700000,88.07100000,87.77700000,88.01400000,170838
OFZ 26250,D1,2026-05-12,00:00:00,88.01400000,88.01500000,87.80800000,87.84800000,649643
OFZ 26250,D1,2026-05-13,00:00:00,87.98500000,87.98500000,87.51100000,87.85800000,1266379
OFZ 26250,D1,2026-05-14,00:00:00,87.85800000,87.93900000,87.67000000,87.73000000,342775
OFZ 26250,D1,2026-05-15,00:00:00,87.72600000,87.84200000,87.56700000,87.79600000,2209984
OFZ 26250,D1,2026-05-16,00:00:00,87.79600000,87.89100000,87.70000000,87.78400000,32530
OFZ 26250,D1,2026-05-17,00:00:00,87.78400000,87.88000000,87.75200000,87.78500000,23197
OFZ 26250,D1,2026-05-18,00:00:00,87.79600000,87.89100000,87.52400000,87.71900000,814498
OFZ 26250,D1,2026-05-19,00:00:00,87.72000000,87.86900000,87.53800000,87.58400000,2292757
OFZ 26250,D1,2026-05-20,00:00:00,87.58400000,87.74800000,87.50000000,87.69800000,809726
OFZ 26250,D1,2026-05-21,00:00:00,87.74800000,87.74800000,87.59200000,87.69700000,404975
OFZ 26250,D1,2026-05-22,00:00:00,87.74900000,87.79600000,87.65000000,87.69200000,458589
OFZ 26250,D1,2026-05-23,00:00:00,87.69200000,87.79900000,87.66600000,87.73900000,12717
OFZ 26250,D1,2026-05-24,00:00:00,87.73900000,87.79800000,87.66600000,87.72400000,11815
OFZ 26250,D1,2026-05-25,00:00:00,87.69200000,87.79900000,87.39400000,87.49000000,819130
OFZ 26250,D1,2026-05-26,00:00:00,87.50000000,87.56400000,87.10000000,87.37200000,2554247
OFZ 26250,D1,2026-05-27,00:00:00,87.34200000,87.39400000,87.27700000,87.37500000,833062
OFZ 26250,D1,2026-05-28,00:00:00,87.35000000,87.61400000,87.31100000,87.48400000,902208
OFZ 26250,D1,2026-05-29,00:00:00,87.48400000,87.51400000,87.30000000,87.43700000,915866
OFZ 26250,D1,2026-05-30,00:00:00,87.44000000,87.56600000,87.37000000,87.40900000,18418
OFZ 26250,D1,2026-05-31,00:00:00,87.40900000,87.48000000,87.39100000,87.48000000,12541
OFZ 26250,MN1,2025-12-31,00:00:00,87.72000000,89.37800000,86.75700000,87.48600000,27353142
OFZ 26250,MN1,2026-01-31,00:00:00,87.48500000,88.27100000,86.05000000,86.49000000,19210040
OFZ 26250,MN1,2026-02-28,00:00:00,86.49000000,88.50000000,84.91000000,87.39000000,38855194
OFZ 26250,MN1,2026-03-31,00:00:00,87.37000000,88.90200000,86.99900000,87.77900000,54265794
OFZ 26250,MN1,2026-04-30,00:00:00,87.80000000,89.27000000,86.80000000,88.18200000,38274460
OFZ 26250,W1,2025-12-07,00:00:00,87.72000000,88.59600000,87.04900000,88.30000000,4069653
OFZ 26250,W1,2025-12-14,00:00:00,88.30100000,88.94000000,87.66000000,88.87400000,4762548
OFZ 26250,W1,2025-12-21,00:00:00,88.88100000,89.37800000,88.01100000,88.35900000,6529371
OFZ 26250,W1,2025-12-28,00:00:00,88.38400000,88.59900000,86.75700000,87.36700000,9915966
OFZ 26250,W1,2026-01-04,00:00:00,87.36700000,87.50000000,87.15000000,87.48600000,2075604
OFZ 26250,W1,2026-01-11,00:00:00,87.48500000,88.03900000,87.28000000,87.91700000,610612
OFZ 26250,W1,2026-01-18,00:00:00,87.98600000,88.27100000,86.17000000,86.87900000,4823288
OFZ 26250,W1,2026-01-25,00:00:00,86.91000000,87.00000000,86.19200000,86.71900000,7217671
OFZ 26250,W1,2026-02-01,00:00:00,86.71900000,86.72000000,86.05000000,86.49000000,6558469
OFZ 26250,W1,2026-02-08,00:00:00,86.49000000,86.49900000,85.60000000,85.80000000,6423222
OFZ 26250,W1,2026-02-15,00:00:00,85.89800000,87.59900000,84.91000000,87.59400000,16918415
OFZ 26250,W1,2026-02-22,00:00:00,87.59500000,88.50000000,87.16000000,87.84900000,10299033
OFZ 26250,W1,2026-03-01,00:00:00,87.84900000,88.05000000,87.00500000,87.39000000,5214524
OFZ 26250,W1,2026-03-08,00:00:00,87.37000000,87.57000000,86.99900000,87.19000000,9309482
OFZ 26250,W1,2026-03-15,00:00:00,87.20000000,88.55700000,87.00000000,88.34500000,3689559
OFZ 26250,W1,2026-03-22,00:00:00,88.35000000,88.90200000,87.65000000,87.96000000,24786832
OFZ 26250,W1,2026-03-29,00:00:00,87.96200000,88.08300000,87.59000000,87.83900000,14217568
OFZ 26250,W1,2026-04-05,00:00:00,87.79900000,87.99900000,87.36000000,87.50000000,4550362
OFZ 26250,W1,2026-04-12,00:00:00,87.64000000,87.85800000,86.80000000,87.66900000,8536177
OFZ 26250,W1,2026-04-19,00:00:00,87.52000000,88.58800000,87.00100000,88.49400000,8891258
OFZ 26250,W1,2026-04-26,00:00:00,88.35000000,89.27000000,87.76600000,88.17500000,14321642
OFZ 26250,W1,2026-05-03,00:00:00,87.99900000,88.37500000,87.56100000,88.27500000,4297113
OFZ 26250,W1,2026-05-10,00:00:00,88.18200000,88.37500000,87.62800000,87.77300000,5701874
OFZ 26250,W1,2026-05-17,00:00:00,87.77700000,88.07100000,87.51100000,87.78500000,4695346
OFZ 26250,W1,2026-05-24,00:00:00,87.79600000,87.89100000,87.50000000,87.72400000,4805077
OFZ 26251,D1,2025-12-01,00:00:00,84.34900000,85.11800000,83.84800000,84.14900000,52255
OFZ 26251,D1,2025-12-02,00:00:00,84.34900000,84.38300000,83.52600000,83.84700000,7479275
OFZ 26251,D1,2025-12-03,00:00:00,83.99900000,84.04900000,83.60000000,83.88900000,1153100
OFZ 26251,D1,2025-12-04,00:00:00,83.95300000,84.72800000,83.84900000,84.24800000,4302014
OFZ 26251,D1,2025-12-05,00:00:00,84.32000000,84.80000000,84.24800000,84.50000000,823699
OFZ 26251,D1,2025-12-08,00:00:00,84.50100000,84.99400000,84.20200000,84.30000000,2676796
OFZ 26251,D1,2025-12-09,00:00:00,84.46900000,84.64000000,84.24600000,84.40000000,1428250
OFZ 26251,D1,2025-12-10,00:00:00,84.52000000,84.65900000,84.24000000,84.60900000,667355
OFZ 26251,D1,2025-12-11,00:00:00,84.69800000,84.98900000,84.54900000,84.75000000,1006338
OFZ 26251,D1,2025-12-12,00:00:00,84.79700000,84.95000000,84.70900000,84.93700000,567883
OFZ 26251,D1,2025-12-15,00:00:00,84.93700000,85.40000000,84.70100000,85.09900000,9151735
OFZ 26251,D1,2025-12-16,00:00:00,85.23800000,85.92000000,84.70000000,84.84600000,6321825
OFZ 26251,D1,2025-12-17,00:00:00,84.89000000,85.00000000,84.69400000,84.99900000,528660
OFZ 26251,D1,2025-12-18,00:00:00,85.00000000,85.45000000,84.70000000,85.39500000,1929311
OFZ 26251,D1,2025-12-19,00:00:00,85.39800000,85.78800000,84.74900000,84.83900000,1318515
OFZ 26251,D1,2025-12-22,00:00:00,84.99000000,85.24600000,84.32700000,84.72900000,3991605
OFZ 26251,D1,2025-12-23,00:00:00,84.88000000,84.89000000,84.35000000,84.74900000,1103258
OFZ 26251,D1,2025-12-24,00:00:00,84.56400000,84.77000000,84.55000000,84.75000000,331245
OFZ 26251,D1,2025-12-25,00:00:00,84.75000000,84.86500000,84.20000000,84.79900000,377275
OFZ 26251,D1,2025-12-26,00:00:00,84.52000000,84.82900000,84.40100000,84.69900000,1589468
OFZ 26251,D1,2025-12-29,00:00:00,84.80900000,84.94000000,84.35000000,84.83800000,129134
OFZ 26251,D1,2025-12-30,00:00:00,84.83700000,84.85000000,83.90000000,84.14000000,1547386
OFZ 26251,D1,2026-01-05,00:00:00,84.46500000,84.69800000,84.10400000,84.55000000,117634
OFZ 26251,D1,2026-01-06,00:00:00,84.57900000,84.69900000,84.50100000,84.54900000,22043
OFZ 26251,D1,2026-01-08,00:00:00,84.55800000,84.55800000,84.30800000,84.42800000,12301
OFZ 26251,D1,2026-01-09,00:00:00,84.42800000,84.53100000,84.38000000,84.52100000,19990
OFZ 26251,D1,2026-01-12,00:00:00,84.55800000,84.65800000,83.99500000,84.14700000,169544
OFZ 26251,D1,2026-01-13,00:00:00,84.17200000,84.50000000,83.90000000,84.04600000,911168
OFZ 26251,D1,2026-01-14,00:00:00,84.04700000,84.25200000,83.88800000,84.00000000,1674468
OFZ 26251,D1,2026-01-15,00:00:00,84.00000000,84.47000000,83.95000000,84.43200000,857394
OFZ 26251,D1,2026-01-16,00:00:00,84.45300000,84.60200000,84.38100000,84.52200000,1293897
OFZ 26251,D1,2026-01-19,00:00:00,84.68900000,84.87900000,84.30300000,84.39800000,480066
OFZ 26251,D1,2026-01-20,00:00:00,84.39800000,84.73500000,84.10000000,84.34500000,574006
OFZ 26251,D1,2026-01-21,00:00:00,84.37000000,84.49900000,84.00200000,84.10900000,2572117
OFZ 26251,D1,2026-01-22,00:00:00,84.29000000,84.49700000,84.14000000,84.32800000,1395784
OFZ 26251,D1,2026-01-23,00:00:00,84.32800000,84.49400000,84.17100000,84.34800000,1905895
OFZ 26251,D1,2026-01-26,00:00:00,84.35600000,84.70500000,83.85200000,83.90000000,2525334
OFZ 26251,D1,2026-01-27,00:00:00,83.89900000,84.24900000,83.83000000,83.99700000,2089331
OFZ 26251,D1,2026-01-28,00:00:00,84.03000000,84.09900000,83.81500000,84.05000000,994556
OFZ 26251,D1,2026-01-29,00:00:00,84.04000000,84.35000000,83.90000000,84.32600000,2393889
OFZ 26251,D1,2026-01-30,00:00:00,84.32600000,84.34900000,84.08100000,84.13300000,206170
OFZ 26251,D1,2026-02-02,00:00:00,84.24200000,84.34900000,83.80000000,84.00000000,2416382
OFZ 26251,D1,2026-02-03,00:00:00,84.13300000,84.25000000,83.74900000,83.91700000,2588322
OFZ 26251,D1,2026-02-04,00:00:00,83.86100000,84.50500000,83.82600000,84.43800000,6748599
OFZ 26251,D1,2026-02-05,00:00:00,84.50400000,84.67000000,84.00000000,84.22500000,3223535
OFZ 26251,D1,2026-02-06,00:00:00,84.41000000,84.60000000,84.00000000,84.24600000,698025
OFZ 26251,D1,2026-02-09,00:00:00,84.44000000,84.44000000,83.89900000,83.90600000,1843306
OFZ 26251,D1,2026-02-10,00:00:00,84.07000000,84.23000000,83.79000000,83.89300000,7350496
OFZ 26251,D1,2026-02-11,00:00:00,83.92300000,84.50000000,83.89000000,84.38600000,1559158
OFZ 26251,D1,2026-02-12,00:00:00,84.38600000,84.90700000,84.17600000,84.41200000,982125
OFZ 26251,D1,2026-02-13,00:00:00,84.45500000,85.16700000,84.15000000,85.12200000,1360532
OFZ 26251,D1,2026-02-16,00:00:00,85.16000000,85.77100000,85.00000000,85.39200000,856330
OFZ 26251,D1,2026-02-17,00:00:00,85.42500000,85.50000000,85.22400000,85.49700000,1500438
OFZ 26251,D1,2026-02-18,00:00:00,85.50600000,85.93100000,85.32600000,85.92000000,729964
OFZ 26251,D1,2026-02-19,00:00:00,85.92800000,86.15000000,85.62300000,86.09800000,729220
OFZ 26251,D1,2026-02-20,00:00:00,86.08500000,86.13500000,85.70100000,85.86900000,29177
OFZ 26251,D1,2026-02-24,00:00:00,85.87000000,86.24000000,85.66100000,85.82400000,204452
OFZ 26251,D1,2026-02-25,00:00:00,85.90000000,86.15000000,85.20000000,85.66000000,150277
OFZ 26251,D1,2026-02-26,00:00:00,85.65000000,85.86900000,85.62400000,85.70000000,195486
OFZ 26251,D1,2026-02-27,00:00:00,85.87000000,85.99900000,85.63300000,85.99100000,211111
OFZ 26251,D1,2026-03-02,00:00:00,86.01500000,86.47200000,85.35300000,85.69700000,1138558
OFZ 26251,D1,2026-03-03,00:00:00,85.79500000,85.90800000,85.27100000,85.80000000,898311
OFZ 26251,D1,2026-03-04,00:00:00,85.79900000,85.80000000,85.38000000,85.50300000,1363224
OFZ 26251,D1,2026-03-05,00:00:00,85.50300000,85.64800000,85.03300000,85.47200000,84222
OFZ 26251,D1,2026-03-06,00:00:00,85.58000000,85.65000000,85.25600000,85.60600000,35961
OFZ 26251,D1,2026-03-09,00:00:00,85.67600000,85.84800000,85.18000000,85.65000000,25946
OFZ 26251,D1,2026-03-10,00:00:00,85.73000000,85.83000000,85.47200000,85.78000000,151383
OFZ 26251,D1,2026-03-11,00:00:00,85.78100000,85.85000000,85.65000000,85.83000000,560076
OFZ 26251,D1,2026-03-12,00:00:00,85.78000000,86.69900000,85.70100000,86.66700000,235068
OFZ 26251,D1,2026-03-13,00:00:00,86.50100000,87.60300000,86.50100000,87.25000000,131238
OFZ 26251,D1,2026-03-16,00:00:00,87.25000000,88.00000000,86.87400000,86.98500000,679505
OFZ 26251,D1,2026-03-17,00:00:00,87.08500000,87.31500000,86.62000000,87.31500000,146368
OFZ 26251,D1,2026-03-18,00:00:00,87.00100000,87.34800000,87.00000000,87.21800000,608007
OFZ 26251,D1,2026-03-19,00:00:00,87.34400000,87.34800000,87.00000000,87.11800000,59572
OFZ 26251,D1,2026-03-20,00:00:00,87.28900000,88.00000000,87.05100000,87.39900000,31020
OFZ 26251,D1,2026-03-23,00:00:00,87.41900000,87.78900000,87.00000000,87.07000000,51119
OFZ 26251,D1,2026-03-24,00:00:00,87.29000000,87.62400000,87.03400000,87.25000000,28455
OFZ 26251,D1,2026-03-25,00:00:00,87.40000000,87.59600000,87.15600000,87.25600000,217207
OFZ 26251,D1,2026-03-26,00:00:00,87.30000000,87.40000000,87.00200000,87.10100000,19635
OFZ 26251,D1,2026-03-27,00:00:00,87.40000000,87.40000000,86.95200000,87.02600000,72248
OFZ 26251,D1,2026-03-28,00:00:00,87.12600000,87.30000000,86.90100000,87.25000000,1027
OFZ 26251,D1,2026-03-29,00:00:00,87.10000000,87.33400000,86.90000000,87.32900000,6991
OFZ 26251,D1,2026-03-30,00:00:00,87.12600000,87.33400000,86.76900000,87.00100000,35033
OFZ 26251,D1,2026-03-31,00:00:00,87.10000000,87.11000000,86.50400000,87.03900000,16190
OFZ 26251,D1,2026-04-01,00:00:00,87.08000000,87.28700000,86.83600000,87.09200000,541304
OFZ 26251,D1,2026-04-02,00:00:00,87.17800000,87.18000000,86.85200000,87.00000000,836359
OFZ 26251,D1,2026-04-03,00:00:00,87.13900000,87.13900000,86.83800000,86.92700000,2665060
OFZ 26251,D1,2026-04-04,00:00:00,86.92700000,87.23500000,86.90100000,87.18600000,4304
OFZ 26251,D1,2026-04-05,00:00:00,87.18600000,87.24500000,86.25000000,87.10000000,4569
OFZ 26251,D1,2026-04-06,00:00:00,86.92700000,87.24500000,86.25000000,86.99000000,44729
OFZ 26251,D1,2026-04-07,00:00:00,87.09000000,87.15300000,86.82600000,87.08600000,123165
OFZ 26251,D1,2026-04-08,00:00:00,87.18600000,87.19800000,86.83700000,86.97600000,48330
OFZ 26251,D1,2026-04-09,00:00:00,87.08500000,87.13700000,86.80000000,87.07300000,444638
OFZ 26251,D1,2026-04-10,00:00:00,87.09900000,87.49900000,86.82700000,87.39900000,397460
OFZ 26251,D1,2026-04-11,00:00:00,87.50000000,87.55000000,87.20100000,87.50000000,2523
OFZ 26251,D1,2026-04-12,00:00:00,87.53500000,87.59800000,87.30000000,87.32200000,2272
OFZ 26251,D1,2026-04-13,00:00:00,87.50000000,87.59800000,87.17100000,87.29300000,70458
OFZ 26251,D1,2026-04-14,00:00:00,87.21700000,87.54800000,86.89400000,87.10000000,96995
OFZ 26251,D1,2026-04-15,00:00:00,87.08100000,88.00000000,87.00700000,87.97900000,701883
OFZ 26251,D1,2026-04-16,00:00:00,87.95000000,88.00000000,87.50300000,87.84900000,50646
OFZ 26251,D1,2026-04-17,00:00:00,87.78500000,88.00000000,87.50000000,87.67700000,14591
OFZ 26251,D1,2026-04-18,00:00:00,87.80000000,87.86400000,87.65900000,87.86300000,2159
OFZ 26251,D1,2026-04-19,00:00:00,87.86300000,87.90000000,87.67000000,87.75100000,4168
OFZ 26251,D1,2026-04-20,00:00:00,87.80000000,87.99900000,87.65900000,87.95000000,260392
OFZ 26251,D1,2026-04-21,00:00:00,87.99900000,88.20000000,87.75000000,88.20000000,336504
OFZ 26251,D1,2026-04-22,00:00:00,88.19900000,89.34400000,88.10100000,89.01500000,232819
OFZ 26251,D1,2026-04-23,00:00:00,89.00800000,89.11700000,88.47100000,88.53100000,89425
OFZ 26251,D1,2026-04-24,00:00:00,88.64600000,89.00000000,87.03600000,87.51800000,92365
OFZ 26251,D1,2026-04-25,00:00:00,87.68200000,87.71000000,87.20100000,87.69600000,2781
OFZ 26251,D1,2026-04-26,00:00:00,87.51900000,87.77000000,87.51900000,87.77000000,1808
OFZ 26251,D1,2026-04-27,00:00:00,87.68200000,87.98500000,87.20100000,87.36100000,53766
OFZ 26251,D1,2026-04-28,00:00:00,87.36100000,87.57900000,87.32000000,87.33000000,26072
OFZ 26251,D1,2026-04-29,00:00:00,87.32100000,87.51400000,87.20500000,87.28400000,57680
OFZ 26251,D1,2026-04-30,00:00:00,87.28400000,87.81000000,87.15300000,87.64100000,214366
OFZ 26251,D1,2026-05-02,00:00:00,87.86300000,87.97000000,87.58100000,87.89900000,4118
OFZ 26251,D1,2026-05-03,00:00:00,87.89900000,87.98500000,87.69100000,87.77300000,5901
OFZ 26251,D1,2026-05-04,00:00:00,87.64200000,88.04500000,87.58100000,87.79900000,70688
OFZ 26251,D1,2026-05-05,00:00:00,87.89400000,88.02000000,87.20500000,87.36000000,310683
OFZ 26251,D1,2026-05-06,00:00:00,87.54900000,87.54900000,87.22100000,87.41600000,26102
OFZ 26251,D1,2026-05-07,00:00:00,87.41600000,87.49500000,87.10100000,87.26400000,14133
OFZ 26251,D1,2026-05-08,00:00:00,87.44800000,87.49200000,87.10200000,87.22700000,26140
OFZ 26251,D1,2026-05-11,00:00:00,87.36300000,87.64000000,87.22800000,87.56900000,7950
OFZ 26251,D1,2026-05-12,00:00:00,87.60000000,87.75900000,87.26800000,87.40000000,265560
OFZ 26251,D1,2026-05-13,00:00:00,87.56800000,87.59800000,87.30000000,87.48900000,227495
OFZ 26251,D1,2026-05-14,00:00:00,87.55000000,87.64500000,87.28900000,87.49900000,20334
OFZ 26251,D1,2026-05-15,00:00:00,87.49900000,87.69900000,87.30200000,87.58000000,526849
OFZ 26251,D1,2026-05-16,00:00:00,87.58000000,87.79800000,87.40500000,87.79500000,2040
OFZ 26251,D1,2026-05-17,00:00:00,87.79600000,87.81000000,87.56000000,87.69000000,1572
OFZ 26251,D1,2026-05-18,00:00:00,87.58000000,87.81000000,87.40500000,87.49100000,156606
OFZ 26251,D1,2026-05-19,00:00:00,87.70000000,87.80800000,87.20000000,87.31800000,688822
OFZ 26251,D1,2026-05-20,00:00:00,87.30000000,87.71300000,87.10000000,87.70900000,115782
OFZ 26251,D1,2026-05-21,00:00:00,87.79600000,87.99400000,87.50300000,87.60400000,87866
OFZ 26251,D1,2026-05-22,00:00:00,87.99800000,88.04100000,87.20900000,87.34600000,29898
OFZ 26251,D1,2026-05-23,00:00:00,87.56400000,87.69700000,87.34600000,87.45500000,4790
OFZ 26251,D1,2026-05-24,00:00:00,87.70000000,88.21000000,87.45600000,87.64900000,2186
OFZ 26251,D1,2026-05-25,00:00:00,87.56400000,88.21000000,87.10000000,87.34400000,37127
OFZ 26251,D1,2026-05-26,00:00:00,87.40000000,87.40000000,86.99800000,87.25100000,777611
OFZ 26251,D1,2026-05-27,00:00:00,87.25100000,87.27100000,86.90000000,86.99600000,1007015
OFZ 26251,D1,2026-05-28,00:00:00,86.93200000,87.32300000,86.93200000,87.21600000,3241039
OFZ 26251,D1,2026-05-29,00:00:00,87.34200000,87.34900000,86.80200000,87.10500000,596322
OFZ 26251,D1,2026-05-30,00:00:00,87.19200000,87.30000000,86.98100000,87.16300000,1860
OFZ 26251,D1,2026-05-31,00:00:00,87.30000000,87.44000000,87.10000000,87.16300000,2000
OFZ 26251,MN1,2025-12-31,00:00:00,84.34900000,85.92000000,83.52600000,84.14000000,48476382
OFZ 26251,MN1,2026-01-31,00:00:00,84.46500000,84.87900000,83.81500000,84.13300000,20215587
OFZ 26251,MN1,2026-02-28,00:00:00,84.24200000,86.24000000,83.74900000,85.99100000,33376935
OFZ 26251,MN1,2026-03-31,00:00:00,86.01500000,88.00000000,85.03300000,87.03900000,6596364
OFZ 26251,MN1,2026-04-30,00:00:00,87.08000000,89.34400000,86.25000000,87.64100000,7423591
OFZ 26251,W1,2025-12-07,00:00:00,84.34900000,85.11800000,83.52600000,84.50000000,13810343
OFZ 26251,W1,2025-12-14,00:00:00,84.50100000,84.99400000,84.20200000,84.93700000,6346622
OFZ 26251,W1,2025-12-21,00:00:00,84.93700000,85.92000000,84.69400000,84.83900000,19250046
OFZ 26251,W1,2025-12-28,00:00:00,84.99000000,85.24600000,84.20000000,84.69900000,7392851
OFZ 26251,W1,2026-01-04,00:00:00,84.80900000,84.94000000,83.90000000,84.14000000,1676520
OFZ 26251,W1,2026-01-11,00:00:00,84.46500000,84.69900000,84.10400000,84.52100000,171968
OFZ 26251,W1,2026-01-18,00:00:00,84.55800000,84.65800000,83.88800000,84.52200000,4906471
OFZ 26251,W1,2026-01-25,00:00:00,84.68900000,84.87900000,84.00200000,84.34800000,6927868
OFZ 26251,W1,2026-02-01,00:00:00,84.35600000,84.70500000,83.81500000,84.13300000,8209280
OFZ 26251,W1,2026-02-08,00:00:00,84.24200000,84.67000000,83.74900000,84.24600000,15674863
OFZ 26251,W1,2026-02-15,00:00:00,84.44000000,85.16700000,83.79000000,85.12200000,13095617
OFZ 26251,W1,2026-02-22,00:00:00,85.16000000,86.15000000,85.00000000,85.86900000,3845129
OFZ 26251,W1,2026-03-01,00:00:00,85.87000000,86.24000000,85.20000000,85.99100000,761326
OFZ 26251,W1,2026-03-08,00:00:00,86.01500000,86.47200000,85.03300000,85.60600000,3520276
OFZ 26251,W1,2026-03-15,00:00:00,85.67600000,87.60300000,85.18000000,87.25000000,1103711
OFZ 26251,W1,2026-03-22,00:00:00,87.25000000,88.00000000,86.62000000,87.39900000,1524472
OFZ 26251,W1,2026-03-29,00:00:00,87.41900000,87.78900000,86.90000000,87.32900000,396682
OFZ 26251,W1,2026-04-05,00:00:00,87.12600000,87.33400000,86.25000000,87.10000000,4102819
OFZ 26251,W1,2026-04-12,00:00:00,86.92700000,87.59800000,86.25000000,87.32200000,1063117
OFZ 26251,W1,2026-04-19,00:00:00,87.50000000,88.00000000,86.89400000,87.75100000,940900
OFZ 26251,W1,2026-04-26,00:00:00,87.80000000,89.34400000,87.03600000,87.77000000,1016094
OFZ 26251,W1,2026-05-03,00:00:00,87.68200000,87.98500000,87.15300000,87.77300000,361903
OFZ 26251,W1,2026-05-10,00:00:00,87.64200000,88.04500000,87.10100000,87.22700000,447746
OFZ 26251,W1,2026-05-17,00:00:00,87.36300000,87.81000000,87.22800000,87.69000000,1051800
OFZ 26251,W1,2026-05-24,00:00:00,87.58000000,88.21000000,87.10000000,87.64900000,1085950
OFZ 26252,D1,2025-12-01,00:00:00,91.33200000,91.49000000,91.07100000,91.12000000,685770
OFZ 26252,D1,2025-12-02,00:00:00,91.12000000,91.32000000,90.89800000,91.20000000,5805131
OFZ 26252,D1,2025-12-03,00:00:00,91.22000000,91.49000000,90.99000000,91.44400000,933612
OFZ 26252,D1,2025-12-04,00:00:00,91.44400000,92.00000000,91.44400000,91.80000000,3350956
OFZ 26252,D1,2025-12-05,00:00:00,91.87000000,92.50000000,91.80000000,92.30000000,2876187
OFZ 26252,D1,2025-12-08,00:00:00,92.39900000,92.64900000,91.91500000,92.00000000,2470775
OFZ 26252,D1,2025-12-09,00:00:00,92.06900000,92.27000000,91.64600000,91.76300000,3815561
OFZ 26252,D1,2025-12-10,00:00:00,91.76300000,92.02600000,91.68000000,91.99000000,4797048
OFZ 26252,D1,2025-12-11,00:00:00,92.03600000,92.41500000,91.99100000,92.30000000,5510605
OFZ 26252,D1,2025-12-12,00:00:00,92.30000000,92.50000000,92.25000000,92.40000000,9650004
OFZ 26252,D1,2025-12-15,00:00:00,92.40100000,92.59500000,92.30000000,92.47400000,2016265
OFZ 26252,D1,2025-12-16,00:00:00,92.49900000,92.52000000,92.18600000,92.25000000,1647838
OFZ 26252,D1,2025-12-17,00:00:00,92.39900000,92.50100000,92.14900000,92.45600000,1545569
OFZ 26252,D1,2025-12-18,00:00:00,92.49800000,92.64900000,92.39700000,92.60000000,1720006
OFZ 26252,D1,2025-12-19,00:00:00,92.65800000,92.90000000,91.92000000,92.20100000,3166008
OFZ 26252,D1,2025-12-22,00:00:00,92.36500000,92.66000000,91.75500000,91.85000000,870608
OFZ 26252,D1,2025-12-23,00:00:00,91.99900000,91.99900000,91.28000000,91.39900000,5032773
OFZ 26252,D1,2025-12-24,00:00:00,91.49900000,91.58500000,90.99100000,91.22000000,11068904
OFZ 26252,D1,2025-12-25,00:00:00,91.34900000,91.37300000,90.79700000,91.19400000,4108463
OFZ 26252,D1,2025-12-26,00:00:00,91.21500000,91.33800000,90.99400000,91.23000000,3963844
OFZ 26252,D1,2025-12-29,00:00:00,91.27100000,91.70000000,91.00000000,91.15000000,3814119
OFZ 26252,D1,2025-12-30,00:00:00,91.19900000,91.39900000,91.11100000,91.27800000,1823434
OFZ 26252,D1,2026-01-05,00:00:00,91.40000000,91.60300000,91.19000000,91.43900000,495080
OFZ 26252,D1,2026-01-06,00:00:00,91.41400000,91.70500000,91.41400000,91.64200000,131276
OFZ 26252,D1,2026-01-08,00:00:00,91.64100000,91.64200000,91.20000000,91.49800000,217707
OFZ 26252,D1,2026-01-09,00:00:00,91.64800000,91.64900000,91.46000000,91.50100000,129263
OFZ 26252,D1,2026-01-12,00:00:00,91.50200000,91.70000000,90.92500000,91.03000000,1518054
OFZ 26252,D1,2026-01-13,00:00:00,91.20000000,91.21800000,90.83800000,90.87700000,974330
OFZ 26252,D1,2026-01-14,00:00:00,90.89000000,91.00900000,90.50000000,90.79900000,3497282
OFZ 26252,D1,2026-01-15,00:00:00,90.84700000,91.43200000,90.48000000,90.90000000,6095273
OFZ 26252,D1,2026-01-16,00:00:00,90.90000000,91.25000000,90.88600000,91.23000000,3583347
OFZ 26252,D1,2026-01-19,00:00:00,91.23000000,91.49000000,90.94900000,90.99900000,804322
OFZ 26252,D1,2026-01-20,00:00:00,90.99000000,91.14000000,90.80000000,91.13900000,1296258
OFZ 26252,D1,2026-01-21,00:00:00,91.20400000,91.24000000,90.80000000,90.94000000,3980351
OFZ 26252,D1,2026-01-22,00:00:00,90.99000000,91.30100000,90.80200000,91.23400000,2459005
OFZ 26252,D1,2026-01-23,00:00:00,91.30400000,91.37600000,91.13000000,91.22100000,1242533
OFZ 26252,D1,2026-01-26,00:00:00,91.29900000,91.40000000,90.80000000,90.99000000,5408642
OFZ 26252,D1,2026-01-27,00:00:00,90.99000000,91.11900000,90.80100000,90.93800000,3167607
OFZ 26252,D1,2026-01-28,00:00:00,91.09000000,91.18800000,90.78200000,91.06000000,1626166
OFZ 26252,D1,2026-01-29,00:00:00,91.05000000,91.16700000,90.95000000,91.10000000,2648271
OFZ 26252,D1,2026-01-30,00:00:00,91.12400000,91.30000000,91.00400000,91.14900000,430353
OFZ 26252,D1,2026-02-02,00:00:00,91.14500000,91.23700000,90.95000000,91.09900000,522627
OFZ 26252,D1,2026-02-03,00:00:00,91.03000000,91.14800000,90.99400000,91.09700000,715633
OFZ 26252,D1,2026-02-04,00:00:00,91.09700000,91.23700000,91.00800000,91.06500000,2036849
OFZ 26252,D1,2026-02-05,00:00:00,91.06500000,91.17000000,90.85500000,90.95000000,786986
OFZ 26252,D1,2026-02-06,00:00:00,91.07000000,91.17000000,90.48000000,90.65000000,2775211
OFZ 26252,D1,2026-02-09,00:00:00,90.90000000,91.09900000,90.31700000,90.39000000,1107410
OFZ 26252,D1,2026-02-10,00:00:00,90.67000000,90.67000000,90.02000000,90.07000000,2957804
OFZ 26252,D1,2026-02-11,00:00:00,90.23400000,90.85000000,90.00000000,90.79700000,2231444
OFZ 26252,D1,2026-02-12,00:00:00,90.89800000,91.19000000,90.47700000,90.81500000,3153919
OFZ 26252,D1,2026-02-13,00:00:00,90.82000000,91.97300000,90.65000000,91.77700000,8966401
OFZ 26252,D1,2026-02-16,00:00:00,91.87300000,92.65900000,91.82000000,92.16900000,2432165
OFZ 26252,D1,2026-02-17,00:00:00,92.17900000,92.43000000,92.06900000,92.28000000,2206479
OFZ 26252,D1,2026-02-18,00:00:00,92.38800000,92.70000000,92.20200000,92.60000000,1843676
OFZ 26252,D1,2026-02-19,00:00:00,92.60000000,92.73600000,92.36000000,92.43900000,1600856
OFZ 26252,D1,2026-02-20,00:00:00,92.48900000,92.65400000,92.20000000,92.38000000,4668148
OFZ 26252,D1,2026-02-24,00:00:00,92.39000000,92.74800000,91.97800000,92.00000000,3282152
OFZ 26252,D1,2026-02-25,00:00:00,92.16800000,92.16800000,91.75000000,91.98700000,14204457
OFZ 26252,D1,2026-02-26,00:00:00,92.09900000,92.09900000,91.70500000,91.88900000,3905677
OFZ 26252,D1,2026-02-27,00:00:00,91.88900000,92.09000000,91.80000000,91.98800000,2030816
OFZ 26252,D1,2026-03-02,00:00:00,91.99000000,92.43500000,91.84200000,91.90000000,4467064
OFZ 26252,D1,2026-03-03,00:00:00,91.99000000,92.14900000,91.86000000,91.90000000,725694
OFZ 26252,D1,2026-03-04,00:00:00,91.98000000,92.15000000,91.77100000,92.03000000,2590857
OFZ 26252,D1,2026-03-05,00:00:00,92.07000000,92.18900000,91.80000000,91.89100000,1560450
OFZ 26252,D1,2026-03-06,00:00:00,92.00000000,92.07900000,91.81000000,91.89700000,599611
OFZ 26252,D1,2026-03-09,00:00:00,91.89100000,92.19900000,91.81200000,91.95900000,112004
OFZ 26252,D1,2026-03-10,00:00:00,92.00000000,92.19700000,91.85000000,91.92000000,1978580
OFZ 26252,D1,2026-03-11,00:00:00,91.92000000,92.10000000,91.85100000,92.09700000,2833499
OFZ 26252,D1,2026-03-12,00:00:00,92.09800000,93.00000000,92.00000000,92.80000000,7511978
OFZ 26252,D1,2026-03-13,00:00:00,92.80000000,93.65300000,92.65500000,93.14800000,4116850
OFZ 26252,D1,2026-03-16,00:00:00,93.15000000,93.87400000,92.90000000,92.99000000,649197
OFZ 26252,D1,2026-03-17,00:00:00,93.00100000,93.71000000,92.74900000,92.89300000,4129212
OFZ 26252,D1,2026-03-18,00:00:00,92.89300000,93.29900000,92.66900000,92.96200000,994970
OFZ 26252,D1,2026-03-19,00:00:00,93.00000000,93.10000000,92.63200000,92.94100000,1092039
OFZ 26252,D1,2026-03-20,00:00:00,93.00000000,93.20400000,92.68000000,92.73000000,2921026
OFZ 26252,D1,2026-03-23,00:00:00,92.80000000,92.98900000,92.56300000,92.78300000,2177589
OFZ 26252,D1,2026-03-24,00:00:00,92.88000000,93.19800000,92.73000000,92.89300000,2640447
OFZ 26252,D1,2026-03-25,00:00:00,92.89300000,92.97500000,92.67000000,92.84000000,3124755
OFZ 26252,D1,2026-03-26,00:00:00,92.80000000,92.99800000,92.63000000,92.65000000,2303456
OFZ 26252,D1,2026-03-27,00:00:00,92.79900000,92.81900000,92.53800000,92.65000000,2404797
OFZ 26252,D1,2026-03-28,00:00:00,92.68900000,92.89000000,92.55100000,92.74000000,15110
OFZ 26252,D1,2026-03-29,00:00:00,92.89800000,92.94800000,92.65500000,92.79200000,12797
OFZ 26252,D1,2026-03-30,00:00:00,92.68900000,92.94800000,92.55100000,92.79900000,2998412
OFZ 26252,D1,2026-03-31,00:00:00,92.79900000,92.95000000,92.60000000,92.68800000,5426905
OFZ 26252,D1,2026-04-01,00:00:00,92.68800000,92.77800000,92.63800000,92.74500000,1998439
OFZ 26252,D1,2026-04-02,00:00:00,92.74500000,92.87000000,92.59600000,92.64800000,2703954
OFZ 26252,D1,2026-04-03,00:00:00,92.70000000,92.79900000,92.45000000,92.64200000,3784866
OFZ 26252,D1,2026-04-04,00:00:00,92.64200000,92.89200000,92.52100000,92.70000000,10366
OFZ 26252,D1,2026-04-05,00:00:00,92.70000000,92.84000000,92.65800000,92.75900000,16516
OFZ 26252,D1,2026-04-06,00:00:00,92.64200000,92.89200000,92.45600000,92.55000000,1011791
OFZ 26252,D1,2026-04-07,00:00:00,92.67000000,92.78500000,92.43000000,92.49600000,1431750
OFZ 26252,D1,2026-04-08,00:00:00,92.64800000,92.66900000,92.40000000,92.46000000,1187158
OFZ 26252,D1,2026-04-09,00:00:00,92.57000000,92.95000000,92.25000000,92.60400000,1683362
OFZ 26252,D1,2026-04-10,00:00:00,92.68000000,93.40300000,92.35200000,92.96700000,2316413
OFZ 26252,D1,2026-04-11,00:00:00,93.00000000,93.20000000,92.85000000,93.19700000,11400
OFZ 26252,D1,2026-04-12,00:00:00,93.20000000,93.29900000,93.02400000,93.29400000,13659
OFZ 26252,D1,2026-04-13,00:00:00,93.00000000,93.49700000,92.65200000,92.73700000,549708
OFZ 26252,D1,2026-04-14,00:00:00,92.71700000,92.91000000,92.57100000,92.74900000,1829385
OFZ 26252,D1,2026-04-15,00:00:00,92.74900000,93.75000000,92.57200000,93.64000000,3070874
OFZ 26252,D1,2026-04-16,00:00:00,93.41900000,93.69900000,93.00000000,93.52500000,2562085
OFZ 26252,D1,2026-04-17,00:00:00,93.64800000,93.74000000,93.31400000,93.40000000,2073609
OFZ 26252,D1,2026-04-18,00:00:00,93.40700000,93.60000000,93.40700000,93.60000000,24846
OFZ 26252,D1,2026-04-19,00:00:00,93.60500000,93.74900000,93.55100000,93.58100000,38760
OFZ 26252,D1,2026-04-20,00:00:00,93.40700000,93.74900000,93.20000000,93.50000000,1262152
OFZ 26252,D1,2026-04-21,00:00:00,93.47500000,93.80100000,93.27000000,93.64000000,2245141
OFZ 26252,D1,2026-04-22,00:00:00,93.64000000,94.18600000,93.33000000,94.14500000,5040396
OFZ 26252,D1,2026-04-23,00:00:00,94.14500000,94.42300000,93.65000000,93.87500000,2124537
OFZ 26252,D1,2026-04-24,00:00:00,93.87500000,94.18200000,92.81100000,93.13200000,3625207
OFZ 26252,D1,2026-04-25,00:00:00,93.11100000,93.36000000,93.10000000,93.28000000,31725
OFZ 26252,D1,2026-04-26,00:00:00,93.25000000,93.30300000,93.13700000,93.24900000,16219
OFZ 26252,D1,2026-04-27,00:00:00,93.11100000,93.36000000,92.80100000,92.98700000,2458287
OFZ 26252,D1,2026-04-28,00:00:00,93.12000000,93.12000000,92.79100000,92.96200000,823548
OFZ 26252,D1,2026-04-29,00:00:00,93.04900000,93.48800000,92.86300000,93.18900000,2493087
OFZ 26252,D1,2026-04-30,00:00:00,93.26000000,93.45400000,93.10800000,93.28900000,1255612
OFZ 26252,D1,2026-05-02,00:00:00,93.48200000,93.48600000,93.25300000,93.43900000,11542
OFZ 26252,D1,2026-05-03,00:00:00,93.43900000,93.82000000,93.36100000,93.39100000,16254
OFZ 26252,D1,2026-05-04,00:00:00,93.36700000,93.82000000,93.01000000,93.29100000,3159460
OFZ 26252,D1,2026-05-05,00:00:00,93.29100000,93.45300000,93.02200000,93.18700000,1918922
OFZ 26252,D1,2026-05-06,00:00:00,93.18700000,93.29200000,93.00100000,93.19900000,1883827
OFZ 26252,D1,2026-05-07,00:00:00,93.19900000,93.27900000,93.00000000,93.02100000,1740316
OFZ 26252,D1,2026-05-08,00:00:00,93.02900000,93.18000000,92.85100000,93.03900000,1352994
OFZ 26252,D1,2026-05-11,00:00:00,93.03900000,93.34100000,92.90400000,93.29900000,60542
OFZ 26252,D1,2026-05-12,00:00:00,93.35000000,93.35000000,92.95000000,93.10000000,717353
OFZ 26252,D1,2026-05-13,00:00:00,93.10000000,93.15300000,92.91200000,93.00000000,978526
OFZ 26252,D1,2026-05-14,00:00:00,93.00000000,93.59000000,92.85000000,92.94000000,796400
OFZ 26252,D1,2026-05-15,00:00:00,92.94000000,93.39100000,92.90100000,93.14900000,694469
OFZ 26252,D1,2026-05-16,00:00:00,93.15000000,93.36000000,92.85000000,93.19100000,28555
OFZ 26252,D1,2026-05-17,00:00:00,93.19000000,93.24700000,93.06000000,93.19700000,13318
OFZ 26252,D1,2026-05-18,00:00:00,93.15000000,93.36000000,92.82200000,92.98900000,940987
OFZ 26252,D1,2026-05-19,00:00:00,93.01400000,93.01400000,92.62500000,92.72300000,1654983
OFZ 26252,D1,2026-05-20,00:00:00,92.74800000,92.97200000,92.57000000,92.77700000,3540870
OFZ 26252,D1,2026-05-21,00:00:00,92.77700000,92.89800000,92.62700000,92.70000000,1337193
OFZ 26252,D1,2026-05-22,00:00:00,92.70100000,92.89700000,92.68400000,92.79100000,1659324
OFZ 26252,D1,2026-05-23,00:00:00,92.83900000,93.00000000,92.79400000,92.98000000,31851
OFZ 26252,D1,2026-05-24,00:00:00,92.80000000,93.09600000,92.80000000,92.89800000,11664
OFZ 26252,D1,2026-05-25,00:00:00,92.83900000,93.09600000,92.59100000,92.74200000,521912
OFZ 26252,D1,2026-05-26,00:00:00,92.74200000,92.90300000,92.39900000,92.61000000,2380887
OFZ 26252,D1,2026-05-27,00:00:00,92.60000000,92.73800000,92.51000000,92.60000000,844620
OFZ 26252,D1,2026-05-28,00:00:00,92.60000000,92.74900000,92.51500000,92.59900000,782088
OFZ 26252,D1,2026-05-29,00:00:00,92.58000000,92.73800000,92.44800000,92.49800000,1607254
OFZ 26252,D1,2026-05-30,00:00:00,92.50000000,92.59600000,92.48000000,92.48300000,14895
OFZ 26252,D1,2026-05-31,00:00:00,92.48000000,92.59000000,92.47500000,92.48000000,18576
OFZ 26252,MN1,2025-12-31,00:00:00,91.33200000,92.90000000,90.79700000,91.27800000,80673480
OFZ 26252,MN1,2026-01-31,00:00:00,91.40000000,91.70500000,90.48000000,91.14900000,39705120
OFZ 26252,MN1,2026-02-28,00:00:00,91.14500000,92.74800000,90.00000000,91.98800000,61428710
OFZ 26252,MN1,2026-03-31,00:00:00,91.99000000,93.87400000,91.77100000,92.68800000,57387299
OFZ 26252,MN1,2026-04-30,00:00:00,92.68800000,94.42300000,92.25000000,93.28900000,47694852
OFZ 26252,W1,2025-12-07,00:00:00,91.33200000,92.50000000,90.89800000,92.30000000,13651656
OFZ 26252,W1,2025-12-14,00:00:00,92.39900000,92.64900000,91.64600000,92.40000000,26243993
OFZ 26252,W1,2025-12-21,00:00:00,92.40100000,92.90000000,91.92000000,92.20100000,10095686
OFZ 26252,W1,2025-12-28,00:00:00,92.36500000,92.66000000,90.79700000,91.23000000,25044592
OFZ 26252,W1,2026-01-04,00:00:00,91.27100000,91.70000000,91.00000000,91.27800000,5637553
OFZ 26252,W1,2026-01-11,00:00:00,91.40000000,91.70500000,91.19000000,91.50100000,973326
OFZ 26252,W1,2026-01-18,00:00:00,91.50200000,91.70000000,90.48000000,91.23000000,15668286
OFZ 26252,W1,2026-01-25,00:00:00,91.23000000,91.49000000,90.80000000,91.22100000,9782469
OFZ 26252,W1,2026-02-01,00:00:00,91.29900000,91.40000000,90.78200000,91.14900000,13281039
OFZ 26252,W1,2026-02-08,00:00:00,91.14500000,91.23700000,90.48000000,90.65000000,6837306
OFZ 26252,W1,2026-02-15,00:00:00,90.90000000,91.97300000,90.00000000,91.77700000,18416978
OFZ 26252,W1,2026-02-22,00:00:00,91.87300000,92.73600000,91.82000000,92.38000000,12751324
OFZ 26252,W1,2026-03-01,00:00:00,92.39000000,92.74800000,91.70500000,91.98800000,23423102
OFZ 26252,W1,2026-03-08,00:00:00,91.99000000,92.43500000,91.77100000,91.89700000,9943676
OFZ 26252,W1,2026-03-15,00:00:00,91.89100000,93.65300000,91.81200000,93.14800000,16552911
OFZ 26252,W1,2026-03-22,00:00:00,93.15000000,93.87400000,92.63200000,92.73000000,9786444
OFZ 26252,W1,2026-03-29,00:00:00,92.80000000,93.19800000,92.53800000,92.79200000,12678951
OFZ 26252,W1,2026-04-05,00:00:00,92.68900000,92.95000000,92.45000000,92.75900000,16939458
OFZ 26252,W1,2026-04-12,00:00:00,92.64200000,93.40300000,92.25000000,93.29400000,7655533
OFZ 26252,W1,2026-04-19,00:00:00,93.00000000,93.75000000,92.57100000,93.58100000,10149267
OFZ 26252,W1,2026-04-26,00:00:00,93.40700000,94.42300000,92.81100000,93.24900000,14345377
OFZ 26252,W1,2026-05-03,00:00:00,93.11100000,93.82000000,92.79100000,93.39100000,7058330
OFZ 26252,W1,2026-05-10,00:00:00,93.36700000,93.82000000,92.85100000,93.03900000,10055519
OFZ 26252,W1,2026-05-17,00:00:00,93.03900000,93.59000000,92.85000000,93.19700000,3289163
OFZ 26252,W1,2026-05-24,00:00:00,93.15000000,93.36000000,92.57000000,92.89800000,9176872
OFZ 26253,D1,2025-12-01,00:00:00,93.16000000,93.45700000,92.95000000,93.00000000,1270888
OFZ 26253,D1,2025-12-02,00:00:00,93.09000000,93.11900000,92.58000000,92.72900000,1494773
OFZ 26253,D1,2025-12-03,00:00:00,92.85000000,92.95000000,92.23000000,92.95000000,2687593
OFZ 26253,D1,2025-12-04,00:00:00,92.97200000,93.34800000,92.92000000,93.33000000,2463153
OFZ 26253,D1,2025-12-05,00:00:00,93.34600000,93.74900000,93.32200000,93.69900000,2425481
OFZ 26253,D1,2025-12-08,00:00:00,93.74900000,94.03900000,93.10000000,93.24800000,2099681
OFZ 26253,D1,2025-12-09,00:00:00,93.49700000,93.64600000,92.87000000,93.10200000,3940458
OFZ 26253,D1,2025-12-10,00:00:00,93.10200000,93.66700000,93.00200000,93.66500000,635126
OFZ 26253,D1,2025-12-11,00:00:00,93.69900000,93.98900000,93.47800000,93.95000000,1700655
OFZ 26253,D1,2025-12-12,00:00:00,93.99800000,94.38400000,93.85400000,94.19000000,632449
OFZ 26253,D1,2025-12-15,00:00:00,94.50000000,94.59800000,93.55000000,93.94900000,1315354
OFZ 26253,D1,2025-12-16,00:00:00,94.09500000,94.09500000,93.58900000,93.67000000,3428346
OFZ 26253,D1,2025-12-17,00:00:00,93.84500000,94.09000000,93.49000000,93.84900000,3835948
OFZ 26253,D1,2025-12-18,00:00:00,93.89900000,94.00000000,93.78500000,93.97900000,2951660
OFZ 26253,D1,2025-12-19,00:00:00,94.04800000,94.31800000,93.47500000,93.69400000,4542636
OFZ 26253,D1,2025-12-22,00:00:00,93.69000000,93.89300000,93.20000000,93.25000000,1634321
OFZ 26253,D1,2025-12-23,00:00:00,93.40000000,93.50000000,93.07600000,93.18000000,1023734
OFZ 26253,D1,2025-12-24,00:00:00,93.20100000,93.35700000,92.92000000,93.05900000,1177910
OFZ 26253,D1,2025-12-25,00:00:00,93.07000000,93.25100000,92.65100000,92.97000000,966946
OFZ 26253,D1,2025-12-26,00:00:00,92.94000000,93.16200000,92.74000000,92.89700000,953370
OFZ 26253,D1,2025-12-29,00:00:00,92.89700000,93.17500000,92.80000000,93.00000000,686979
OFZ 26253,D1,2025-12-30,00:00:00,93.04700000,93.23600000,92.80000000,93.13700000,1093414
OFZ 26253,D1,2026-01-05,00:00:00,93.22900000,93.33500000,93.00100000,93.31400000,312740
OFZ 26253,D1,2026-01-06,00:00:00,93.30600000,93.48800000,93.29400000,93.48400000,91251
OFZ 26253,D1,2026-01-08,00:00:00,93.48400000,93.48900000,93.23700000,93.29500000,127501
OFZ 26253,D1,2026-01-09,00:00:00,93.29000000,93.44200000,93.00000000,93.23700000,217724
OFZ 26253,D1,2026-01-12,00:00:00,93.27100000,93.40100000,92.49000000,92.68000000,947439
OFZ 26253,D1,2026-01-13,00:00:00,92.69000000,92.76000000,91.68900000,91.70000000,1481043
OFZ 26253,D1,2026-01-14,00:00:00,91.70000000,92.03000000,91.50000000,91.62900000,3163451
OFZ 26253,D1,2026-01-15,00:00:00,91.60200000,91.80400000,91.41700000,91.72400000,1320646
OFZ 26253,D1,2026-01-16,00:00:00,91.80900000,91.99000000,91.75600000,91.97900000,1207021
OFZ 26253,D1,2026-01-19,00:00:00,91.98900000,92.10000000,91.75100000,91.80000000,638014
OFZ 26253,D1,2026-01-20,00:00:00,91.89900000,91.99700000,91.50100000,91.87300000,1224032
OFZ 26253,D1,2026-01-21,00:00:00,91.89800000,91.94000000,91.40000000,91.45000000,1899620
OFZ 26253,D1,2026-01-22,00:00:00,91.46500000,91.95000000,91.40000000,91.93800000,3472047
OFZ 26253,D1,2026-01-23,00:00:00,91.93400000,91.99500000,91.70100000,91.94400000,706538
OFZ 26253,D1,2026-01-26,00:00:00,91.94000000,91.95000000,91.42400000,91.49000000,1008508
OFZ 26253,D1,2026-01-27,00:00:00,91.49000000,91.69500000,91.28000000,91.44800000,1293005
OFZ 26253,D1,2026-01-28,00:00:00,91.49300000,91.59900000,91.24600000,91.52000000,1702092
OFZ 26253,D1,2026-01-29,00:00:00,91.52000000,91.97800000,91.46000000,91.71200000,729528
OFZ 26253,D1,2026-01-30,00:00:00,91.89900000,91.95700000,91.49700000,91.72900000,491330
OFZ 26253,D1,2026-02-02,00:00:00,91.73500000,91.74800000,91.33500000,91.63500000,935421
OFZ 26253,D1,2026-02-03,00:00:00,91.63900000,91.64500000,91.01000000,91.36400000,2363330
OFZ 26253,D1,2026-02-04,00:00:00,91.36100000,91.36200000,91.11600000,91.16900000,4121926
OFZ 26253,D1,2026-02-05,00:00:00,91.24700000,91.24700000,90.95000000,91.06800000,2305590
OFZ 26253,D1,2026-02-06,00:00:00,91.17500000,91.19500000,90.69100000,90.69100000,3236433
OFZ 26253,D1,2026-02-09,00:00:00,90.73000000,90.98500000,90.50300000,90.71800000,772402
OFZ 26253,D1,2026-02-10,00:00:00,90.80700000,90.87500000,90.26700000,90.36700000,2919661
OFZ 26253,D1,2026-02-11,00:00:00,90.49200000,91.33700000,90.16500000,91.33000000,4719377
OFZ 26253,D1,2026-02-12,00:00:00,91.35000000,91.46900000,90.71100000,91.40500000,5276331
OFZ 26253,D1,2026-02-13,00:00:00,91.47400000,92.80500000,91.30000000,92.78900000,13360358
OFZ 26253,D1,2026-02-16,00:00:00,92.86000000,93.64000000,92.59900000,92.79200000,2291895
OFZ 26253,D1,2026-02-17,00:00:00,92.73500000,93.23000000,92.69000000,93.06000000,1200202
OFZ 26253,D1,2026-02-18,00:00:00,93.06800000,93.47400000,92.87100000,93.44900000,731128
OFZ 26253,D1,2026-02-19,00:00:00,93.44800000,93.55000000,93.07000000,93.28000000,2200798
OFZ 26253,D1,2026-02-20,00:00:00,93.39300000,93.40200000,92.89500000,92.99900000,1098023
OFZ 26253,D1,2026-02-24,00:00:00,93.18000000,93.24500000,92.64900000,92.82000000,3050034
OFZ 26253,D1,2026-02-25,00:00:00,92.81800000,92.90000000,92.62800000,92.67600000,8302361
OFZ 26253,D1,2026-02-26,00:00:00,92.70000000,92.79800000,92.41000000,92.48200000,4128549
OFZ 26253,D1,2026-02-27,00:00:00,92.48200000,92.77900000,92.41500000,92.57500000,2781601
OFZ 26253,D1,2026-03-02,00:00:00,92.55400000,92.75000000,92.41500000,92.69300000,1138226
OFZ 26253,D1,2026-03-03,00:00:00,92.73900000,92.74800000,92.50000000,92.62200000,600962
OFZ 26253,D1,2026-03-04,00:00:00,92.66900000,92.74000000,92.25000000,92.54500000,1613126
OFZ 26253,D1,2026-03-05,00:00:00,92.54600000,92.61800000,92.35000000,92.43000000,553186
OFZ 26253,D1,2026-03-06,00:00:00,92.46500000,92.59000000,92.25000000,92.45000000,915383
OFZ 26253,D1,2026-03-09,00:00:00,92.45000000,92.70000000,92.25400000,92.67800000,167328
OFZ 26253,D1,2026-03-10,00:00:00,92.69000000,92.78000000,92.49200000,92.57900000,324376
OFZ 26253,D1,2026-03-11,00:00:00,92.57800000,92.65000000,92.19900000,92.42600000,783283
OFZ 26253,D1,2026-03-12,00:00:00,92.52700000,93.13500000,92.42200000,93.09800000,3046158
OFZ 26253,D1,2026-03-13,00:00:00,93.09800000,93.70700000,93.05400000,93.55600000,1310210
OFZ 26253,D1,2026-03-16,00:00:00,93.62400000,94.19700000,93.62200000,93.74400000,1466058
OFZ 26253,D1,2026-03-17,00:00:00,93.83200000,94.20900000,93.29100000,93.34000000,1485735
OFZ 26253,D1,2026-03-18,00:00:00,93.34000000,93.75000000,93.06600000,93.51900000,616689
OFZ 26253,D1,2026-03-19,00:00:00,93.51900000,93.70000000,93.16000000,93.48700000,1097903
OFZ 26253,D1,2026-03-20,00:00:00,93.48800000,93.74900000,93.33000000,93.41000000,1683684
OFZ 26253,D1,2026-03-23,00:00:00,93.54000000,93.60900000,93.08300000,93.27900000,917905
OFZ 26253,D1,2026-03-24,00:00:00,93.29900000,93.41600000,93.13600000,93.32400000,431233
OFZ 26253,D1,2026-03-25,00:00:00,93.40000000,93.44900000,93.17200000,93.40000000,761234
OFZ 26253,D1,2026-03-26,00:00:00,93.45000000,93.52900000,93.11000000,93.34500000,850542
OFZ 26253,D1,2026-03-27,00:00:00,93.44900000,93.44900000,93.05800000,93.17400000,884998
OFZ 26253,D1,2026-03-28,00:00:00,93.20000000,93.31900000,93.17400000,93.26900000,14767
OFZ 26253,D1,2026-03-29,00:00:00,93.26900000,93.35000000,93.17600000,93.26100000,22679
OFZ 26253,D1,2026-03-30,00:00:00,93.20000000,93.35000000,92.58000000,92.86200000,2106227
OFZ 26253,D1,2026-03-31,00:00:00,92.98400000,93.12000000,92.85000000,92.91100000,943327
OFZ 26253,D1,2026-04-01,00:00:00,92.95000000,93.03500000,92.76000000,92.82600000,2927619
OFZ 26253,D1,2026-04-02,00:00:00,92.83500000,92.92000000,92.77800000,92.84000000,5133677
OFZ 26253,D1,2026-04-03,00:00:00,92.84800000,92.87500000,92.66900000,92.74000000,860954
OFZ 26253,D1,2026-04-04,00:00:00,92.79900000,92.83900000,92.70000000,92.80000000,31737
OFZ 26253,D1,2026-04-05,00:00:00,92.79300000,92.83000000,92.79000000,92.82500000,19653
OFZ 26253,D1,2026-04-06,00:00:00,92.79900000,92.83900000,92.62500000,92.67500000,438357
OFZ 26253,D1,2026-04-07,00:00:00,92.73900000,92.74900000,92.48000000,92.54800000,452769
OFZ 26253,D1,2026-04-08,00:00:00,92.59800000,92.64900000,92.44700000,92.49400000,465140
OFZ 26253,D1,2026-04-09,00:00:00,92.55800000,92.69900000,92.19000000,92.49800000,726415
OFZ 26253,D1,2026-04-10,00:00:00,92.49500000,92.79000000,92.21100000,92.75500000,1184689
OFZ 26253,D1,2026-04-11,00:00:00,92.79900000,92.89800000,92.75500000,92.87200000,46918
OFZ 26253,D1,2026-04-12,00:00:00,92.87200000,92.91900000,92.82000000,92.91500000,27539
OFZ 26253,D1,2026-04-13,00:00:00,92.79900000,93.16000000,92.55000000,92.69000000,686462
OFZ 26253,D1,2026-04-14,00:00:00,92.68900000,92.72200000,92.24500000,92.32800000,1013771
OFZ 26253,D1,2026-04-15,00:00:00,92.39400000,93.40600000,92.10700000,93.40000000,9120174
OFZ 26253,D1,2026-04-16,00:00:00,93.44900000,93.70000000,93.04000000,93.69600000,3107296
OFZ 26253,D1,2026-04-17,00:00:00,93.69900000,93.80900000,93.31100000,93.59400000,921107
OFZ 26253,D1,2026-04-18,00:00:00,93.65000000,93.78800000,93.49100000,93.76600000,40377
OFZ 26253,D1,2026-04-19,00:00:00,93.75000000,93.82900000,93.68800000,93.82800000,60877
OFZ 26253,D1,2026-04-20,00:00:00,93.65000000,93.83400000,93.49100000,93.73600000,1279599
OFZ 26253,D1,2026-04-21,00:00:00,93.76100000,93.95600000,93.52600000,93.64300000,2424077
OFZ 26253,D1,2026-04-22,00:00:00,93.79900000,94.41800000,93.58600000,94.34000000,4605159
OFZ 26253,D1,2026-04-23,00:00:00,94.41900000,94.49900000,93.95000000,94.19700000,4251512
OFZ 26253,D1,2026-04-24,00:00:00,94.33500000,94.33500000,93.19000000,93.32000000,3002607
OFZ 26253,D1,2026-04-25,00:00:00,93.35000000,93.72900000,93.34000000,93.46800000,66746
OFZ 26253,D1,2026-04-26,00:00:00,93.46800000,93.60000000,93.43100000,93.50000000,50702
OFZ 26253,D1,2026-04-27,00:00:00,93.35000000,93.75200000,92.99700000,93.14100000,1480284
OFZ 26253,D1,2026-04-28,00:00:00,93.14100000,93.18900000,92.87100000,93.17000000,2191427
OFZ 26253,D1,2026-04-29,00:00:00,93.17900000,93.38000000,93.05500000,93.28900000,2093794
OFZ 26253,D1,2026-04-30,00:00:00,93.29000000,93.55000000,93.20100000,93.48700000,665609
OFZ 26253,D1,2026-05-02,00:00:00,93.60000000,93.65000000,93.53000000,93.64700000,32702
OFZ 26253,D1,2026-05-03,00:00:00,93.64700000,93.69700000,93.50300000,93.59900000,31093
OFZ 26253,D1,2026-05-04,00:00:00,93.50000000,93.69700000,93.17100000,93.37200000,1488712
OFZ 26253,D1,2026-05-05,00:00:00,93.39200000,93.45900000,93.10000000,93.14600000,828192
OFZ 26253,D1,2026-05-06,00:00:00,93.29900000,93.29900000,93.07800000,93.21800000,1037736
OFZ 26253,D1,2026-05-07,00:00:00,93.23100000,93.30100000,93.09000000,93.15000000,422564
OFZ 26253,D1,2026-05-08,00:00:00,93.14800000,93.22000000,92.85000000,92.99700000,1466782
OFZ 26253,D1,2026-05-11,00:00:00,92.98000000,93.31900000,92.97000000,93.30800000,214202
OFZ 26253,D1,2026-05-12,00:00:00,93.31400000,93.32000000,92.87900000,92.88500000,1648166
OFZ 26253,D1,2026-05-13,00:00:00,92.90000000,93.08700000,92.85000000,92.97800000,3406298
OFZ 26253,D1,2026-05-14,00:00:00,92.98000000,93.07500000,92.80000000,92.90000000,731453
OFZ 26253,D1,2026-05-15,00:00:00,92.96900000,92.99800000,92.81500000,92.98000000,672357
OFZ 26253,D1,2026-05-16,00:00:00,92.97700000,92.99500000,92.87600000,92.95000000,54697
OFZ 26253,D1,2026-05-17,00:00:00,92.99600000,93.01000000,92.89600000,92.96700000,43048
OFZ 26253,D1,2026-05-18,00:00:00,92.97700000,93.02000000,92.75000000,92.91700000,1852868
OFZ 26253,D1,2026-05-19,00:00:00,92.98700000,92.98700000,92.75600000,92.78300000,689113
OFZ 26253,D1,2026-05-20,00:00:00,92.78300000,92.93000000,92.70100000,92.90000000,774932
OFZ 26253,D1,2026-05-21,00:00:00,92.90000000,93.03900000,92.77000000,92.91900000,284649
OFZ 26253,D1,2026-05-22,00:00:00,92.98300000,92.98400000,92.80100000,92.87000000,350061
OFZ 26253,D1,2026-05-23,00:00:00,92.96500000,92.96500000,92.80800000,92.92900000,40037
OFZ 26253,D1,2026-05-24,00:00:00,92.93800000,92.94100000,92.83100000,92.89600000,20318
OFZ 26253,D1,2026-05-25,00:00:00,92.96500000,92.96500000,92.55000000,92.64000000,737056
OFZ 26253,D1,2026-05-26,00:00:00,92.70900000,92.77500000,92.45000000,92.54800000,1479156
OFZ 26253,D1,2026-05-27,00:00:00,92.54800000,92.67800000,92.41100000,92.55000000,1153186
OFZ 26253,D1,2026-05-28,00:00:00,92.65000000,92.71100000,92.51100000,92.71000000,590905
OFZ 26253,D1,2026-05-29,00:00:00,92.71000000,92.73900000,92.49500000,92.59200000,398496
OFZ 26253,D1,2026-05-30,00:00:00,92.59000000,92.65000000,92.51000000,92.63300000,32390
OFZ 26253,D1,2026-05-31,00:00:00,92.63200000,92.68000000,92.56000000,92.67400000,22909
OFZ 26253,MN1,2025-12-31,00:00:00,93.16000000,94.59800000,92.23000000,93.13700000,42960875
OFZ 26253,MN1,2026-01-31,00:00:00,93.22900000,93.48900000,91.24600000,91.72900000,22033530
OFZ 26253,MN1,2026-02-28,00:00:00,91.73500000,93.64000000,90.16500000,92.57500000,65795420
OFZ 26253,MN1,2026-03-31,00:00:00,92.55400000,94.20900000,92.19900000,92.91100000,23735219
OFZ 26253,MN1,2026-04-30,00:00:00,92.95000000,94.49900000,92.10700000,93.48700000,49377047
OFZ 26253,W1,2025-12-07,00:00:00,93.16000000,93.74900000,92.23000000,93.69900000,10341888
OFZ 26253,W1,2025-12-14,00:00:00,93.74900000,94.38400000,92.87000000,94.19000000,9008369
OFZ 26253,W1,2025-12-21,00:00:00,94.50000000,94.59800000,93.47500000,93.69400000,16073944
OFZ 26253,W1,2025-12-28,00:00:00,93.69000000,93.89300000,92.65100000,92.89700000,5756281
OFZ 26253,W1,2026-01-04,00:00:00,92.89700000,93.23600000,92.80000000,93.13700000,1780393
OFZ 26253,W1,2026-01-11,00:00:00,93.22900000,93.48900000,93.00000000,93.23700000,749216
OFZ 26253,W1,2026-01-18,00:00:00,93.27100000,93.40100000,91.41700000,91.97900000,8119600
OFZ 26253,W1,2026-01-25,00:00:00,91.98900000,92.10000000,91.40000000,91.94400000,7940251
OFZ 26253,W1,2026-02-01,00:00:00,91.94000000,91.97800000,91.24600000,91.72900000,5224463
OFZ 26253,W1,2026-02-08,00:00:00,91.73500000,91.74800000,90.69100000,90.69100000,12962700
OFZ 26253,W1,2026-02-15,00:00:00,90.73000000,92.80500000,90.16500000,92.78900000,27048129
OFZ 26253,W1,2026-02-22,00:00:00,92.86000000,93.64000000,92.59900000,92.99900000,7522046
OFZ 26253,W1,2026-03-01,00:00:00,93.18000000,93.24500000,92.41000000,92.57500000,18262545
OFZ 26253,W1,2026-03-08,00:00:00,92.55400000,92.75000000,92.25000000,92.45000000,4820883
OFZ 26253,W1,2026-03-15,00:00:00,92.45000000,93.70700000,92.19900000,93.55600000,5631355
OFZ 26253,W1,2026-03-22,00:00:00,93.62400000,94.20900000,93.06600000,93.41000000,6350069
OFZ 26253,W1,2026-03-29,00:00:00,93.54000000,93.60900000,93.05800000,93.26100000,3883358
OFZ 26253,W1,2026-04-05,00:00:00,93.20000000,93.35000000,92.58000000,92.82500000,12023194
OFZ 26253,W1,2026-04-12,00:00:00,92.79900000,92.91900000,92.19000000,92.91500000,3341827
OFZ 26253,W1,2026-04-19,00:00:00,92.79900000,93.82900000,92.10700000,93.82800000,14950064
OFZ 26253,W1,2026-04-26,00:00:00,93.65000000,94.49900000,93.19000000,93.50000000,15680402
OFZ 26253,W1,2026-05-03,00:00:00,93.35000000,93.75200000,92.87100000,93.59900000,6494909
OFZ 26253,W1,2026-05-10,00:00:00,93.50000000,93.69700000,92.85000000,92.99700000,5243986
OFZ 26253,W1,2026-05-17,00:00:00,92.98000000,93.32000000,92.80000000,92.96700000,6770221
OFZ 26253,W1,2026-05-24,00:00:00,92.97700000,93.03900000,92.70100000,92.89600000,4011978
OFZ 26254,D1,2025-12-01,00:00:00,93.43700000,94.42000000,92.97000000,93.05000000,1084508
OFZ 26254,D1,2025-12-02,00:00:00,93.12000000,93.34500000,92.82100000,93.27000000,1320615
OFZ 26254,D1,2025-12-03,00:00:00,93.29400000,93.68500000,92.79500000,93.58800000,1967177
OFZ 26254,D1,2025-12-04,00:00:00,93.93900000,94.39700000,93.60300000,94.05000000,637287
OFZ 26254,D1,2025-12-05,00:00:00,94.21300000,94.88000000,94.12500000,94.55000000,698591
OFZ 26254,D1,2025-12-08,00:00:00,94.69900000,98.44900000,93.90000000,94.00000000,470959
OFZ 26254,D1,2025-12-09,00:00:00,94.18900000,94.30000000,92.90000000,92.99900000,2272820
OFZ 26254,D1,2025-12-10,00:00:00,93.18900000,93.55000000,92.90000000,93.55000000,9828683
OFZ 26254,D1,2025-12-11,00:00:00,93.55900000,93.84900000,93.43100000,93.76000000,4554569
OFZ 26254,D1,2025-12-12,00:00:00,93.80000000,94.15000000,93.70000000,94.11000000,2655747
OFZ 26254,D1,2025-12-15,00:00:00,94.11500000,94.45000000,93.74800000,93.83900000,2469962
OFZ 26254,D1,2025-12-16,00:00:00,94.09800000,94.09800000,93.64800000,93.79900000,3947075
OFZ 26254,D1,2025-12-17,00:00:00,93.95000000,94.15000000,93.62500000,94.10000000,1229715
OFZ 26254,D1,2025-12-18,00:00:00,94.15900000,94.24900000,93.98100000,94.19000000,952446
OFZ 26254,D1,2025-12-19,00:00:00,94.25000000,94.70000000,93.64900000,93.75000000,1394017
OFZ 26254,D1,2025-12-22,00:00:00,93.77800000,93.99500000,93.24700000,93.44800000,1283032
OFZ 26254,D1,2025-12-23,00:00:00,93.46000000,93.53700000,93.19700000,93.29500000,657319
OFZ 26254,D1,2025-12-24,00:00:00,93.39900000,93.49800000,93.05000000,93.19000000,905146
OFZ 26254,D1,2025-12-25,00:00:00,93.29500000,93.37800000,92.69900000,93.10100000,885018
OFZ 26254,D1,2025-12-26,00:00:00,93.24700000,93.34900000,92.82800000,93.00000000,946370
OFZ 26254,D1,2025-12-29,00:00:00,93.00500000,93.39300000,92.89900000,93.00000000,1219198
OFZ 26254,D1,2025-12-30,00:00:00,93.04800000,93.41000000,92.97600000,93.40900000,844428
OFZ 26254,D1,2026-01-05,00:00:00,93.41000000,93.55900000,92.93000000,93.54800000,115341
OFZ 26254,D1,2026-01-06,00:00:00,93.54900000,93.96900000,93.53000000,93.73000000,128973
OFZ 26254,D1,2026-01-08,00:00:00,93.74800000,93.96300000,93.50000000,93.59900000,88467
OFZ 26254,D1,2026-01-09,00:00:00,93.50100000,93.79100000,93.35000000,93.50000000,78572
OFZ 26254,D1,2026-01-12,00:00:00,93.51100000,93.79900000,92.64700000,92.79100000,1339415
OFZ 26254,D1,2026-01-13,00:00:00,92.86300000,92.87900000,91.99000000,92.06000000,1606577
OFZ 26254,D1,2026-01-14,00:00:00,92.17600000,92.32000000,91.50900000,92.03500000,941726
OFZ 26254,D1,2026-01-15,00:00:00,92.05500000,92.17800000,91.41000000,91.75000000,953974
OFZ 26254,D1,2026-01-16,00:00:00,91.75000000,92.19000000,91.60000000,92.07300000,992698
OFZ 26254,D1,2026-01-19,00:00:00,92.07300000,92.21700000,91.50200000,91.64900000,1721703
OFZ 26254,D1,2026-01-20,00:00:00,91.75000000,91.79300000,91.34200000,91.72800000,1472482
OFZ 26254,D1,2026-01-21,00:00:00,91.74400000,91.88000000,91.08000000,91.22800000,5138605
OFZ 26254,D1,2026-01-22,00:00:00,91.31000000,91.69400000,91.10000000,91.63900000,2581908
OFZ 26254,D1,2026-01-23,00:00:00,91.70000000,91.70900000,91.47000000,91.64400000,738718
OFZ 26254,D1,2026-01-26,00:00:00,91.68300000,91.78800000,91.13500000,91.31800000,898642
OFZ 26254,D1,2026-01-27,00:00:00,91.32900000,91.41200000,90.88500000,91.03900000,3623860
OFZ 26254,D1,2026-01-28,00:00:00,91.11000000,91.19800000,90.78100000,91.14000000,7135089
OFZ 26254,D1,2026-01-29,00:00:00,91.14100000,91.30400000,91.08000000,91.29000000,5498215
OFZ 26254,D1,2026-01-30,00:00:00,91.28900000,91.49900000,91.07000000,91.16700000,1973788
OFZ 26254,D1,2026-02-02,00:00:00,91.30300000,91.33600000,90.95100000,91.19000000,2016556
OFZ 26254,D1,2026-02-03,00:00:00,91.19300000,91.19900000,90.99700000,91.09100000,2543403
OFZ 26254,D1,2026-02-04,00:00:00,91.16900000,91.16900000,90.94300000,91.09400000,2039012
OFZ 26254,D1,2026-02-05,00:00:00,91.13700000,91.17900000,90.75900000,90.96700000,1977025
OFZ 26254,D1,2026-02-06,00:00:00,90.98600000,91.03800000,90.48000000,90.49900000,1959460
OFZ 26254,D1,2026-02-09,00:00:00,90.70000000,90.79800000,90.36000000,90.40000000,1449671
OFZ 26254,D1,2026-02-10,00:00:00,90.57200000,90.57300000,89.90000000,90.09900000,3782020
OFZ 26254,D1,2026-02-11,00:00:00,90.11000000,91.11900000,89.93700000,91.10700000,4238356
OFZ 26254,D1,2026-02-12,00:00:00,91.10700000,91.21200000,90.57500000,91.21200000,3587292
OFZ 26254,D1,2026-02-13,00:00:00,91.26900000,92.79000000,91.01100000,92.74900000,7589838
OFZ 26254,D1,2026-02-16,00:00:00,92.80000000,93.75200000,92.30000000,92.55900000,5221256
OFZ 26254,D1,2026-02-17,00:00:00,92.54000000,92.81900000,92.29700000,92.62900000,10524857
OFZ 26254,D1,2026-02-18,00:00:00,92.63500000,92.97000000,92.47000000,92.95300000,22452273
OFZ 26254,D1,2026-02-19,00:00:00,92.95300000,93.20700000,92.64500000,92.78500000,8007484
OFZ 26254,D1,2026-02-20,00:00:00,92.78500000,92.84400000,92.49500000,92.64800000,12003408
OFZ 26254,D1,2026-02-24,00:00:00,92.80000000,92.94800000,92.52000000,92.58000000,4414835
OFZ 26254,D1,2026-02-25,00:00:00,92.60200000,92.77400000,92.34800000,92.40100000,5453254
OFZ 26254,D1,2026-02-26,00:00:00,92.42000000,92.57700000,92.08900000,92.18300000,5411747
OFZ 26254,D1,2026-02-27,00:00:00,92.26000000,92.49900000,92.09900000,92.38900000,4047945
OFZ 26254,D1,2026-03-02,00:00:00,92.30000000,92.49200000,92.18000000,92.34600000,3096078
OFZ 26254,D1,2026-03-03,00:00:00,92.38900000,92.44300000,92.12000000,92.23500000,4788247
OFZ 26254,D1,2026-03-04,00:00:00,92.25000000,92.39500000,91.92100000,92.19000000,7559449
OFZ 26254,D1,2026-03-05,00:00:00,92.19000000,92.24400000,91.92000000,92.04400000,3809383
OFZ 26254,D1,2026-03-06,00:00:00,92.07000000,92.17200000,91.89900000,92.04700000,4473899
OFZ 26254,D1,2026-03-09,00:00:00,92.04700000,92.32300000,92.04400000,92.23900000,1576393
OFZ 26254,D1,2026-03-10,00:00:00,92.29700000,92.41900000,91.90200000,91.94500000,4499977
OFZ 26254,D1,2026-03-11,00:00:00,92.04000000,92.04900000,91.70000000,91.91600000,8227711
OFZ 26254,D1,2026-03-12,00:00:00,91.92900000,92.64000000,91.86100000,92.55000000,16057267
OFZ 26254,D1,2026-03-13,00:00:00,92.55100000,93.25300000,92.55100000,93.24000000,13669806
OFZ 26254,D1,2026-03-16,00:00:00,93.25100000,93.74000000,93.19800000,93.36900000,6269830
OFZ 26254,D1,2026-03-17,00:00:00,93.37000000,93.46000000,92.90000000,92.99000000,5913833
OFZ 26254,D1,2026-03-18,00:00:00,92.99000000,93.16000000,92.91500000,93.12900000,6600392
OFZ 26254,D1,2026-03-19,00:00:00,93.17900000,93.23800000,92.59500000,93.08400000,5052702
OFZ 26254,D1,2026-03-20,00:00:00,93.09900000,93.47900000,92.95000000,93.03900000,5766195
OFZ 26254,D1,2026-03-23,00:00:00,93.03900000,93.21700000,92.77200000,92.90000000,1806022
OFZ 26254,D1,2026-03-24,00:00:00,92.90100000,93.12000000,92.79300000,92.82000000,2926061
OFZ 26254,D1,2026-03-25,00:00:00,92.99600000,93.06700000,92.78000000,92.93400000,2608812
OFZ 26254,D1,2026-03-26,00:00:00,92.93000000,92.99700000,92.66000000,92.82000000,2066989
OFZ 26254,D1,2026-03-27,00:00:00,92.82900000,92.82900000,92.52800000,92.74000000,2682196
OFZ 26254,D1,2026-03-28,00:00:00,92.79600000,92.79700000,92.70400000,92.74700000,150777
OFZ 26254,D1,2026-03-29,00:00:00,92.79900000,92.89900000,92.73200000,92.84000000,163419
OFZ 26254,D1,2026-03-30,00:00:00,92.79600000,92.89900000,92.61800000,92.76000000,4088811
OFZ 26254,D1,2026-03-31,00:00:00,92.70000000,92.95000000,92.62000000,92.74200000,7188070
OFZ 26254,D1,2026-04-01,00:00:00,92.81300000,92.81300000,92.59000000,92.69900000,1910764
OFZ 26254,D1,2026-04-02,00:00:00,92.74200000,92.82000000,92.58000000,92.63700000,1440822
OFZ 26254,D1,2026-04-03,00:00:00,92.64000000,92.66200000,92.28500000,92.39800000,3627955
OFZ 26254,D1,2026-04-04,00:00:00,92.49400000,92.49500000,92.35000000,92.42100000,182370
OFZ 26254,D1,2026-04-05,00:00:00,92.42100000,92.46900000,92.40300000,92.42800000,116872
OFZ 26254,D1,2026-04-06,00:00:00,92.49400000,92.49700000,92.18900000,92.29500000,2873799
OFZ 26254,D1,2026-04-07,00:00:00,92.35000000,92.39000000,91.97000000,92.09400000,5764940
OFZ 26254,D1,2026-04-08,00:00:00,92.09500000,92.19900000,91.76600000,91.88400000,8446649
OFZ 26254,D1,2026-04-09,00:00:00,91.90000000,92.01400000,91.64000000,91.91000000,7206128
OFZ 26254,D1,2026-04-10,00:00:00,91.98700000,92.35000000,91.80000000,92.30000000,6114036
OFZ 26254,D1,2026-04-11,00:00:00,92.33800000,92.49300000,92.28000000,92.46800000,281325
OFZ 26254,D1,2026-04-12,00:00:00,92.46900000,92.50900000,92.40000000,92.44300000,122007
OFZ 26254,D1,2026-04-13,00:00:00,92.33800000,92.54800000,92.07100000,92.27700000,1709622
OFZ 26254,D1,2026-04-14,00:00:00,92.31900000,92.33500000,91.94900000,92.09800000,2015096
OFZ 26254,D1,2026-04-15,00:00:00,92.14700000,93.16000000,91.98100000,93.15500000,3021159
OFZ 26254,D1,2026-04-16,00:00:00,93.18000000,93.50000000,92.90100000,93.49000000,5620838
OFZ 26254,D1,2026-04-17,00:00:00,93.48800000,93.50000000,93.10100000,93.38700000,2217912
OFZ 26254,D1,2026-04-18,00:00:00,93.39000000,93.54600000,93.34300000,93.48000000,214244
OFZ 26254,D1,2026-04-19,00:00:00,93.48000000,93.60000000,93.47300000,93.59500000,138575
OFZ 26254,D1,2026-04-20,00:00:00,93.39000000,93.63900000,93.20600000,93.58500000,4453399
OFZ 26254,D1,2026-04-21,00:00:00,93.60000000,93.71900000,93.19800000,93.34500000,8120872
OFZ 26254,D1,2026-04-22,00:00:00,93.34600000,94.13000000,93.29000000,94.06000000,12696311
OFZ 26254,D1,2026-04-23,00:00:00,94.12500000,94.13000000,93.65000000,93.92800000,13463396
OFZ 26254,D1,2026-04-24,00:00:00,93.99600000,93.99600000,92.75000000,92.99000000,20511622
OFZ 26254,D1,2026-04-25,00:00:00,93.07900000,93.19000000,93.03000000,93.19000000,370650
OFZ 26254,D1,2026-04-26,00:00:00,93.19000000,93.30000000,93.11200000,93.22000000,301876
OFZ 26254,D1,2026-04-27,00:00:00,93.07900000,93.30000000,92.61000000,92.77300000,5794808
OFZ 26254,D1,2026-04-28,00:00:00,92.77300000,92.88600000,92.55000000,92.75000000,6842632
OFZ 26254,D1,2026-04-29,00:00:00,92.75100000,93.02000000,92.62500000,92.92300000,3586846
OFZ 26254,D1,2026-04-30,00:00:00,92.92200000,93.19200000,92.82500000,93.14800000,2573498
OFZ 26254,D1,2026-05-02,00:00:00,93.23700000,93.30100000,93.23600000,93.28600000,214787
OFZ 26254,D1,2026-05-03,00:00:00,93.29400000,93.30600000,93.11100000,93.18200000,221525
OFZ 26254,D1,2026-05-04,00:00:00,93.14800000,93.30600000,92.88600000,93.02700000,3225449
OFZ 26254,D1,2026-05-05,00:00:00,93.10000000,93.12700000,92.79700000,92.83800000,2575408
OFZ 26254,D1,2026-05-06,00:00:00,92.96700000,92.96700000,92.73500000,92.82000000,2645688
OFZ 26254,D1,2026-05-07,00:00:00,92.87500000,92.99900000,92.72000000,92.74000000,1780629
OFZ 26254,D1,2026-05-08,00:00:00,92.77700000,92.82800000,92.54800000,92.74900000,1952822
OFZ 26254,D1,2026-05-11,00:00:00,92.80000000,92.99900000,92.70400000,92.87000000,781240
OFZ 26254,D1,2026-05-12,00:00:00,92.98600000,92.98800000,92.62500000,92.63800000,2150407
OFZ 26254,D1,2026-05-13,00:00:00,92.67000000,92.79500000,92.63000000,92.77700000,2428283
OFZ 26254,D1,2026-05-14,00:00:00,92.77800000,92.85700000,92.53900000,92.58300000,2710786
OFZ 26254,D1,2026-05-15,00:00:00,92.59400000,92.74200000,92.53100000,92.70000000,3619330
OFZ 26254,D1,2026-05-16,00:00:00,92.70000000,92.79800000,92.65000000,92.67900000,149298
OFZ 26254,D1,2026-05-17,00:00:00,92.74700000,92.74700000,92.63800000,92.68500000,134164
OFZ 26254,D1,2026-05-18,00:00:00,92.70000000,92.79800000,92.48300000,92.58400000,2269331
OFZ 26254,D1,2026-05-19,00:00:00,92.58200000,92.58200000,92.44000000,92.46000000,1912381
OFZ 26254,D1,2026-05-20,00:00:00,92.57000000,92.58400000,92.38000000,92.55800000,2091901
OFZ 26254,D1,2026-05-21,00:00:00,92.58400000,92.58500000,92.42000000,92.58000000,1352480
OFZ 26254,D1,2026-05-22,00:00:00,92.58000000,92.59800000,92.45000000,92.49900000,1565621
OFZ 26254,D1,2026-05-23,00:00:00,92.58100000,92.58300000,92.49800000,92.54900000,132865
OFZ 26254,D1,2026-05-24,00:00:00,92.54900000,92.57800000,92.49700000,92.53000000,79954
OFZ 26254,D1,2026-05-25,00:00:00,92.58100000,92.60000000,92.19800000,92.29900000,2370436
OFZ 26254,D1,2026-05-26,00:00:00,92.39900000,92.40500000,91.91600000,92.14400000,4226059
OFZ 26254,D1,2026-05-27,00:00:00,92.10000000,92.15700000,92.01900000,92.14800000,3477564
OFZ 26254,D1,2026-05-28,00:00:00,92.17900000,92.25800000,92.08300000,92.23800000,1270648
OFZ 26254,D1,2026-05-29,00:00:00,92.23700000,92.29900000,92.05500000,92.14700000,3163365
OFZ 26254,D1,2026-05-30,00:00:00,92.14700000,92.29900000,92.14700000,92.20000000,113963
OFZ 26254,D1,2026-05-31,00:00:00,92.23900000,92.28800000,92.16800000,92.24800000,133272
OFZ 26254,MN1,2025-12-31,00:00:00,93.43700000,98.44900000,92.69900000,93.40900000,42224682
OFZ 26254,MN1,2026-01-31,00:00:00,93.41000000,93.96900000,90.78100000,91.16700000,37028753
OFZ 26254,MN1,2026-02-28,00:00:00,91.30300000,93.75200000,89.90000000,92.38900000,108719692
OFZ 26254,MN1,2026-03-31,00:00:00,92.30000000,93.74000000,91.70000000,92.74200000,121042319
OFZ 26254,MN1,2026-04-30,00:00:00,92.81300000,94.13000000,91.64000000,93.14800000,131741023
OFZ 26254,W1,2025-12-07,00:00:00,93.43700000,94.88000000,92.79500000,94.55000000,5708178
OFZ 26254,W1,2025-12-14,00:00:00,94.69900000,98.44900000,92.90000000,94.11000000,19782778
OFZ 26254,W1,2025-12-21,00:00:00,94.11500000,94.70000000,93.62500000,93.75000000,9993215
OFZ 26254,W1,2025-12-28,00:00:00,93.77800000,93.99500000,92.69900000,93.00000000,4676885
OFZ 26254,W1,2026-01-04,00:00:00,93.00500000,93.41000000,92.89900000,93.40900000,2063626
OFZ 26254,W1,2026-01-11,00:00:00,93.41000000,93.96900000,92.93000000,93.50000000,411353
OFZ 26254,W1,2026-01-18,00:00:00,93.51100000,93.79900000,91.41000000,92.07300000,5834390
OFZ 26254,W1,2026-01-25,00:00:00,92.07300000,92.21700000,91.08000000,91.64400000,11653416
OFZ 26254,W1,2026-02-01,00:00:00,91.68300000,91.78800000,90.78100000,91.16700000,19129594
OFZ 26254,W1,2026-02-08,00:00:00,91.30300000,91.33600000,90.48000000,90.49900000,10535456
OFZ 26254,W1,2026-02-15,00:00:00,90.70000000,92.79000000,89.90000000,92.74900000,20647177
OFZ 26254,W1,2026-02-22,00:00:00,92.80000000,93.75200000,92.29700000,92.64800000,58209278
OFZ 26254,W1,2026-03-01,00:00:00,92.80000000,92.94800000,92.08900000,92.38900000,19327781
OFZ 26254,W1,2026-03-08,00:00:00,92.30000000,92.49200000,91.89900000,92.04700000,23727056
OFZ 26254,W1,2026-03-15,00:00:00,92.04700000,93.25300000,91.70000000,93.24000000,44031154
OFZ 26254,W1,2026-03-22,00:00:00,93.25100000,93.74000000,92.59500000,93.03900000,29602952
OFZ 26254,W1,2026-03-29,00:00:00,93.03900000,93.21700000,92.52800000,92.84000000,12404276
OFZ 26254,W1,2026-04-05,00:00:00,92.79600000,92.95000000,92.28500000,92.42800000,18555664
OFZ 26254,W1,2026-04-12,00:00:00,92.49400000,92.50900000,91.64000000,92.44300000,30808884
OFZ 26254,W1,2026-04-19,00:00:00,92.33800000,93.60000000,91.94900000,93.59500000,14937446
OFZ 26254,W1,2026-04-26,00:00:00,93.39000000,94.13000000,92.75000000,93.22000000,59918126
OFZ 26254,W1,2026-05-03,00:00:00,93.07900000,93.30600000,92.55000000,93.18200000,19234096
OFZ 26254,W1,2026-05-10,00:00:00,93.14800000,93.30600000,92.54800000,92.74900000,12179996
OFZ 26254,W1,2026-05-17,00:00:00,92.80000000,92.99900000,92.53100000,92.68500000,11973508
OFZ 26254,W1,2026-05-24,00:00:00,92.70000000,92.79800000,92.38000000,92.53000000,9404533
OFZ 29 CNY,D1,2025-12-08,00:00:00,101.00000000,101.29000000,100.50000000,100.90000000,648
OFZ 29 CNY,D1,2025-12-09,00:00:00,100.61000000,102.01300000,100.20000000,102.00000000,2954
OFZ 29 CNY,D1,2025-12-10,00:00:00,101.94500000,103.49900000,101.30000000,103.30000000,6913
OFZ 29 CNY,D1,2025-12-11,00:00:00,104.90000000,104.90000000,101.80000000,103.00000000,440
OFZ 29 CNY,D1,2025-12-12,00:00:00,101.20000000,102.10000000,100.50000000,100.90000000,2192
OFZ 29 CNY,D1,2025-12-15,00:00:00,100.51000000,100.87000000,99.82000000,100.86700000,302
OFZ 29 CNY,D1,2025-12-16,00:00:00,101.00000000,101.16500000,100.75900000,101.00000000,547
OFZ 29 CNY,D1,2025-12-17,00:00:00,101.50000000,101.90000000,101.10000000,101.47900000,719
OFZ 29 CNY,D1,2025-12-18,00:00:00,102.80000000,102.89900000,99.82500000,100.56000000,5219
OFZ 29 CNY,D1,2025-12-19,00:00:00,102.85000000,102.85000000,100.10000000,100.45000000,6412
OFZ 29 CNY,D1,2025-12-22,00:00:00,99.90000000,100.40000000,97.41000000,97.50100000,4319
OFZ 29 CNY,D1,2025-12-23,00:00:00,99.74700000,100.50000000,99.21000000,99.40600000,1393
OFZ 29 CNY,D1,2025-12-24,00:00:00,102.27100000,102.27200000,100.50000000,101.00000000,1495
OFZ 29 CNY,D1,2025-12-25,00:00:00,100.10300000,100.95700000,99.00000000,99.80000000,3981
OFZ 29 CNY,D1,2025-12-26,00:00:00,99.84100000,100.99700000,99.80000000,100.50000000,818
OFZ 29 CNY,D1,2025-12-29,00:00:00,102.90000000,102.90000000,100.44100000,102.50000000,1817
OFZ 29 CNY,D1,2025-12-30,00:00:00,101.23100000,102.89900000,100.01100000,102.71500000,479
OFZ 29 CNY,D1,2026-01-05,00:00:00,102.80000000,103.20000000,102.10000000,103.20000000,213
OFZ 29 CNY,D1,2026-01-06,00:00:00,104.30000000,104.30000000,102.89900000,102.89900000,70
OFZ 29 CNY,D1,2026-01-08,00:00:00,103.00000000,103.00000000,102.86800000,102.89800000,7
OFZ 29 CNY,D1,2026-01-09,00:00:00,101.75900000,101.90000000,101.44200000,101.44200000,83
OFZ 29 CNY,D1,2026-01-12,00:00:00,102.00000000,102.56000000,101.88300000,102.56000000,634
OFZ 29 CNY,D1,2026-01-13,00:00:00,102.00000000,102.63500000,100.90700000,101.30000000,295
OFZ 29 CNY,D1,2026-01-14,00:00:00,101.30000000,101.60000000,100.56400000,100.88200000,374
OFZ 29 CNY,D1,2026-01-15,00:00:00,100.07300000,102.00000000,100.07300000,102.00000000,1452
OFZ 29 CNY,D1,2026-01-16,00:00:00,100.00100000,101.09700000,100.00100000,101.06300000,540
OFZ 29 CNY,D1,2026-01-19,00:00:00,102.44700000,102.44700000,101.10200000,101.30000000,996
OFZ 29 CNY,D1,2026-01-20,00:00:00,101.40000000,101.89800000,101.00100000,101.89800000,72
OFZ 29 CNY,D1,2026-01-21,00:00:00,102.73800000,103.00000000,99.99000000,100.60500000,415
OFZ 29 CNY,D1,2026-01-22,00:00:00,100.05100000,101.22500000,99.00000000,101.22500000,2517
OFZ 29 CNY,D1,2026-01-23,00:00:00,98.48100000,102.65000000,98.48100000,102.41000000,692
OFZ 29 CNY,D1,2026-01-26,00:00:00,100.97100000,103.24900000,100.97100000,102.65100000,1180
OFZ 29 CNY,D1,2026-01-27,00:00:00,102.00000000,102.46600000,101.85000000,102.46600000,260
OFZ 29 CNY,D1,2026-01-28,00:00:00,101.00000000,102.68500000,101.00000000,102.24500000,286
OFZ 29 CNY,D1,2026-01-29,00:00:00,102.40000000,102.40000000,100.50100000,100.97500000,516
OFZ 29 CNY,D1,2026-01-30,00:00:00,103.89900000,103.89900000,101.75000000,102.77000000,81
OFZ 29 CNY,D1,2026-02-02,00:00:00,103.89000000,105.36400000,102.25000000,103.45200000,85
OFZ 29 CNY,D1,2026-02-03,00:00:00,103.50000000,103.50000000,102.22400000,102.99000000,74
OFZ 29 CNY,D1,2026-02-04,00:00:00,103.09900000,103.33900000,101.68400000,102.29500000,107
OFZ 29 CNY,D1,2026-02-05,00:00:00,101.80100000,102.83200000,101.78800000,102.42900000,325
OFZ 29 CNY,D1,2026-02-06,00:00:00,103.70000000,104.58200000,101.76600000,103.43200000,351
OFZ 29 CNY,D1,2026-02-09,00:00:00,102.40000000,102.58500000,101.25100000,102.20000000,212
OFZ 29 CNY,D1,2026-02-10,00:00:00,100.40100000,101.90000000,100.40100000,101.28800000,256
OFZ 29 CNY,D1,2026-02-11,00:00:00,101.30000000,101.30000000,100.40000000,100.45500000,198
OFZ 29 CNY,D1,2026-02-12,00:00:00,103.98900000,103.98900000,100.02300000,100.70000000,378
OFZ 29 CNY,D1,2026-02-13,00:00:00,101.99900000,101.99900000,99.02600000,99.80500000,417
OFZ 29 CNY,D1,2026-02-16,00:00:00,100.78200000,101.41900000,99.88000000,101.41900000,454
OFZ 29 CNY,D1,2026-02-17,00:00:00,101.05000000,101.49300000,100.00000000,100.59900000,351
OFZ 29 CNY,D1,2026-02-18,00:00:00,100.85800000,101.20000000,99.99700000,101.20000000,212
OFZ 29 CNY,D1,2026-02-19,00:00:00,101.99800000,101.99800000,100.75000000,100.75000000,233
OFZ 29 CNY,D1,2026-02-20,00:00:00,100.75000000,101.29700000,99.85000000,100.45000000,670
OFZ 29 CNY,D1,2026-02-24,00:00:00,101.00000000,101.20000000,99.55000000,99.79900000,434
OFZ 29 CNY,D1,2026-02-25,00:00:00,99.95500000,102.99900000,99.50000000,101.55200000,504
OFZ 29 CNY,D1,2026-02-26,00:00:00,102.00000000,103.44000000,100.25000000,100.74900000,3360
OFZ 29 CNY,D1,2026-02-27,00:00:00,100.18000000,100.18800000,99.00000000,99.71500000,841
OFZ 29 CNY,D1,2026-03-02,00:00:00,99.79800000,100.08000000,98.99900000,99.56000000,865
OFZ 29 CNY,D1,2026-03-03,00:00:00,100.52400000,100.52400000,99.70000000,99.79800000,129
OFZ 29 CNY,D1,2026-03-04,00:00:00,99.94800000,100.70000000,99.25000000,100.34000000,1199
OFZ 29 CNY,D1,2026-03-05,00:00:00,100.62700000,101.62000000,100.04800000,101.25000000,622
OFZ 29 CNY,D1,2026-03-06,00:00:00,101.48700000,101.55700000,100.00000000,100.30000000,185
OFZ 29 CNY,D1,2026-03-09,00:00:00,100.30100000,100.30100000,97.00100000,99.00000000,324
OFZ 29 CNY,D1,2026-03-10,00:00:00,99.00000000,100.48900000,99.00000000,100.00000000,440
OFZ 29 CNY,D1,2026-03-11,00:00:00,100.24900000,100.42000000,99.97500000,100.40000000,5612
OFZ 29 CNY,D1,2026-03-12,00:00:00,99.50300000,100.30000000,99.30300000,100.19900000,3701
OFZ 29 CNY,D1,2026-03-13,00:00:00,100.25000000,100.38300000,99.90000000,100.38200000,1574
OFZ 29 CNY,D1,2026-03-16,00:00:00,99.00200000,100.30000000,99.00100000,99.59100000,2474
OFZ 29 CNY,D1,2026-03-17,00:00:00,100.20000000,100.41800000,99.00000000,100.00000000,850
OFZ 29 CNY,D1,2026-03-18,00:00:00,100.20000000,100.20000000,99.05100000,99.49400000,497
OFZ 29 CNY,D1,2026-03-19,00:00:00,99.00100000,99.99900000,97.50000000,98.69000000,1130
OFZ 29 CNY,D1,2026-03-20,00:00:00,96.40000000,97.39700000,95.35000000,96.14800000,8062
OFZ 29 CNY,D1,2026-03-23,00:00:00,98.60000000,98.78000000,95.50000000,95.70000000,1230
OFZ 29 CNY,D1,2026-03-24,00:00:00,97.49900000,98.50000000,96.65300000,96.87600000,420
OFZ 29 CNY,D1,2026-03-25,00:00:00,98.00000000,99.70000000,96.60000000,99.50000000,1364
OFZ 29 CNY,D1,2026-03-26,00:00:00,100.48000000,100.90000000,98.07900000,98.30100000,2850
OFZ 29 CNY,D1,2026-03-27,00:00:00,97.39900000,98.65000000,96.80000000,96.80000000,1208
OFZ 29 CNY,D1,2026-03-28,00:00:00,99.29900000,99.39000000,99.08900000,99.39000000,9
OFZ 29 CNY,D1,2026-03-29,00:00:00,98.05300000,99.10000000,98.05300000,99.10000000,2
OFZ 29 CNY,D1,2026-03-30,00:00:00,99.29900000,99.74900000,98.05300000,99.40400000,507
OFZ 29 CNY,D1,2026-03-31,00:00:00,98.72500000,100.70000000,98.72500000,99.69900000,508
OFZ 29 CNY,D1,2026-04-01,00:00:00,99.22700000,99.60000000,98.74000000,98.80000000,138
OFZ 29 CNY,D1,2026-04-02,00:00:00,99.00300000,99.50000000,98.82300000,99.50000000,504
OFZ 29 CNY,D1,2026-04-03,00:00:00,99.42100000,99.42100000,98.80000000,98.80000000,61
OFZ 29 CNY,D1,2026-04-04,00:00:00,98.32300000,101.95100000,98.32300000,101.95100000,7
OFZ 29 CNY,D1,2026-04-05,00:00:00,98.50100000,98.50100000,98.50100000,98.50100000,5
OFZ 29 CNY,D1,2026-04-06,00:00:00,98.32300000,101.95100000,97.93700000,98.75800000,1249
OFZ 29 CNY,D1,2026-04-07,00:00:00,100.49000000,100.49000000,99.00000000,99.29600000,2325
OFZ 29 CNY,D1,2026-04-08,00:00:00,99.68500000,100.30000000,99.45000000,99.55000000,3926
OFZ 29 CNY,D1,2026-04-09,00:00:00,100.43400000,100.43400000,98.94000000,99.48300000,194
OFZ 29 CNY,D1,2026-04-10,00:00:00,99.57400000,99.99400000,99.10100000,99.88000000,81
OFZ 29 CNY,D1,2026-04-11,00:00:00,100.78100000,100.78100000,100.33600000,100.33600000,2
OFZ 29 CNY,D1,2026-04-12,00:00:00,100.15000000,100.15000000,99.90000000,99.90000000,3
OFZ 29 CNY,D1,2026-04-13,00:00:00,100.78100000,100.78100000,99.00000000,99.69400000,1309
OFZ 29 CNY,D1,2026-04-14,00:00:00,99.90100000,100.07900000,99.30000000,99.30100000,4373
OFZ 29 CNY,D1,2026-04-15,00:00:00,99.60000000,100.83900000,99.30200000,100.75000000,92
OFZ 29 CNY,D1,2026-04-16,00:00:00,100.83200000,102.39400000,100.51000000,101.61500000,398
OFZ 29 CNY,D1,2026-04-17,00:00:00,100.15000000,100.74900000,100.15000000,100.34400000,232
OFZ 29 CNY,D1,2026-04-18,00:00:00,100.13100000,100.87900000,100.13100000,100.87900000,4
OFZ 29 CNY,D1,2026-04-20,00:00:00,100.13100000,100.87900000,99.16100000,99.16100000,246
OFZ 29 CNY,D1,2026-04-21,00:00:00,100.99500000,100.99500000,99.34400000,99.93100000,14
OFZ 29 CNY,D1,2026-04-22,00:00:00,100.30000000,101.47900000,100.30000000,100.88800000,95
OFZ 29 CNY,D1,2026-04-23,00:00:00,100.70100000,101.90900000,100.10000000,101.45500000,119
OFZ 29 CNY,D1,2026-04-24,00:00:00,103.70900000,103.70900000,101.01600000,101.24900000,66
OFZ 29 CNY,D1,2026-04-25,00:00:00,100.99900000,100.99900000,100.66200000,100.99600000,5
OFZ 29 CNY,D1,2026-04-26,00:00:00,100.52500000,100.99800000,100.52500000,100.99800000,4
OFZ 29 CNY,D1,2026-04-27,00:00:00,100.99900000,100.99900000,100.00000000,100.29500000,191
OFZ 29 CNY,D1,2026-04-28,00:00:00,100.68100000,101.00100000,100.64100000,101.00000000,965
OFZ 29 CNY,D1,2026-04-29,00:00:00,101.00000000,101.85900000,100.00000000,100.29700000,628
OFZ 29 CNY,D1,2026-04-30,00:00:00,101.21700000,101.21700000,100.35800000,100.73800000,60
OFZ 29 CNY,D1,2026-05-03,00:00:00,100.91700000,100.91700000,100.91700000,100.91700000,1
OFZ 29 CNY,D1,2026-05-04,00:00:00,100.37300000,101.64800000,100.37300000,101.64800000,103
OFZ 29 CNY,D1,2026-05-05,00:00:00,102.29900000,102.29900000,100.14200000,100.90000000,431
OFZ 29 CNY,D1,2026-05-06,00:00:00,101.23800000,101.23800000,99.16300000,100.00400000,134
OFZ 29 CNY,D1,2026-05-07,00:00:00,100.24000000,100.48200000,100.16000000,100.29800000,47
OFZ 29 CNY,D1,2026-05-08,00:00:00,100.05100000,100.52900000,100.00000000,100.46000000,59
OFZ 29 CNY,D1,2026-05-11,00:00:00,100.25600000,100.25600000,99.90800000,99.90800000,778
OFZ 29 CNY,D1,2026-05-12,00:00:00,99.89000000,100.33100000,99.81300000,100.29600000,67
OFZ 29 CNY,D1,2026-05-13,00:00:00,100.44100000,100.71000000,100.03500000,100.31900000,55
OFZ 29 CNY,D1,2026-05-14,00:00:00,100.43100000,100.87500000,100.35000000,100.50100000,230
OFZ 29 CNY,D1,2026-05-15,00:00:00,101.40000000,101.40000000,99.68900000,100.00000000,3498
OFZ 29 CNY,D1,2026-05-16,00:00:00,99.80700000,100.79500000,99.80700000,100.79500000,2
OFZ 29 CNY,D1,2026-05-18,00:00:00,99.80700000,100.79500000,99.50000000,99.50000000,773
OFZ 29 CNY,D1,2026-05-19,00:00:00,101.97500000,101.97500000,98.16600000,98.48900000,7003
OFZ 29 CNY,D1,2026-05-20,00:00:00,99.39300000,101.19800000,99.20900000,101.02200000,317
OFZ 29 CNY,D1,2026-05-21,00:00:00,101.45300000,101.72500000,100.80100000,101.64000000,203
OFZ 29 CNY,D1,2026-05-22,00:00:00,102.37800000,103.09900000,101.90100000,102.66500000,87
OFZ 29 CNY,D1,2026-05-23,00:00:00,102.50000000,102.50100000,101.30100000,101.92300000,12
OFZ 29 CNY,D1,2026-05-24,00:00:00,102.21800000,102.21800000,102.21800000,102.21800000,1
OFZ 29 CNY,D1,2026-05-25,00:00:00,102.50000000,102.50100000,101.30100000,102.10000000,173
OFZ 29 CNY,D1,2026-05-26,00:00:00,102.00000000,102.00000000,100.68200000,100.84700000,484
OFZ 29 CNY,D1,2026-05-27,00:00:00,100.00100000,101.10000000,99.71200000,100.80000000,239
OFZ 29 CNY,D1,2026-05-28,00:00:00,101.89700000,101.89700000,101.00000000,101.78900000,671
OFZ 29 CNY,D1,2026-05-29,00:00:00,101.67200000,101.99600000,101.63600000,101.63600000,198
OFZ 29 CNY,D1,2026-05-30,00:00:00,102.00000000,102.00000000,102.00000000,102.00000000,2
OFZ 29 CNY,MN1,2025-12-31,00:00:00,101.00000000,104.90000000,97.41000000,102.71500000,40648
OFZ 29 CNY,MN1,2026-01-31,00:00:00,102.80000000,104.30000000,98.48100000,102.77000000,10683
OFZ 29 CNY,MN1,2026-02-28,00:00:00,103.89000000,105.36400000,99.00000000,99.71500000,9462
OFZ 29 CNY,MN1,2026-03-31,00:00:00,99.79800000,101.62000000,95.35000000,99.69900000,35762
OFZ 29 CNY,MN1,2026-04-30,00:00:00,99.22700000,103.70900000,97.93700000,100.73800000,17296
OFZ 29 CNY,W1,2025-12-14,00:00:00,101.00000000,104.90000000,100.20000000,100.90000000,13147
OFZ 29 CNY,W1,2025-12-21,00:00:00,100.51000000,102.89900000,99.82000000,100.45000000,13199
OFZ 29 CNY,W1,2025-12-28,00:00:00,99.90000000,102.27200000,97.41000000,100.50000000,12006
OFZ 29 CNY,W1,2026-01-04,00:00:00,102.90000000,102.90000000,100.01100000,102.71500000,2296
OFZ 29 CNY,W1,2026-01-11,00:00:00,102.80000000,104.30000000,101.44200000,101.44200000,373
OFZ 29 CNY,W1,2026-01-18,00:00:00,102.00000000,102.63500000,100.00100000,101.06300000,3295
OFZ 29 CNY,W1,2026-01-25,00:00:00,102.44700000,103.00000000,98.48100000,102.41000000,4692
OFZ 29 CNY,W1,2026-02-01,00:00:00,100.97100000,103.89900000,100.50100000,102.77000000,2323
OFZ 29 CNY,W1,2026-02-08,00:00:00,103.89000000,105.36400000,101.68400000,103.43200000,942
OFZ 29 CNY,W1,2026-02-15,00:00:00,102.40000000,103.98900000,99.02600000,99.80500000,1461
OFZ 29 CNY,W1,2026-02-22,00:00:00,100.78200000,101.99800000,99.85000000,100.45000000,1920
OFZ 29 CNY,W1,2026-03-01,00:00:00,101.00000000,103.44000000,99.00000000,99.71500000,5139
OFZ 29 CNY,W1,2026-03-08,00:00:00,99.79800000,101.62000000,98.99900000,100.30000000,3000
OFZ 29 CNY,W1,2026-03-15,00:00:00,100.30100000,100.48900000,97.00100000,100.38200000,11651
OFZ 29 CNY,W1,2026-03-22,00:00:00,99.00200000,100.41800000,95.35000000,96.14800000,13013
OFZ 29 CNY,W1,2026-03-29,00:00:00,98.60000000,100.90000000,95.50000000,99.10000000,7083
OFZ 29 CNY,W1,2026-04-05,00:00:00,99.29900000,101.95100000,98.05300000,98.50100000,1730
OFZ 29 CNY,W1,2026-04-12,00:00:00,98.32300000,101.95100000,97.93700000,99.90000000,7780
OFZ 29 CNY,W1,2026-04-19,00:00:00,100.78100000,102.39400000,99.00000000,100.87900000,6408
OFZ 29 CNY,W1,2026-04-26,00:00:00,100.13100000,103.70900000,99.16100000,100.99800000,549
OFZ 29 CNY,W1,2026-05-03,00:00:00,100.99900000,101.85900000,100.00000000,100.91700000,1845
OFZ 29 CNY,W1,2026-05-10,00:00:00,100.37300000,102.29900000,99.16300000,100.46000000,774
OFZ 29 CNY,W1,2026-05-17,00:00:00,100.25600000,101.40000000,99.68900000,100.79500000,4630
OFZ 29 CNY,W1,2026-05-24,00:00:00,99.80700000,103.09900000,98.16600000,102.21800000,8396
OFZ 29007,D1,2025-12-01,00:00:00,103.70700000,103.94800000,103.61300000,103.72900000,18189
OFZ 29007,D1,2025-12-02,00:00:00,103.70100000,103.94400000,103.50000000,103.70000000,20869
OFZ 29007,D1,2025-12-03,00:00:00,103.70000000,103.89900000,103.66300000,103.74900000,48299
OFZ 29007,D1,2025-12-04,00:00:00,103.70500000,103.85200000,103.63700000,103.71900000,23210
OFZ 29007,D1,2025-12-05,00:00:00,103.79000000,103.79000000,103.71000000,103.73500000,52739
OFZ 29007,D1,2025-12-08,00:00:00,103.73600000,103.84800000,103.58800000,103.73900000,20368
OFZ 29007,D1,2025-12-09,00:00:00,103.85700000,103.85700000,103.62000000,103.70800000,117074
OFZ 29007,D1,2025-12-10,00:00:00,103.72800000,103.83900000,103.61800000,103.83900000,32881
OFZ 29007,D1,2025-12-11,00:00:00,103.80000000,103.84900000,103.51000000,103.70200000,27920
OFZ 29007,D1,2025-12-12,00:00:00,103.65000000,103.78000000,103.55700000,103.71700000,20077
OFZ 29007,D1,2025-12-15,00:00:00,103.71900000,103.82300000,103.62300000,103.76600000,32253
OFZ 29007,D1,2025-12-16,00:00:00,103.79900000,103.79900000,103.55800000,103.68100000,31684
OFZ 29007,D1,2025-12-17,00:00:00,103.68100000,103.79900000,103.56200000,103.76000000,42470
OFZ 29007,D1,2025-12-18,00:00:00,103.76000000,103.82100000,103.57600000,103.79900000,34929
OFZ 29007,D1,2025-12-19,00:00:00,103.65800000,103.82800000,103.60300000,103.77000000,29918
OFZ 29007,D1,2025-12-22,00:00:00,103.82500000,103.82500000,103.50000000,103.79300000,34236
OFZ 29007,D1,2025-12-23,00:00:00,103.79900000,103.79900000,103.35000000,103.76600000,30237
OFZ 29007,D1,2025-12-24,00:00:00,103.77800000,103.77800000,103.49000000,103.65800000,39878
OFZ 29007,D1,2025-12-25,00:00:00,103.65800000,103.70800000,103.33100000,103.66500000,70956
OFZ 29007,D1,2025-12-26,00:00:00,103.60100000,103.73400000,103.34000000,103.59900000,45674
OFZ 29007,D1,2025-12-29,00:00:00,103.59900000,103.59900000,102.98600000,103.10600000,184218
OFZ 29007,D1,2025-12-30,00:00:00,103.19600000,103.34600000,102.60000000,102.97900000,84181
OFZ 29007,D1,2026-01-05,00:00:00,103.19600000,103.34400000,102.80000000,103.20000000,17955
OFZ 29007,D1,2026-01-06,00:00:00,103.00000000,103.33900000,102.96000000,103.19700000,25938
OFZ 29007,D1,2026-01-08,00:00:00,103.16200000,103.37000000,103.00100000,103.36000000,10926
OFZ 29007,D1,2026-01-09,00:00:00,103.35700000,103.35900000,103.18800000,103.26700000,10020
OFZ 29007,D1,2026-01-12,00:00:00,103.33800000,103.34000000,103.11000000,103.23000000,66745
OFZ 29007,D1,2026-01-13,00:00:00,103.23100000,103.33700000,103.21200000,103.31900000,16037
OFZ 29007,D1,2026-01-14,00:00:00,103.31900000,103.32500000,103.18100000,103.32400000,18659
OFZ 29007,D1,2026-01-15,00:00:00,103.30100000,103.32300000,102.90000000,103.07800000,45512
OFZ 29007,D1,2026-01-16,00:00:00,103.07800000,103.16800000,102.94800000,103.05000000,15810
OFZ 29007,D1,2026-01-19,00:00:00,103.16800000,103.25000000,102.90200000,103.09700000,25798
OFZ 29007,D1,2026-01-20,00:00:00,103.00100000,103.11200000,102.68100000,102.98000000,99107
OFZ 29007,D1,2026-01-21,00:00:00,102.90000000,102.97100000,102.70000000,102.82600000,37354
OFZ 29007,D1,2026-01-22,00:00:00,102.82600000,102.86800000,102.68600000,102.71100000,12425
OFZ 29007,D1,2026-01-23,00:00:00,102.73700000,102.81600000,102.68700000,102.71500000,31653
OFZ 29007,D1,2026-01-26,00:00:00,102.71500000,102.89800000,102.66000000,102.74000000,32102
OFZ 29007,D1,2026-01-27,00:00:00,102.80000000,102.89600000,102.68000000,102.76000000,23276
OFZ 29007,D1,2026-01-28,00:00:00,102.77900000,102.77900000,102.26000000,102.49900000,84515
OFZ 29007,D1,2026-01-29,00:00:00,102.50000000,102.63000000,102.41700000,102.62100000,26891
OFZ 29007,D1,2026-01-30,00:00:00,102.56900000,102.72100000,102.50100000,102.70100000,25689
OFZ 29007,D1,2026-02-02,00:00:00,102.71900000,102.71900000,102.05600000,102.37800000,53191
OFZ 29007,D1,2026-02-03,00:00:00,102.49800000,102.49800000,102.16000000,102.39700000,29346
OFZ 29007,D1,2026-02-04,00:00:00,102.37300000,102.49900000,102.30100000,102.48600000,18334
OFZ 29007,D1,2026-02-05,00:00:00,102.49500000,102.66200000,102.00000000,102.49000000,44484
OFZ 29007,D1,2026-02-06,00:00:00,102.62800000,102.64300000,102.37300000,102.50000000,28794
OFZ 29007,D1,2026-02-09,00:00:00,102.50000000,102.79500000,102.38000000,102.63800000,21759
OFZ 29007,D1,2026-02-10,00:00:00,102.57000000,102.78400000,102.34700000,102.51000000,19962
OFZ 29007,D1,2026-02-11,00:00:00,102.48000000,102.77400000,102.10200000,102.49700000,24547
OFZ 29007,D1,2026-02-12,00:00:00,102.54800000,102.55900000,102.24700000,102.34100000,28847
OFZ 29007,D1,2026-02-13,00:00:00,102.39800000,102.63800000,102.20000000,102.40000000,65734
OFZ 29007,D1,2026-02-16,00:00:00,102.30000000,102.47900000,102.20800000,102.30200000,33537
OFZ 29007,D1,2026-02-17,00:00:00,102.30000000,102.38000000,102.09000000,102.17000000,494288
OFZ 29007,D1,2026-02-18,00:00:00,102.31900000,102.34000000,102.14100000,102.27200000,102185
OFZ 29007,D1,2026-02-19,00:00:00,102.25100000,102.40000000,102.15400000,102.27500000,27371
OFZ 29007,D1,2026-02-20,00:00:00,102.39800000,102.59000000,102.12000000,102.24000000,35371
OFZ 29007,D1,2026-02-24,00:00:00,102.49900000,102.50000000,102.21400000,102.25000000,63690
OFZ 29007,D1,2026-02-25,00:00:00,102.25000000,102.48000000,102.01800000,102.30000000,59895
OFZ 29007,D1,2026-02-26,00:00:00,102.22900000,102.39900000,102.06200000,102.24000000,57680
OFZ 29007,D1,2026-02-27,00:00:00,102.29000000,102.39800000,102.12000000,102.19800000,214809
OFZ 29007,D1,2026-03-02,00:00:00,102.19900000,102.60000000,102.16000000,102.25000000,171919
OFZ 29007,D1,2026-03-03,00:00:00,102.20000000,102.30000000,102.07000000,102.17000000,116195
OFZ 29007,D1,2026-03-04,00:00:00,100.72800000,102.23900000,100.60000000,102.23900000,171247
OFZ 29007,D1,2026-03-05,00:00:00,102.16700000,102.25000000,101.90000000,102.14000000,185673
OFZ 29007,D1,2026-03-06,00:00:00,102.29600000,102.29600000,102.10200000,102.10300000,60314
OFZ 29007,D1,2026-03-09,00:00:00,102.15000000,102.25000000,101.96900000,102.22800000,16259
OFZ 29007,D1,2026-03-10,00:00:00,102.19600000,102.23500000,102.02100000,102.19500000,135041
OFZ 29007,D1,2026-03-11,00:00:00,102.07000000,102.16900000,102.00000000,102.14400000,41202
OFZ 29007,D1,2026-03-12,00:00:00,102.02100000,102.29700000,102.01000000,102.29400000,55875
OFZ 29007,D1,2026-03-13,00:00:00,102.29300000,102.29300000,102.02000000,102.27200000,20513
OFZ 29007,D1,2026-03-16,00:00:00,102.20000000,102.31000000,102.08200000,102.26300000,12807
OFZ 29007,D1,2026-03-17,00:00:00,102.20000000,102.29800000,102.05000000,102.27100000,17381
OFZ 29007,D1,2026-03-18,00:00:00,102.22400000,102.29800000,102.11000000,102.15000000,311251
OFZ 29007,D1,2026-03-19,00:00:00,102.19500000,102.22900000,102.08200000,102.22900000,13770
OFZ 29007,D1,2026-03-20,00:00:00,102.10200000,102.23800000,102.08000000,102.22600000,18718
OFZ 29007,D1,2026-03-23,00:00:00,102.23800000,102.29000000,102.10100000,102.18300000,14407
OFZ 29007,D1,2026-03-24,00:00:00,102.07300000,102.25000000,102.07300000,102.15000000,228670
OFZ 29007,D1,2026-03-25,00:00:00,102.22100000,102.32900000,102.12000000,102.32800000,110908
OFZ 29007,D1,2026-03-26,00:00:00,102.33000000,102.44200000,102.19000000,102.34800000,61390
OFZ 29007,D1,2026-03-27,00:00:00,102.19700000,102.42900000,102.04300000,102.42100000,56010
OFZ 29007,D1,2026-03-28,00:00:00,102.20000000,102.44400000,102.20000000,102.42700000,2320
OFZ 29007,D1,2026-03-29,00:00:00,102.20000000,102.46900000,102.11200000,102.41700000,2919
OFZ 29007,D1,2026-03-30,00:00:00,102.20000000,102.46900000,102.00700000,102.13400000,124716
OFZ 29007,D1,2026-03-31,00:00:00,102.00000000,102.39400000,101.95000000,102.14800000,1369484
OFZ 29007,D1,2026-04-01,00:00:00,102.19700000,102.19700000,101.79000000,102.09600000,21630
OFZ 29007,D1,2026-04-02,00:00:00,102.08300000,102.09800000,101.93200000,102.09000000,20686
OFZ 29007,D1,2026-04-03,00:00:00,102.00000000,102.10000000,101.91200000,102.09900000,220918
OFZ 29007,D1,2026-04-04,00:00:00,102.10000000,102.15000000,101.90000000,102.15000000,2746
OFZ 29007,D1,2026-04-05,00:00:00,102.10000000,102.20000000,102.00700000,102.18300000,1357
OFZ 29007,D1,2026-04-06,00:00:00,102.10000000,102.20000000,101.90000000,102.00000000,528364
OFZ 29007,D1,2026-04-07,00:00:00,102.19700000,102.19700000,101.95100000,102.03800000,114957
OFZ 29007,D1,2026-04-08,00:00:00,102.18000000,102.18000000,101.92800000,101.96000000,136280
OFZ 29007,D1,2026-04-09,00:00:00,101.96000000,102.12500000,101.92000000,101.92000000,19575
OFZ 29007,D1,2026-04-10,00:00:00,101.92300000,102.17000000,101.92000000,102.01400000,14448
OFZ 29007,D1,2026-04-11,00:00:00,102.02000000,102.05000000,101.95500000,102.00100000,2406
OFZ 29007,D1,2026-04-12,00:00:00,102.00100000,102.05000000,102.00100000,102.05000000,1316
OFZ 29007,D1,2026-04-13,00:00:00,102.02000000,102.08400000,101.91900000,101.98800000,18356
OFZ 29007,D1,2026-04-14,00:00:00,101.98900000,102.00000000,101.90500000,101.99900000,21528
OFZ 29007,D1,2026-04-15,00:00:00,101.95700000,102.00900000,101.81800000,101.89200000,14745
OFZ 29007,D1,2026-04-16,00:00:00,102.00300000,102.00300000,101.79000000,101.92100000,19987
OFZ 29007,D1,2026-04-17,00:00:00,101.80200000,101.94100000,101.71100000,101.84800000,1530043
OFZ 29007,D1,2026-04-18,00:00:00,101.84900000,102.00100000,101.72300000,101.99200000,2234
OFZ 29007,D1,2026-04-19,00:00:00,101.74800000,102.00000000,101.74800000,101.98500000,3208
OFZ 29007,D1,2026-04-20,00:00:00,101.84900000,102.00300000,101.72300000,101.98400000,24529
OFZ 29007,D1,2026-04-21,00:00:00,102.00300000,102.00300000,101.70400000,101.78500000,320020
OFZ 29007,D1,2026-04-22,00:00:00,101.90000000,101.94900000,101.70400000,101.90200000,140819
OFZ 29007,D1,2026-04-23,00:00:00,101.92600000,101.99400000,101.73200000,101.90500000,14154
OFZ 29007,D1,2026-04-24,00:00:00,101.90500000,101.99000000,101.76400000,101.98500000,20569
OFZ 29007,D1,2026-04-25,00:00:00,101.98500000,101.99400000,101.75600000,101.95300000,2031
OFZ 29007,D1,2026-04-26,00:00:00,101.99200000,101.99300000,101.77200000,101.98900000,2400
OFZ 29007,D1,2026-04-27,00:00:00,101.98500000,101.99400000,101.75000000,101.87100000,35162
OFZ 29007,D1,2026-04-28,00:00:00,101.94900000,101.95000000,101.82000000,101.92900000,15626
OFZ 29007,D1,2026-04-29,00:00:00,101.96100000,101.96100000,101.84000000,101.91900000,31300
OFZ 29007,D1,2026-04-30,00:00:00,101.87400000,101.95700000,101.80000000,101.94100000,20526
OFZ 29007,D1,2026-05-02,00:00:00,101.95800000,101.99700000,101.89200000,101.98700000,2620
OFZ 29007,D1,2026-05-03,00:00:00,101.98600000,102.00000000,101.89000000,101.98900000,2041
OFZ 29007,D1,2026-05-04,00:00:00,101.94200000,102.03000000,101.70000000,102.03000000,21417
OFZ 29007,D1,2026-05-05,00:00:00,101.93500000,102.02600000,101.83300000,101.93600000,20799
OFZ 29007,D1,2026-05-06,00:00:00,102.04600000,102.04600000,101.86100000,101.88400000,35875
OFZ 29007,D1,2026-05-07,00:00:00,101.99900000,101.99900000,101.83000000,101.93900000,63657
OFZ 29007,D1,2026-05-08,00:00:00,101.93800000,101.98000000,101.83000000,101.94000000,214784
OFZ 29007,D1,2026-05-11,00:00:00,101.99900000,101.99900000,101.88400000,101.98700000,5422
OFZ 29007,D1,2026-05-12,00:00:00,101.77100000,102.04600000,101.77100000,101.97000000,16077
OFZ 29007,D1,2026-05-13,00:00:00,101.95000000,102.04400000,101.86500000,101.98600000,18229
OFZ 29007,D1,2026-05-14,00:00:00,101.86500000,102.05600000,101.86000000,102.05600000,61856
OFZ 29007,D1,2026-05-15,00:00:00,102.02100000,102.08000000,101.84400000,101.89800000,26559
OFZ 29007,D1,2026-05-16,00:00:00,101.89800000,101.99500000,101.86900000,101.99400000,1757
OFZ 29007,D1,2026-05-17,00:00:00,101.99700000,101.99700000,101.88100000,101.89100000,729
OFZ 29007,D1,2026-05-18,00:00:00,101.89800000,102.00600000,101.83200000,101.98400000,16513
OFZ 29007,D1,2026-05-19,00:00:00,101.98400000,102.02200000,101.80000000,101.92100000,115700
OFZ 29007,D1,2026-05-20,00:00:00,101.97500000,101.97500000,101.80300000,101.85800000,144279
OFZ 29007,D1,2026-05-21,00:00:00,101.92400000,101.98900000,101.75100000,101.81000000,8093
OFZ 29007,D1,2026-05-22,00:00:00,102.02600000,102.02600000,101.79900000,101.86900000,15539
OFZ 29007,D1,2026-05-23,00:00:00,101.97700000,101.97700000,101.76200000,101.93600000,1570
OFZ 29007,D1,2026-05-24,00:00:00,101.75700000,101.99400000,101.73300000,101.99400000,6127
OFZ 29007,D1,2026-05-25,00:00:00,101.97700000,102.00000000,101.73300000,101.89700000,105633
OFZ 29007,D1,2026-05-26,00:00:00,101.91100000,101.98900000,101.73100000,101.76800000,17681
OFZ 29007,D1,2026-05-27,00:00:00,101.74100000,101.93200000,101.70900000,101.78700000,18030
OFZ 29007,D1,2026-05-28,00:00:00,101.88500000,101.88500000,101.73400000,101.88400000,16032
OFZ 29007,D1,2026-05-29,00:00:00,101.88400000,101.97600000,101.76000000,101.89700000,7621
OFZ 29007,D1,2026-05-30,00:00:00,101.80000000,101.92900000,101.80000000,101.92000000,1193
OFZ 29007,D1,2026-05-31,00:00:00,101.82500000,101.95900000,101.79000000,101.81900000,756
OFZ 29007,MN1,2025-12-31,00:00:00,103.70700000,103.94800000,102.60000000,102.97900000,1042260
OFZ 29007,MN1,2026-01-31,00:00:00,103.19600000,103.37000000,102.26000000,102.70100000,626412
OFZ 29007,MN1,2026-02-28,00:00:00,102.71900000,102.79500000,102.00000000,102.19800000,1423824
OFZ 29007,MN1,2026-03-31,00:00:00,102.19900000,102.60000000,100.60000000,102.14800000,3318989
OFZ 29007,MN1,2026-04-30,00:00:00,102.19700000,102.20000000,101.70400000,101.94100000,3321920
OFZ 29007,W1,2025-12-07,00:00:00,103.70700000,103.94800000,103.50000000,103.73500000,163306
OFZ 29007,W1,2025-12-14,00:00:00,103.73600000,103.85700000,103.51000000,103.71700000,218320
OFZ 29007,W1,2025-12-21,00:00:00,103.71900000,103.82800000,103.55800000,103.77000000,171254
OFZ 29007,W1,2025-12-28,00:00:00,103.82500000,103.82500000,103.33100000,103.59900000,220981
OFZ 29007,W1,2026-01-04,00:00:00,103.59900000,103.59900000,102.60000000,102.97900000,268399
OFZ 29007,W1,2026-01-11,00:00:00,103.19600000,103.37000000,102.80000000,103.26700000,64839
OFZ 29007,W1,2026-01-18,00:00:00,103.33800000,103.34000000,102.90000000,103.05000000,162763
OFZ 29007,W1,2026-01-25,00:00:00,103.16800000,103.25000000,102.68100000,102.71500000,206337
OFZ 29007,W1,2026-02-01,00:00:00,102.71500000,102.89800000,102.26000000,102.70100000,192473
OFZ 29007,W1,2026-02-08,00:00:00,102.71900000,102.71900000,102.00000000,102.50000000,174149
OFZ 29007,W1,2026-02-15,00:00:00,102.50000000,102.79500000,102.10200000,102.40000000,160849
OFZ 29007,W1,2026-02-22,00:00:00,102.30000000,102.59000000,102.09000000,102.24000000,692752
OFZ 29007,W1,2026-03-01,00:00:00,102.49900000,102.50000000,102.01800000,102.19800000,396074
OFZ 29007,W1,2026-03-08,00:00:00,102.19900000,102.60000000,100.60000000,102.10300000,705348
OFZ 29007,W1,2026-03-15,00:00:00,102.15000000,102.29700000,101.96900000,102.27200000,268890
OFZ 29007,W1,2026-03-22,00:00:00,102.20000000,102.31000000,102.05000000,102.22600000,373927
OFZ 29007,W1,2026-03-29,00:00:00,102.23800000,102.46900000,102.04300000,102.41700000,476624
OFZ 29007,W1,2026-04-05,00:00:00,102.20000000,102.46900000,101.79000000,102.18300000,1761537
OFZ 29007,W1,2026-04-12,00:00:00,102.10000000,102.20000000,101.90000000,102.05000000,817346
OFZ 29007,W1,2026-04-19,00:00:00,102.02000000,102.08400000,101.71100000,101.98500000,1610101
OFZ 29007,W1,2026-04-26,00:00:00,101.84900000,102.00300000,101.70400000,101.98900000,524522
OFZ 29007,W1,2026-05-03,00:00:00,101.98500000,102.00000000,101.75000000,101.98900000,107275
OFZ 29007,W1,2026-05-10,00:00:00,101.94200000,102.04600000,101.70000000,101.94000000,356532
OFZ 29007,W1,2026-05-17,00:00:00,101.99900000,102.08000000,101.77100000,101.89100000,130629
OFZ 29007,W1,2026-05-24,00:00:00,101.89800000,102.02600000,101.73300000,101.99400000,307821
OFZ 29008,D1,2025-12-01,00:00:00,104.43400000,104.61400000,104.10500000,104.52300000,19340
OFZ 29008,D1,2025-12-02,00:00:00,104.54000000,104.81900000,104.10500000,104.35000000,20890
OFZ 29008,D1,2025-12-03,00:00:00,104.47000000,104.60000000,104.30000000,104.49000000,24434
OFZ 29008,D1,2025-12-04,00:00:00,104.70000000,104.70000000,104.19500000,104.37100000,24609
OFZ 29008,D1,2025-12-05,00:00:00,104.54800000,104.54800000,104.25000000,104.50000000,61168
OFZ 29008,D1,2025-12-08,00:00:00,104.54100000,104.55000000,104.31400000,104.52300000,28075
OFZ 29008,D1,2025-12-09,00:00:00,104.53400000,104.54000000,103.99000000,104.01500000,55573
OFZ 29008,D1,2025-12-10,00:00:00,104.02100000,104.37000000,103.92400000,104.21400000,22339
OFZ 29008,D1,2025-12-11,00:00:00,104.26900000,104.30700000,103.92500000,104.15700000,30837
OFZ 29008,D1,2025-12-12,00:00:00,104.19700000,104.19900000,103.99600000,104.14200000,18124
OFZ 29008,D1,2025-12-15,00:00:00,104.14000000,104.50000000,103.90000000,104.11000000,27377
OFZ 29008,D1,2025-12-16,00:00:00,104.18400000,104.31900000,103.95000000,104.22500000,32489
OFZ 29008,D1,2025-12-17,00:00:00,104.22300000,104.40000000,103.97000000,104.31400000,76009
OFZ 29008,D1,2025-12-18,00:00:00,104.31300000,104.31300000,104.00000000,104.31300000,45227
OFZ 29008,D1,2025-12-19,00:00:00,104.31900000,104.47400000,103.97800000,104.30000000,73624
OFZ 29008,D1,2025-12-22,00:00:00,104.31900000,104.49900000,103.98900000,104.26900000,45472
OFZ 29008,D1,2025-12-23,00:00:00,104.27700000,104.27700000,104.00100000,104.18300000,17582
OFZ 29008,D1,2025-12-24,00:00:00,104.20000000,104.33000000,104.02400000,104.31700000,14321
OFZ 29008,D1,2025-12-25,00:00:00,104.05200000,104.31800000,103.98100000,104.16400000,20791
OFZ 29008,D1,2025-12-26,00:00:00,104.16400000,104.25300000,104.07700000,104.18000000,17082
OFZ 29008,D1,2025-12-29,00:00:00,104.26900000,104.26900000,104.02000000,104.25800000,32888
OFZ 29008,D1,2025-12-30,00:00:00,104.26100000,104.48900000,103.60000000,103.83600000,59372
OFZ 29008,D1,2026-01-05,00:00:00,104.24000000,104.24900000,103.70000000,103.99000000,18547
OFZ 29008,D1,2026-01-06,00:00:00,104.24600000,104.24700000,103.88000000,104.09900000,8401
OFZ 29008,D1,2026-01-08,00:00:00,104.24800000,104.48500000,104.05400000,104.30900000,14272
OFZ 29008,D1,2026-01-09,00:00:00,104.23000000,104.48500000,104.19500000,104.48000000,12685
OFZ 29008,D1,2026-01-12,00:00:00,104.48000000,104.48000000,103.90100000,104.22500000,30555
OFZ 29008,D1,2026-01-13,00:00:00,104.36100000,104.38900000,104.12600000,104.35800000,13569
OFZ 29008,D1,2026-01-14,00:00:00,104.38800000,104.39800000,104.27000000,104.38000000,15464
OFZ 29008,D1,2026-01-15,00:00:00,104.31700000,104.40300000,104.21900000,104.33400000,7793
OFZ 29008,D1,2026-01-16,00:00:00,104.27600000,104.49400000,104.27600000,104.49400000,13165
OFZ 29008,D1,2026-01-19,00:00:00,104.49400000,104.49900000,104.00800000,104.38900000,16036
OFZ 29008,D1,2026-01-20,00:00:00,104.45200000,104.46300000,104.00600000,104.09900000,19134
OFZ 29008,D1,2026-01-21,00:00:00,104.33200000,104.33200000,104.09100000,104.22800000,5229
OFZ 29008,D1,2026-01-22,00:00:00,104.26900000,104.33400000,104.06400000,104.13100000,7866
OFZ 29008,D1,2026-01-23,00:00:00,104.18300000,104.69400000,103.90700000,104.24300000,33291
OFZ 29008,D1,2026-01-26,00:00:00,104.57900000,104.59400000,103.95000000,104.03100000,32561
OFZ 29008,D1,2026-01-27,00:00:00,104.16700000,104.28700000,103.96300000,104.07600000,20606
OFZ 29008,D1,2026-01-28,00:00:00,104.08100000,104.12100000,103.92700000,103.97000000,23707
OFZ 29008,D1,2026-01-29,00:00:00,103.99000000,104.28000000,103.67000000,103.75100000,20785
OFZ 29008,D1,2026-01-30,00:00:00,103.71100000,104.02800000,103.61300000,103.99900000,9160
OFZ 29008,D1,2026-02-02,00:00:00,103.99900000,104.00000000,103.61000000,103.64900000,30689
OFZ 29008,D1,2026-02-03,00:00:00,103.79900000,103.79900000,103.30000000,103.60100000,14097
OFZ 29008,D1,2026-02-04,00:00:00,103.61900000,103.99500000,103.44900000,103.88300000,16329
OFZ 29008,D1,2026-02-05,00:00:00,103.89200000,103.89200000,103.50000000,103.69000000,31447
OFZ 29008,D1,2026-02-06,00:00:00,103.69600000,103.70700000,103.41200000,103.50000000,14267
OFZ 29008,D1,2026-02-09,00:00:00,103.50300000,103.73000000,103.47100000,103.50000000,11365
OFZ 29008,D1,2026-02-10,00:00:00,103.59000000,103.64200000,103.40300000,103.58400000,10364
OFZ 29008,D1,2026-02-11,00:00:00,103.59900000,103.69900000,103.56600000,103.69800000,12115
OFZ 29008,D1,2026-02-12,00:00:00,103.69800000,103.69800000,103.35000000,103.50000000,13032
OFZ 29008,D1,2026-02-13,00:00:00,103.47000000,103.68800000,103.26000000,103.38800000,64884
OFZ 29008,D1,2026-02-16,00:00:00,103.38800000,103.70000000,103.10700000,103.50900000,15402
OFZ 29008,D1,2026-02-17,00:00:00,103.25700000,103.59000000,103.22900000,103.43000000,6418
OFZ 29008,D1,2026-02-18,00:00:00,103.44500000,103.59900000,103.30100000,103.48600000,35164
OFZ 29008,D1,2026-02-19,00:00:00,103.49900000,103.56000000,103.20000000,103.43700000,21569
OFZ 29008,D1,2026-02-20,00:00:00,103.60700000,103.60700000,103.37700000,103.49300000,5880
OFZ 29008,D1,2026-02-24,00:00:00,103.49300000,103.66400000,103.42100000,103.50000000,17124
OFZ 29008,D1,2026-02-25,00:00:00,103.55700000,103.66300000,103.35100000,103.45100000,13920
OFZ 29008,D1,2026-02-26,00:00:00,103.47000000,103.66100000,103.33200000,103.44100000,17079
OFZ 29008,D1,2026-02-27,00:00:00,103.44900000,103.55000000,103.38500000,103.46500000,9068
OFZ 29008,D1,2026-03-02,00:00:00,103.46600000,103.49000000,102.60000000,103.40000000,19615
OFZ 29008,D1,2026-03-03,00:00:00,103.45700000,103.52600000,103.34000000,103.49600000,9036
OFZ 29008,D1,2026-03-04,00:00:00,103.40200000,103.75000000,103.30200000,103.75000000,20897
OFZ 29008,D1,2026-03-05,00:00:00,103.74800000,103.90000000,103.60100000,103.78700000,33213
OFZ 29008,D1,2026-03-06,00:00:00,103.89700000,104.25400000,103.61300000,104.23100000,35910
OFZ 29008,D1,2026-03-09,00:00:00,104.24500000,104.46600000,104.23100000,104.30000000,17098
OFZ 29008,D1,2026-03-10,00:00:00,104.30400000,104.51600000,103.76500000,103.92100000,168431
OFZ 29008,D1,2026-03-11,00:00:00,104.10100000,104.10100000,103.70100000,103.85000000,24374
OFZ 29008,D1,2026-03-12,00:00:00,103.85000000,104.07400000,103.69900000,103.99600000,33767
OFZ 29008,D1,2026-03-13,00:00:00,104.03800000,104.03800000,103.71800000,104.00000000,30063
OFZ 29008,D1,2026-03-16,00:00:00,104.00000000,104.25000000,103.82100000,104.12900000,33477
OFZ 29008,D1,2026-03-17,00:00:00,104.03900000,104.25000000,103.95200000,104.05000000,3314302
OFZ 29008,D1,2026-03-18,00:00:00,103.95900000,104.24900000,103.95900000,104.10000000,2440213
OFZ 29008,D1,2026-03-19,00:00:00,104.10000000,104.36000000,103.80600000,104.20400000,31328
OFZ 29008,D1,2026-03-20,00:00:00,104.35600000,104.48900000,103.96000000,104.30300000,24885
OFZ 29008,D1,2026-03-23,00:00:00,104.37500000,104.44000000,104.00300000,104.25000000,4023005
OFZ 29008,D1,2026-03-24,00:00:00,104.34900000,104.49500000,104.20200000,104.29700000,19444
OFZ 29008,D1,2026-03-25,00:00:00,104.46600000,104.58800000,104.22900000,104.37600000,231686
OFZ 29008,D1,2026-03-26,00:00:00,104.58700000,104.87900000,104.25100000,104.35300000,399224
OFZ 29008,D1,2026-03-27,00:00:00,104.24300000,104.51600000,104.20800000,104.50000000,60435
OFZ 29008,D1,2026-03-28,00:00:00,104.49900000,104.50000000,104.29000000,104.38600000,4906
OFZ 29008,D1,2026-03-29,00:00:00,104.50000000,104.50000000,104.40000000,104.42000000,3954
OFZ 29008,D1,2026-03-30,00:00:00,104.49900000,104.50000000,104.21700000,104.47800000,50364
OFZ 29008,D1,2026-03-31,00:00:00,104.47800000,104.49700000,104.13000000,104.15000000,59547
OFZ 29008,D1,2026-04-01,00:00:00,104.32000000,104.39900000,104.00100000,104.14900000,35026
OFZ 29008,D1,2026-04-02,00:00:00,104.32700000,104.32700000,104.06100000,104.18700000,28122
OFZ 29008,D1,2026-04-03,00:00:00,104.15000000,104.29900000,103.94500000,104.13400000,30745
OFZ 29008,D1,2026-04-04,00:00:00,104.15000000,104.29200000,103.87600000,104.28000000,4219
OFZ 29008,D1,2026-04-05,00:00:00,104.28500000,104.34900000,104.00000000,104.30000000,11332
OFZ 29008,D1,2026-04-06,00:00:00,104.15000000,104.45600000,103.87600000,104.25700000,52877
OFZ 29008,D1,2026-04-07,00:00:00,104.48900000,104.48900000,103.75000000,104.20200000,42033
OFZ 29008,D1,2026-04-08,00:00:00,104.17500000,104.23800000,103.03000000,103.38500000,103754
OFZ 29008,D1,2026-04-09,00:00:00,103.59800000,103.59900000,103.00300000,103.36400000,59969
OFZ 29008,D1,2026-04-10,00:00:00,103.35000000,103.59200000,103.20200000,103.58900000,15838
OFZ 29008,D1,2026-04-11,00:00:00,103.53800000,103.59200000,103.53800000,103.55200000,4577
OFZ 29008,D1,2026-04-12,00:00:00,103.59100000,103.59200000,103.55100000,103.59100000,1390
OFZ 29008,D1,2026-04-13,00:00:00,103.53800000,103.80000000,103.53800000,103.80000000,34780
OFZ 29008,D1,2026-04-14,00:00:00,103.69100000,103.77700000,103.50000000,103.69900000,26584
OFZ 29008,D1,2026-04-15,00:00:00,103.69900000,103.70000000,103.40500000,103.62800000,11174
OFZ 29008,D1,2026-04-16,00:00:00,103.70000000,103.77100000,103.20600000,103.61500000,20978
OFZ 29008,D1,2026-04-17,00:00:00,103.50100000,103.63600000,103.27000000,103.51700000,14107
OFZ 29008,D1,2026-04-18,00:00:00,103.51700000,103.54700000,103.27000000,103.45200000,3668
OFZ 29008,D1,2026-04-19,00:00:00,103.48600000,103.48600000,103.30000000,103.37800000,1289
OFZ 29008,D1,2026-04-20,00:00:00,103.51700000,103.60500000,103.20600000,103.44300000,40187
OFZ 29008,D1,2026-04-21,00:00:00,103.50600000,103.50600000,103.25000000,103.44300000,10719
OFZ 29008,D1,2026-04-22,00:00:00,103.52300000,103.57700000,103.25000000,103.49000000,17705
OFZ 29008,D1,2026-04-23,00:00:00,103.47200000,103.59800000,103.25900000,103.53000000,9027
OFZ 29008,D1,2026-04-24,00:00:00,103.59800000,103.60000000,103.40600000,103.59600000,11478
OFZ 29008,D1,2026-04-25,00:00:00,103.59500000,103.76300000,103.59500000,103.71000000,2052
OFZ 29008,D1,2026-04-26,00:00:00,103.59500000,103.80000000,103.44100000,103.63400000,2098
OFZ 29008,D1,2026-04-27,00:00:00,103.59500000,103.85000000,103.44100000,103.74500000,13163
OFZ 29008,D1,2026-04-28,00:00:00,103.84800000,103.85000000,103.50000000,103.67000000,10310
OFZ 29008,D1,2026-04-29,00:00:00,103.50800000,103.74900000,103.40000000,103.40000000,13555
OFZ 29008,D1,2026-04-30,00:00:00,103.37900000,103.84200000,103.30000000,103.75000000,15469
OFZ 29008,D1,2026-05-02,00:00:00,103.84900000,103.85000000,103.75300000,103.85000000,2001
OFZ 29008,D1,2026-05-03,00:00:00,103.85000000,103.85000000,103.73600000,103.84900000,1487
OFZ 29008,D1,2026-05-04,00:00:00,103.83600000,103.85000000,103.60000000,103.72000000,33221
OFZ 29008,D1,2026-05-05,00:00:00,103.75000000,103.84900000,103.59200000,103.71000000,61546
OFZ 29008,D1,2026-05-06,00:00:00,103.84800000,103.85000000,103.63100000,103.79900000,8538
OFZ 29008,D1,2026-05-07,00:00:00,103.69700000,103.82600000,103.62700000,103.75000000,8554
OFZ 29008,D1,2026-05-08,00:00:00,103.67200000,103.84900000,103.60000000,103.84900000,11390
OFZ 29008,D1,2026-05-11,00:00:00,103.84900000,103.88000000,103.65200000,103.79700000,10191
OFZ 29008,D1,2026-05-12,00:00:00,103.82000000,103.84200000,103.58800000,103.75100000,12106
OFZ 29008,D1,2026-05-13,00:00:00,103.79700000,103.79700000,103.59000000,103.65700000,12351
OFZ 29008,D1,2026-05-14,00:00:00,103.77600000,103.78000000,103.55000000,103.77000000,6984
OFZ 29008,D1,2026-05-15,00:00:00,103.78000000,103.78500000,103.62100000,103.78100000,6418
OFZ 29008,D1,2026-05-16,00:00:00,103.78000000,103.87000000,103.70100000,103.84800000,1247
OFZ 29008,D1,2026-05-17,00:00:00,103.85700000,103.85700000,103.71200000,103.83800000,969
OFZ 29008,D1,2026-05-18,00:00:00,103.78000000,103.87000000,103.63300000,103.64000000,10698
OFZ 29008,D1,2026-05-19,00:00:00,103.70000000,103.85500000,103.63300000,103.72900000,7726
OFZ 29008,D1,2026-05-20,00:00:00,103.85400000,103.85400000,103.64000000,103.73900000,20709
OFZ 29008,D1,2026-05-21,00:00:00,103.74000000,103.74000000,103.30000000,103.59000000,7728
OFZ 29008,D1,2026-05-22,00:00:00,103.41100000,103.74200000,103.41100000,103.57500000,11861
OFZ 29008,D1,2026-05-23,00:00:00,103.57400000,103.64200000,103.45300000,103.59100000,985
OFZ 29008,D1,2026-05-24,00:00:00,103.73000000,103.89300000,103.40100000,103.89300000,7683
OFZ 29008,D1,2026-05-25,00:00:00,103.57400000,103.94900000,103.40100000,103.68900000,16999
OFZ 29008,D1,2026-05-26,00:00:00,103.69000000,103.88900000,103.50000000,103.65600000,7685
OFZ 29008,D1,2026-05-27,00:00:00,103.88100000,103.95200000,103.62000000,103.76600000,12061
OFZ 29008,D1,2026-05-28,00:00:00,103.91800000,103.95000000,103.65100000,103.81200000,12581
OFZ 29008,D1,2026-05-29,00:00:00,103.65800000,103.90000000,103.65600000,103.85400000,11937
OFZ 29008,D1,2026-05-30,00:00:00,103.80200000,103.80200000,103.70000000,103.79600000,1773
OFZ 29008,D1,2026-05-31,00:00:00,103.72700000,103.79600000,103.55200000,103.56400000,5975
OFZ 29008,MN1,2025-12-31,00:00:00,104.43400000,104.81900000,103.60000000,103.83600000,767623
OFZ 29008,MN1,2026-01-31,00:00:00,104.24000000,104.69400000,103.61300000,103.99900000,322826
OFZ 29008,MN1,2026-02-28,00:00:00,103.99900000,104.00000000,103.10700000,103.46500000,360213
OFZ 29008,MN1,2026-03-31,00:00:00,103.46600000,104.87900000,102.60000000,104.15000000,11089174
OFZ 29008,MN1,2026-04-30,00:00:00,104.32000000,104.48900000,103.00300000,103.75000000,648225
OFZ 29008,W1,2025-12-07,00:00:00,104.43400000,104.81900000,104.10500000,104.50000000,150441
OFZ 29008,W1,2025-12-14,00:00:00,104.54100000,104.55000000,103.92400000,104.14200000,154948
OFZ 29008,W1,2025-12-21,00:00:00,104.14000000,104.50000000,103.90000000,104.30000000,254726
OFZ 29008,W1,2025-12-28,00:00:00,104.31900000,104.49900000,103.98100000,104.18000000,115248
OFZ 29008,W1,2026-01-04,00:00:00,104.26900000,104.48900000,103.60000000,103.83600000,92260
OFZ 29008,W1,2026-01-11,00:00:00,104.24000000,104.48500000,103.70000000,104.48000000,53905
OFZ 29008,W1,2026-01-18,00:00:00,104.48000000,104.49400000,103.90100000,104.49400000,80546
OFZ 29008,W1,2026-01-25,00:00:00,104.49400000,104.69400000,103.90700000,104.24300000,81556
OFZ 29008,W1,2026-02-01,00:00:00,104.57900000,104.59400000,103.61300000,103.99900000,106819
OFZ 29008,W1,2026-02-08,00:00:00,103.99900000,104.00000000,103.30000000,103.50000000,106829
OFZ 29008,W1,2026-02-15,00:00:00,103.50300000,103.73000000,103.26000000,103.38800000,111760
OFZ 29008,W1,2026-02-22,00:00:00,103.38800000,103.70000000,103.10700000,103.49300000,84433
OFZ 29008,W1,2026-03-01,00:00:00,103.49300000,103.66400000,103.33200000,103.46500000,57191
OFZ 29008,W1,2026-03-08,00:00:00,103.46600000,104.25400000,102.60000000,104.23100000,118671
OFZ 29008,W1,2026-03-15,00:00:00,104.24500000,104.51600000,103.69900000,104.00000000,273733
OFZ 29008,W1,2026-03-22,00:00:00,104.00000000,104.48900000,103.80600000,104.30300000,5844205
OFZ 29008,W1,2026-03-29,00:00:00,104.37500000,104.87900000,104.00300000,104.42000000,4742654
OFZ 29008,W1,2026-04-05,00:00:00,104.49900000,104.50000000,103.87600000,104.30000000,219355
OFZ 29008,W1,2026-04-12,00:00:00,104.15000000,104.48900000,103.00300000,103.59100000,280438
OFZ 29008,W1,2026-04-19,00:00:00,103.53800000,103.80000000,103.20600000,103.37800000,112580
OFZ 29008,W1,2026-04-26,00:00:00,103.51700000,103.80000000,103.20600000,103.63400000,93266
OFZ 29008,W1,2026-05-03,00:00:00,103.59500000,103.85000000,103.30000000,103.84900000,55985
OFZ 29008,W1,2026-05-10,00:00:00,103.83600000,103.85000000,103.59200000,103.84900000,123249
OFZ 29008,W1,2026-05-17,00:00:00,103.84900000,103.88000000,103.55000000,103.83800000,50266
OFZ 29008,W1,2026-05-24,00:00:00,103.78000000,103.89300000,103.30000000,103.89300000,67390
OFZ 29009,D1,2025-12-01,00:00:00,105.48100000,105.60000000,105.02700000,105.50000000,17982
OFZ 29009,D1,2025-12-02,00:00:00,105.50000000,105.79000000,105.40100000,105.78500000,12451
OFZ 29009,D1,2025-12-03,00:00:00,105.79000000,105.79000000,105.60800000,105.77300000,9672
OFZ 29009,D1,2025-12-04,00:00:00,105.77300000,105.80200000,105.30600000,105.75500000,16887
OFZ 29009,D1,2025-12-05,00:00:00,105.75500000,105.79800000,105.55300000,105.76900000,9980
OFZ 29009,D1,2025-12-08,00:00:00,105.76900000,105.80200000,105.06500000,105.45000000,25642
OFZ 29009,D1,2025-12-09,00:00:00,105.70500000,105.88200000,105.41300000,105.41300000,15719
OFZ 29009,D1,2025-12-10,00:00:00,105.43400000,105.96700000,105.21600000,105.80000000,363388
OFZ 29009,D1,2025-12-11,00:00:00,105.95700000,106.05000000,105.44000000,105.73700000,15215
OFZ 29009,D1,2025-12-12,00:00:00,105.73700000,105.93200000,105.44200000,105.55300000,12622
OFZ 29009,D1,2025-12-15,00:00:00,105.55300000,105.60100000,105.19800000,105.41000000,9590
OFZ 29009,D1,2025-12-16,00:00:00,105.44100000,105.50200000,105.30000000,105.49600000,7816
OFZ 29009,D1,2025-12-17,00:00:00,105.52300000,105.99900000,105.30000000,105.54300000,21666
OFZ 29009,D1,2025-12-18,00:00:00,105.85700000,105.85700000,105.31100000,105.50200000,13876
OFZ 29009,D1,2025-12-19,00:00:00,105.64300000,105.66500000,105.32100000,105.45700000,14374
OFZ 29009,D1,2025-12-22,00:00:00,105.52400000,105.62800000,105.32500000,105.42300000,12916
OFZ 29009,D1,2025-12-23,00:00:00,105.49900000,105.49900000,105.25200000,105.37800000,10464
OFZ 29009,D1,2025-12-24,00:00:00,105.48200000,105.78200000,105.21600000,105.69900000,5596
OFZ 29009,D1,2025-12-25,00:00:00,105.69700000,105.79700000,105.47000000,105.65500000,10554
OFZ 29009,D1,2025-12-26,00:00:00,105.79800000,105.79800000,105.38000000,105.64400000,5796
OFZ 29009,D1,2025-12-29,00:00:00,105.84900000,106.09400000,105.31700000,105.90500000,17678
OFZ 29009,D1,2025-12-30,00:00:00,105.90000000,106.03700000,105.50000000,105.88300000,7849
OFZ 29009,D1,2026-01-05,00:00:00,106.04000000,106.21900000,105.88300000,106.16400000,3505
OFZ 29009,D1,2026-01-06,00:00:00,106.17800000,106.21400000,105.95200000,106.04000000,1722
OFZ 29009,D1,2026-01-08,00:00:00,106.21300000,106.30200000,105.95000000,106.04500000,6212
OFZ 29009,D1,2026-01-09,00:00:00,106.06000000,106.13700000,105.96900000,106.08600000,3031
OFZ 29009,D1,2026-01-12,00:00:00,106.08600000,106.11400000,105.76000000,105.84000000,9695
OFZ 29009,D1,2026-01-13,00:00:00,106.16400000,106.30900000,105.75000000,106.16400000,5348
OFZ 29009,D1,2026-01-14,00:00:00,106.27200000,106.29700000,106.00000000,106.28400000,21219
OFZ 29009,D1,2026-01-15,00:00:00,106.18100000,106.29500000,106.00400000,106.12700000,3355
OFZ 29009,D1,2026-01-16,00:00:00,106.14700000,106.27800000,106.00000000,106.22100000,2564
OFZ 29009,D1,2026-01-19,00:00:00,106.27800000,106.29900000,105.32400000,105.89800000,20979
OFZ 29009,D1,2026-01-20,00:00:00,105.89800000,105.97900000,105.07500000,105.25800000,26898
OFZ 29009,D1,2026-01-21,00:00:00,105.49200000,105.49200000,105.00100000,105.24800000,5984
OFZ 29009,D1,2026-01-22,00:00:00,105.44000000,105.44100000,104.80000000,104.84900000,13120
OFZ 29009,D1,2026-01-23,00:00:00,104.84000000,105.30300000,104.74600000,104.89600000,19949
OFZ 29009,D1,2026-01-26,00:00:00,105.20600000,105.31300000,104.51200000,104.65000000,11997
OFZ 29009,D1,2026-01-27,00:00:00,104.65000000,104.69900000,104.02200000,104.39900000,13886
OFZ 29009,D1,2026-01-28,00:00:00,104.40000000,104.60100000,104.26600000,104.34900000,12472
OFZ 29009,D1,2026-01-29,00:00:00,104.39900000,104.58800000,104.21000000,104.24100000,7351
OFZ 29009,D1,2026-01-30,00:00:00,104.24100000,104.49300000,104.10500000,104.44000000,8250
OFZ 29009,D1,2026-02-02,00:00:00,104.52000000,104.52000000,104.25900000,104.27300000,8973
OFZ 29009,D1,2026-02-03,00:00:00,104.39400000,104.39600000,104.22100000,104.27800000,5286
OFZ 29009,D1,2026-02-04,00:00:00,104.39500000,104.89100000,104.10000000,104.62600000,18897
OFZ 29009,D1,2026-02-05,00:00:00,104.64000000,104.69900000,103.96000000,104.60000000,207512
OFZ 29009,D1,2026-02-06,00:00:00,104.55100000,104.70900000,103.96000000,104.11000000,13226
OFZ 29009,D1,2026-02-09,00:00:00,104.20800000,104.56700000,104.07100000,104.52600000,9876
OFZ 29009,D1,2026-02-10,00:00:00,104.55900000,104.69200000,104.54900000,104.69200000,6550
OFZ 29009,D1,2026-02-11,00:00:00,104.69200000,105.04600000,104.67200000,105.00000000,6929
OFZ 29009,D1,2026-02-12,00:00:00,105.00000000,105.10000000,104.08300000,104.25800000,25891
OFZ 29009,D1,2026-02-13,00:00:00,104.28600000,104.35000000,104.11200000,104.19300000,14276
OFZ 29009,D1,2026-02-16,00:00:00,104.19300000,104.48900000,104.10000000,104.18900000,5991
OFZ 29009,D1,2026-02-17,00:00:00,104.22800000,104.26600000,104.00000000,104.09300000,14235
OFZ 29009,D1,2026-02-18,00:00:00,103.98600000,104.09300000,103.88500000,104.00000000,28195
OFZ 29009,D1,2026-02-19,00:00:00,104.01200000,104.03700000,103.84600000,104.03600000,7248
OFZ 29009,D1,2026-02-20,00:00:00,104.03300000,104.10000000,103.89100000,104.10000000,5052
OFZ 29009,D1,2026-02-24,00:00:00,104.09800000,104.10000000,103.94000000,104.10000000,6466
OFZ 29009,D1,2026-02-25,00:00:00,104.09900000,104.32800000,104.09900000,104.29300000,6636
OFZ 29009,D1,2026-02-26,00:00:00,104.21400000,104.32100000,104.10300000,104.25000000,4892
OFZ 29009,D1,2026-02-27,00:00:00,104.21600000,104.35000000,104.17100000,104.34900000,5912
OFZ 29009,D1,2026-03-02,00:00:00,104.44700000,104.63300000,104.12600000,104.50000000,15674
OFZ 29009,D1,2026-03-03,00:00:00,104.50100000,104.50100000,104.23700000,104.34200000,8172
OFZ 29009,D1,2026-03-04,00:00:00,104.31700000,104.77600000,104.30200000,104.59000000,8093
OFZ 29009,D1,2026-03-05,00:00:00,104.87700000,104.97800000,104.30200000,104.87700000,29010
OFZ 29009,D1,2026-03-06,00:00:00,104.34000000,104.92500000,104.33600000,104.55100000,14905
OFZ 29009,D1,2026-03-09,00:00:00,104.55100000,104.90800000,104.40900000,104.57500000,5436
OFZ 29009,D1,2026-03-10,00:00:00,104.56800000,104.57300000,104.37100000,104.40000000,11216
OFZ 29009,D1,2026-03-11,00:00:00,104.40500000,104.61400000,104.20000000,104.37300000,10361
OFZ 29009,D1,2026-03-12,00:00:00,104.37700000,104.49100000,104.32600000,104.49000000,5381
OFZ 29009,D1,2026-03-13,00:00:00,104.40000000,104.56900000,104.11300000,104.56900000,11497
OFZ 29009,D1,2026-03-16,00:00:00,104.57000000,105.11000000,104.35100000,104.65400000,13548
OFZ 29009,D1,2026-03-17,00:00:00,104.80500000,104.80600000,104.61400000,104.69500000,5304
OFZ 29009,D1,2026-03-18,00:00:00,104.69900000,104.76200000,104.43900000,104.74800000,14549
OFZ 29009,D1,2026-03-19,00:00:00,104.67000000,104.79100000,104.48600000,104.79100000,6749
OFZ 29009,D1,2026-03-20,00:00:00,104.67500000,104.79200000,104.50600000,104.78900000,5082
OFZ 29009,D1,2026-03-23,00:00:00,104.79900000,104.79900000,104.66500000,104.71300000,9864
OFZ 29009,D1,2026-03-24,00:00:00,104.80500000,104.80500000,104.63400000,104.78400000,11801
OFZ 29009,D1,2026-03-25,00:00:00,104.71200000,105.24100000,104.57500000,104.88000000,16956
OFZ 29009,D1,2026-03-26,00:00:00,105.23900000,105.23900000,104.85000000,105.12500000,5522
OFZ 29009,D1,2026-03-27,00:00:00,105.14800000,105.17000000,104.85000000,105.02200000,5251
OFZ 29009,D1,2026-03-28,00:00:00,105.16400000,105.16500000,105.02200000,105.16500000,454
OFZ 29009,D1,2026-03-29,00:00:00,105.16500000,105.16500000,104.93100000,105.16300000,355
OFZ 29009,D1,2026-03-30,00:00:00,105.16400000,105.24800000,104.93100000,105.10000000,30895
OFZ 29009,D1,2026-03-31,00:00:00,105.00000000,105.24900000,105.00000000,105.10800000,34158
OFZ 29009,D1,2026-04-01,00:00:00,105.22400000,105.24300000,105.05000000,105.10100000,6584
OFZ 29009,D1,2026-04-02,00:00:00,105.22700000,105.23000000,105.05500000,105.14800000,13908
OFZ 29009,D1,2026-04-03,00:00:00,105.22900000,105.22900000,105.05500000,105.18500000,8426
OFZ 29009,D1,2026-04-04,00:00:00,105.18900000,105.23000000,105.11600000,105.23000000,642
OFZ 29009,D1,2026-04-05,00:00:00,105.23000000,105.23000000,104.98700000,105.22900000,784
OFZ 29009,D1,2026-04-06,00:00:00,105.18900000,105.24200000,104.98700000,105.12900000,12925
OFZ 29009,D1,2026-04-07,00:00:00,105.25000000,105.39900000,104.68200000,105.12700000,13600
OFZ 29009,D1,2026-04-08,00:00:00,104.97500000,105.22600000,104.85000000,105.16000000,20392
OFZ 29009,D1,2026-04-09,00:00:00,105.20100000,105.20300000,104.85000000,105.18400000,19516
OFZ 29009,D1,2026-04-10,00:00:00,104.99000000,105.18400000,104.61200000,105.07200000,13445
OFZ 29009,D1,2026-04-11,00:00:00,105.15600000,105.22700000,104.89700000,105.22700000,1059
OFZ 29009,D1,2026-04-12,00:00:00,105.20000000,105.24000000,105.06100000,105.10000000,805
OFZ 29009,D1,2026-04-13,00:00:00,105.15600000,105.24400000,104.89700000,105.12500000,17072
OFZ 29009,D1,2026-04-14,00:00:00,105.00200000,105.29800000,104.74700000,105.25600000,16252
OFZ 29009,D1,2026-04-15,00:00:00,104.96800000,105.25700000,104.96700000,105.21900000,6477
OFZ 29009,D1,2026-04-16,00:00:00,105.21400000,105.29500000,105.00100000,105.20700000,17179
OFZ 29009,D1,2026-04-17,00:00:00,105.20800000,105.30000000,105.00100000,105.12800000,12416
OFZ 29009,D1,2026-04-18,00:00:00,105.29500000,105.29500000,105.01500000,105.17500000,2636
OFZ 29009,D1,2026-04-19,00:00:00,105.29800000,105.29800000,104.93100000,105.24100000,5005
OFZ 29009,D1,2026-04-20,00:00:00,105.29500000,105.39200000,104.93100000,105.23900000,21244
OFZ 29009,D1,2026-04-21,00:00:00,105.00000000,105.39000000,104.75000000,105.22600000,28018
OFZ 29009,D1,2026-04-22,00:00:00,105.22600000,105.24200000,105.00000000,105.24200000,28222
OFZ 29009,D1,2026-04-23,00:00:00,105.13600000,105.40000000,105.01100000,105.24600000,27936
OFZ 29009,D1,2026-04-24,00:00:00,105.27000000,105.85000000,105.11100000,105.59100000,37012
OFZ 29009,D1,2026-04-25,00:00:00,105.84400000,105.85000000,105.36900000,105.66600000,3200
OFZ 29009,D1,2026-04-26,00:00:00,105.84800000,105.94200000,105.59100000,105.94200000,4387
OFZ 29009,D1,2026-04-27,00:00:00,105.84400000,106.00000000,105.00000000,105.49800000,62031
OFZ 29009,D1,2026-04-28,00:00:00,105.49500000,105.55000000,105.08000000,105.29600000,24236
OFZ 29009,D1,2026-04-29,00:00:00,105.29600000,105.55000000,105.21900000,105.43100000,18458
OFZ 29009,D1,2026-04-30,00:00:00,105.42200000,106.00000000,105.25000000,105.97300000,14180
OFZ 29009,D1,2026-05-02,00:00:00,106.11600000,106.23000000,105.97500000,106.21000000,1937
OFZ 29009,D1,2026-05-03,00:00:00,106.21000000,106.29200000,106.10400000,106.27900000,2792
OFZ 29009,D1,2026-05-04,00:00:00,105.99900000,106.29900000,105.70000000,105.92500000,35992
OFZ 29009,D1,2026-05-05,00:00:00,105.92500000,106.14000000,105.65100000,105.88500000,16435
OFZ 29009,D1,2026-05-06,00:00:00,105.99500000,106.00000000,105.75000000,106.00000000,13199
OFZ 29009,D1,2026-05-07,00:00:00,105.99800000,106.57500000,105.83700000,105.96900000,19408
OFZ 29009,D1,2026-05-08,00:00:00,106.00000000,106.00000000,105.80000000,105.91400000,17641
OFZ 29009,D1,2026-05-11,00:00:00,105.99900000,106.00000000,105.80200000,105.99900000,18338
OFZ 29009,D1,2026-05-12,00:00:00,105.70000000,105.94700000,105.20000000,105.91400000,31670
OFZ 29009,D1,2026-05-13,00:00:00,105.80000000,105.86900000,105.00100000,105.01200000,66660
OFZ 29009,D1,2026-05-14,00:00:00,105.79800000,105.79800000,104.85600000,104.92000000,42415
OFZ 29009,D1,2026-05-15,00:00:00,104.90000000,105.50800000,104.80100000,105.31500000,23963
OFZ 29009,D1,2026-05-16,00:00:00,105.31600000,105.49100000,105.05200000,105.26900000,1499
OFZ 29009,D1,2026-05-17,00:00:00,105.10100000,105.26200000,104.97800000,105.07900000,2182
OFZ 29009,D1,2026-05-18,00:00:00,105.31600000,105.69700000,104.91200000,105.58700000,78780
OFZ 29009,D1,2026-05-19,00:00:00,105.69500000,105.94000000,105.20000000,105.54900000,71276
OFZ 29009,D1,2026-05-20,00:00:00,105.87400000,105.87400000,105.15600000,105.50100000,13633
OFZ 29009,D1,2026-05-21,00:00:00,105.92900000,105.92900000,105.41100000,105.62100000,47869
OFZ 29009,D1,2026-05-22,00:00:00,105.70000000,105.99000000,105.50000000,105.78000000,5499
OFZ 29009,D1,2026-05-23,00:00:00,105.67500000,105.77800000,105.59300000,105.60000000,942
OFZ 29009,D1,2026-05-24,00:00:00,105.75400000,105.78000000,105.44300000,105.71600000,2072
OFZ 29009,D1,2026-05-25,00:00:00,105.67500000,105.99800000,105.41000000,105.63200000,8820
OFZ 29009,D1,2026-05-26,00:00:00,105.74600000,105.74700000,105.50000000,105.54700000,15780
OFZ 29009,D1,2026-05-27,00:00:00,105.50000000,106.01000000,105.18300000,105.87500000,14355
OFZ 29009,D1,2026-05-28,00:00:00,105.87500000,105.99200000,105.53400000,105.77900000,5142
OFZ 29009,D1,2026-05-29,00:00:00,105.53500000,105.99400000,105.53500000,105.92000000,3113
OFZ 29009,D1,2026-05-30,00:00:00,105.68400000,105.68400000,105.60400000,105.68300000,520
OFZ 29009,D1,2026-05-31,00:00:00,105.54100000,105.74600000,105.54100000,105.74600000,1710
OFZ 29009,MN1,2025-12-31,00:00:00,105.48100000,106.09400000,105.02700000,105.88300000,637733
OFZ 29009,MN1,2026-01-31,00:00:00,106.04000000,106.30900000,104.02200000,104.44000000,197537
OFZ 29009,MN1,2026-02-28,00:00:00,104.52000000,105.10000000,103.84600000,104.34900000,402043
OFZ 29009,MN1,2026-03-31,00:00:00,104.44700000,105.24900000,104.11300000,105.10800000,280233
OFZ 29009,MN1,2026-04-30,00:00:00,105.22400000,106.00000000,104.61200000,105.97300000,458047
OFZ 29009,W1,2025-12-07,00:00:00,105.48100000,105.80200000,105.02700000,105.76900000,66972
OFZ 29009,W1,2025-12-14,00:00:00,105.76900000,106.05000000,105.06500000,105.55300000,432586
OFZ 29009,W1,2025-12-21,00:00:00,105.55300000,105.99900000,105.19800000,105.45700000,67322
OFZ 29009,W1,2025-12-28,00:00:00,105.52400000,105.79800000,105.21600000,105.64400000,45326
OFZ 29009,W1,2026-01-04,00:00:00,105.84900000,106.09400000,105.31700000,105.88300000,25527
OFZ 29009,W1,2026-01-11,00:00:00,106.04000000,106.30200000,105.88300000,106.08600000,14470
OFZ 29009,W1,2026-01-18,00:00:00,106.08600000,106.30900000,105.75000000,106.22100000,42181
OFZ 29009,W1,2026-01-25,00:00:00,106.27800000,106.29900000,104.74600000,104.89600000,86930
OFZ 29009,W1,2026-02-01,00:00:00,105.20600000,105.31300000,104.02200000,104.44000000,53956
OFZ 29009,W1,2026-02-08,00:00:00,104.52000000,104.89100000,103.96000000,104.11000000,253894
OFZ 29009,W1,2026-02-15,00:00:00,104.20800000,105.10000000,104.07100000,104.19300000,63522
OFZ 29009,W1,2026-02-22,00:00:00,104.19300000,104.48900000,103.84600000,104.10000000,60721
OFZ 29009,W1,2026-03-01,00:00:00,104.09800000,104.35000000,103.94000000,104.34900000,23906
OFZ 29009,W1,2026-03-08,00:00:00,104.44700000,104.97800000,104.12600000,104.55100000,75854
OFZ 29009,W1,2026-03-15,00:00:00,104.55100000,104.90800000,104.11300000,104.56900000,43891
OFZ 29009,W1,2026-03-22,00:00:00,104.57000000,105.11000000,104.35100000,104.78900000,45232
OFZ 29009,W1,2026-03-29,00:00:00,104.79900000,105.24100000,104.57500000,105.16300000,50203
OFZ 29009,W1,2026-04-05,00:00:00,105.16400000,105.24900000,104.93100000,105.22900000,95397
OFZ 29009,W1,2026-04-12,00:00:00,105.18900000,105.39900000,104.61200000,105.10000000,81742
OFZ 29009,W1,2026-04-19,00:00:00,105.15600000,105.30000000,104.74700000,105.24100000,77037
OFZ 29009,W1,2026-04-26,00:00:00,105.29500000,105.94200000,104.75000000,105.94200000,150019
OFZ 29009,W1,2026-05-03,00:00:00,105.84400000,106.29200000,105.00000000,106.27900000,123634
OFZ 29009,W1,2026-05-10,00:00:00,105.99900000,106.57500000,105.65100000,105.91400000,102675
OFZ 29009,W1,2026-05-17,00:00:00,105.99900000,106.00000000,104.80100000,105.07900000,186727
OFZ 29009,W1,2026-05-24,00:00:00,105.31600000,105.99000000,104.91200000,105.71600000,220071
OFZ 29010,D1,2025-12-01,00:00:00,107.77800000,107.79000000,107.50000000,107.68300000,29249
OFZ 29010,D1,2025-12-02,00:00:00,107.80000000,107.89300000,107.64100000,107.89100000,25738
OFZ 29010,D1,2025-12-03,00:00:00,107.89100000,108.09400000,107.70000000,108.00000000,50598
OFZ 29010,D1,2025-12-04,00:00:00,108.18500000,108.25000000,107.85000000,107.85700000,22372
OFZ 29010,D1,2025-12-05,00:00:00,107.86000000,108.44700000,107.83000000,108.36000000,37208
OFZ 29010,D1,2025-12-08,00:00:00,108.36000000,108.74900000,107.80400000,107.95700000,39597
OFZ 29010,D1,2025-12-09,00:00:00,108.15400000,108.28700000,107.80100000,107.95500000,22952
OFZ 29010,D1,2025-12-10,00:00:00,107.81000000,108.49900000,107.81000000,108.13500000,29620
OFZ 29010,D1,2025-12-11,00:00:00,108.28200000,108.60700000,108.00300000,108.15900000,43533
OFZ 29010,D1,2025-12-12,00:00:00,108.43500000,108.44500000,108.21900000,108.39700000,27792
OFZ 29010,D1,2025-12-15,00:00:00,108.43500000,108.49900000,108.25700000,108.43600000,52344
OFZ 29010,D1,2025-12-16,00:00:00,108.35500000,108.35500000,107.74100000,107.89700000,97914
OFZ 29010,D1,2025-12-17,00:00:00,107.99900000,107.99900000,107.34800000,107.69800000,75311
OFZ 29010,D1,2025-12-18,00:00:00,107.70000000,107.78000000,107.17000000,107.27900000,70835
OFZ 29010,D1,2025-12-19,00:00:00,107.40000000,107.48700000,106.97000000,107.18400000,33077
OFZ 29010,D1,2025-12-22,00:00:00,107.41100000,107.41100000,106.70000000,106.84000000,38114
OFZ 29010,D1,2025-12-23,00:00:00,106.84200000,106.89700000,106.50100000,106.78700000,21401
OFZ 29010,D1,2025-12-24,00:00:00,106.78700000,106.96200000,106.61500000,106.71900000,12854
OFZ 29010,D1,2025-12-25,00:00:00,106.71900000,106.84500000,106.57100000,106.80600000,24463
OFZ 29010,D1,2025-12-26,00:00:00,106.75000000,106.84200000,106.53000000,106.74300000,17483
OFZ 29010,D1,2025-12-29,00:00:00,106.76100000,107.20000000,106.62300000,106.77600000,18433
OFZ 29010,D1,2025-12-30,00:00:00,106.75100000,106.97500000,105.27300000,106.09000000,125343
OFZ 29010,D1,2026-01-05,00:00:00,106.09000000,106.54200000,105.27000000,106.24000000,34285
OFZ 29010,D1,2026-01-06,00:00:00,106.30000000,106.44900000,105.96000000,106.27300000,6848
OFZ 29010,D1,2026-01-08,00:00:00,106.30200000,106.61100000,106.01300000,106.55100000,4979
OFZ 29010,D1,2026-01-09,00:00:00,106.47800000,106.54400000,106.30400000,106.50100000,2289
OFZ 29010,D1,2026-01-12,00:00:00,106.54000000,106.55200000,106.21300000,106.29900000,9271
OFZ 29010,D1,2026-01-13,00:00:00,106.32100000,106.36900000,106.00000000,106.27500000,10678
OFZ 29010,D1,2026-01-14,00:00:00,106.11100000,106.37300000,106.01000000,106.25400000,7342
OFZ 29010,D1,2026-01-15,00:00:00,106.15100000,106.35800000,106.00000000,106.30600000,18413
OFZ 29010,D1,2026-01-16,00:00:00,106.18300000,106.41400000,106.18300000,106.41400000,10136
OFZ 29010,D1,2026-01-19,00:00:00,106.41300000,106.60000000,106.22900000,106.55000000,11009
OFZ 29010,D1,2026-01-20,00:00:00,106.54900000,106.65000000,106.13400000,106.45100000,11222
OFZ 29010,D1,2026-01-21,00:00:00,106.35200000,106.63900000,106.18300000,106.48000000,11774
OFZ 29010,D1,2026-01-22,00:00:00,106.19800000,106.65700000,106.19800000,106.61300000,12431
OFZ 29010,D1,2026-01-23,00:00:00,106.65600000,106.69100000,106.00000000,106.45600000,20780
OFZ 29010,D1,2026-01-26,00:00:00,106.45600000,106.55500000,105.90000000,106.44000000,29372
OFZ 29010,D1,2026-01-27,00:00:00,106.46500000,106.46500000,106.17400000,106.35700000,7096
OFZ 29010,D1,2026-01-28,00:00:00,106.35700000,106.64200000,106.29500000,106.45600000,10804
OFZ 29010,D1,2026-01-29,00:00:00,106.63500000,106.63500000,106.15300000,106.33500000,8081
OFZ 29010,D1,2026-01-30,00:00:00,106.35000000,106.54500000,106.01000000,106.14400000,906509
OFZ 29010,D1,2026-02-02,00:00:00,106.14100000,106.59800000,105.93500000,106.20100000,20098
OFZ 29010,D1,2026-02-03,00:00:00,106.20100000,106.20100000,105.98200000,106.08000000,13673
OFZ 29010,D1,2026-02-04,00:00:00,106.12000000,106.15000000,106.00000000,106.01800000,13325
OFZ 29010,D1,2026-02-05,00:00:00,106.07400000,106.10000000,105.97800000,106.05000000,15099
OFZ 29010,D1,2026-02-06,00:00:00,106.00000000,106.09900000,105.90000000,106.08300000,27634
OFZ 29010,D1,2026-02-09,00:00:00,106.08300000,106.10000000,105.65800000,105.96200000,13646
OFZ 29010,D1,2026-02-10,00:00:00,105.96200000,106.19900000,105.83000000,106.00000000,29095
OFZ 29010,D1,2026-02-11,00:00:00,106.10700000,106.13100000,105.83500000,106.04900000,20762
OFZ 29010,D1,2026-02-12,00:00:00,106.08600000,106.19900000,105.92500000,106.08200000,16137
OFZ 29010,D1,2026-02-13,00:00:00,106.08300000,106.20000000,105.88900000,105.90700000,22585
OFZ 29010,D1,2026-02-16,00:00:00,105.90000000,106.17600000,105.80000000,105.89200000,39649
OFZ 29010,D1,2026-02-17,00:00:00,105.83500000,106.00800000,105.77800000,105.98900000,7195
OFZ 29010,D1,2026-02-18,00:00:00,106.01800000,106.19500000,105.80100000,105.85700000,9119
OFZ 29010,D1,2026-02-19,00:00:00,105.92000000,105.99900000,105.80500000,105.90100000,4839
OFZ 29010,D1,2026-02-20,00:00:00,105.90000000,105.99900000,105.83300000,105.96900000,3904
OFZ 29010,D1,2026-02-24,00:00:00,105.93000000,105.98000000,105.80000000,105.93900000,12882
OFZ 29010,D1,2026-02-25,00:00:00,105.93800000,105.99300000,105.80100000,105.94300000,18971
OFZ 29010,D1,2026-02-26,00:00:00,105.84600000,105.99900000,105.77100000,105.99800000,22049
OFZ 29010,D1,2026-02-27,00:00:00,105.92700000,105.99900000,105.75400000,105.97000000,10097
OFZ 29010,D1,2026-03-02,00:00:00,105.99800000,106.12000000,105.75300000,106.07600000,21828
OFZ 29010,D1,2026-03-03,00:00:00,106.00200000,106.18400000,105.81000000,105.88100000,9236
OFZ 29010,D1,2026-03-04,00:00:00,105.92300000,106.00000000,105.88100000,105.92100000,5717
OFZ 29010,D1,2026-03-05,00:00:00,105.88300000,106.09600000,105.87900000,106.09100000,11164
OFZ 29010,D1,2026-03-06,00:00:00,105.92700000,106.09600000,105.80400000,105.96600000,9041
OFZ 29010,D1,2026-03-09,00:00:00,106.09100000,106.09100000,105.76900000,105.85500000,9692
OFZ 29010,D1,2026-03-10,00:00:00,105.93700000,106.09600000,105.80300000,105.85200000,13086
OFZ 29010,D1,2026-03-11,00:00:00,105.96200000,106.09800000,105.80400000,106.01300000,12662
OFZ 29010,D1,2026-03-12,00:00:00,105.99000000,106.01800000,105.84100000,105.96000000,5751
OFZ 29010,D1,2026-03-13,00:00:00,105.93200000,106.09800000,105.85500000,106.00700000,6076
OFZ 29010,D1,2026-03-16,00:00:00,106.09600000,106.25000000,105.90000000,106.25000000,25343
OFZ 29010,D1,2026-03-17,00:00:00,106.27400000,106.48900000,106.10800000,106.30900000,9020
OFZ 29010,D1,2026-03-18,00:00:00,106.19500000,106.31000000,105.99900000,106.16200000,6660
OFZ 29010,D1,2026-03-19,00:00:00,106.20000000,106.30900000,106.10000000,106.29900000,4111
OFZ 29010,D1,2026-03-20,00:00:00,106.30400000,106.30800000,105.80300000,106.20700000,12434
OFZ 29010,D1,2026-03-23,00:00:00,106.28000000,106.28000000,105.80300000,106.01500000,8414
OFZ 29010,D1,2026-03-24,00:00:00,106.16300000,106.30000000,105.89500000,106.06000000,14619
OFZ 29010,D1,2026-03-25,00:00:00,106.20000000,106.30100000,105.84100000,106.20000000,23901
OFZ 29010,D1,2026-03-26,00:00:00,106.20100000,106.45000000,106.05100000,106.24800000,7326
OFZ 29010,D1,2026-03-27,00:00:00,106.16900000,106.48700000,106.11900000,106.19100000,34243
OFZ 29010,D1,2026-03-28,00:00:00,106.30700000,106.44000000,106.15000000,106.44000000,2701
OFZ 29010,D1,2026-03-29,00:00:00,106.43900000,106.55800000,106.30000000,106.55800000,12935
OFZ 29010,D1,2026-03-30,00:00:00,106.30700000,106.55800000,106.05100000,106.12300000,35193
OFZ 29010,D1,2026-03-31,00:00:00,106.12300000,106.35500000,106.05900000,106.13900000,37740
OFZ 29010,D1,2026-04-01,00:00:00,106.10500000,106.23300000,106.05900000,106.14900000,5081
OFZ 29010,D1,2026-04-02,00:00:00,106.25900000,106.26100000,106.00000000,106.13500000,8121
OFZ 29010,D1,2026-04-03,00:00:00,106.15000000,106.22500000,105.98000000,106.17600000,3733
OFZ 29010,D1,2026-04-04,00:00:00,106.23100000,106.34200000,106.16000000,106.34000000,1989
OFZ 29010,D1,2026-04-05,00:00:00,106.34000000,106.34200000,106.17900000,106.21200000,2751
OFZ 29010,D1,2026-04-06,00:00:00,106.23100000,106.38600000,106.00000000,106.02600000,18006
OFZ 29010,D1,2026-04-07,00:00:00,106.14500000,106.17800000,105.90000000,105.97400000,8411
OFZ 29010,D1,2026-04-08,00:00:00,105.90300000,106.32800000,105.90000000,106.20600000,11613
OFZ 29010,D1,2026-04-09,00:00:00,106.27000000,106.33200000,106.00400000,106.06200000,9749
OFZ 29010,D1,2026-04-10,00:00:00,106.26400000,106.33400000,105.95200000,106.04600000,9985
OFZ 29010,D1,2026-04-11,00:00:00,106.04700000,106.17100000,106.00100000,106.15900000,1951
OFZ 29010,D1,2026-04-12,00:00:00,106.13900000,106.17100000,106.01400000,106.12900000,621
OFZ 29010,D1,2026-04-13,00:00:00,106.04700000,106.19800000,106.00100000,106.13000000,8260
OFZ 29010,D1,2026-04-14,00:00:00,106.20000000,106.20000000,105.74900000,106.07300000,55481
OFZ 29010,D1,2026-04-15,00:00:00,105.97500000,106.11400000,105.65000000,105.83700000,57115
OFZ 29010,D1,2026-04-16,00:00:00,105.85000000,105.85000000,105.50100000,105.78500000,57709
OFZ 29010,D1,2026-04-17,00:00:00,105.78100000,105.91400000,105.41000000,105.53800000,79194
OFZ 29010,D1,2026-04-18,00:00:00,105.61500000,105.63400000,105.40800000,105.57400000,2043
OFZ 29010,D1,2026-04-19,00:00:00,105.57400000,105.68000000,105.42200000,105.68000000,1570
OFZ 29010,D1,2026-04-20,00:00:00,105.61500000,105.77800000,105.40800000,105.59800000,78595
OFZ 29010,D1,2026-04-21,00:00:00,105.40600000,105.66500000,105.40500000,105.52600000,61102
OFZ 29010,D1,2026-04-22,00:00:00,105.50000000,105.64300000,105.31000000,105.50000000,336834
OFZ 29010,D1,2026-04-23,00:00:00,105.48000000,105.78100000,105.40100000,105.57000000,15754
OFZ 29010,D1,2026-04-24,00:00:00,105.48700000,106.20400000,105.48700000,106.17800000,19329
OFZ 29010,D1,2026-04-25,00:00:00,106.05500000,106.19100000,106.05500000,106.19100000,2833
OFZ 29010,D1,2026-04-26,00:00:00,106.19100000,106.19200000,106.05700000,106.15000000,1525
OFZ 29010,D1,2026-04-27,00:00:00,106.05500000,106.30000000,105.90000000,106.07900000,11084
OFZ 29010,D1,2026-04-28,00:00:00,106.02900000,106.27200000,105.97700000,106.09500000,8171
OFZ 29010,D1,2026-04-29,00:00:00,106.08000000,106.24200000,105.85100000,106.21600000,9964
OFZ 29010,D1,2026-04-30,00:00:00,106.00800000,106.26900000,106.00000000,106.24400000,20751
OFZ 29010,D1,2026-05-02,00:00:00,106.26900000,106.26900000,106.02600000,106.26200000,2321
OFZ 29010,D1,2026-05-03,00:00:00,106.29900000,106.30000000,106.12400000,106.29800000,1670
OFZ 29010,D1,2026-05-04,00:00:00,106.21600000,106.30000000,105.99900000,106.09700000,31821
OFZ 29010,D1,2026-05-05,00:00:00,106.09600000,106.14000000,105.97800000,106.07000000,709873
OFZ 29010,D1,2026-05-06,00:00:00,106.13800000,106.40000000,105.95800000,106.00100000,314947
OFZ 29010,D1,2026-05-07,00:00:00,106.00100000,106.48800000,105.95900000,106.12200000,4692
OFZ 29010,D1,2026-05-08,00:00:00,106.44000000,106.48400000,106.02500000,106.12100000,5422
OFZ 29010,D1,2026-05-11,00:00:00,106.12200000,106.43900000,106.12200000,106.26000000,4696
OFZ 29010,D1,2026-05-12,00:00:00,106.26000000,106.35000000,106.03000000,106.21800000,8473
OFZ 29010,D1,2026-05-13,00:00:00,106.18400000,106.75000000,106.12800000,106.26800000,116323
OFZ 29010,D1,2026-05-14,00:00:00,106.15400000,106.42600000,106.03000000,106.35700000,30686
OFZ 29010,D1,2026-05-15,00:00:00,106.60000000,106.60000000,106.22400000,106.39800000,7899
OFZ 29010,D1,2026-05-16,00:00:00,106.53800000,106.54000000,106.13000000,106.37700000,7612
OFZ 29010,D1,2026-05-17,00:00:00,106.39000000,106.39000000,104.90000000,105.88200000,32281
OFZ 29010,D1,2026-05-18,00:00:00,106.53800000,106.54000000,104.90000000,105.76100000,484123
OFZ 29010,D1,2026-05-19,00:00:00,105.72300000,106.04900000,105.70100000,105.80000000,298339
OFZ 29010,D1,2026-05-20,00:00:00,105.98900000,105.98900000,105.63600000,105.74700000,268357
OFZ 29010,D1,2026-05-21,00:00:00,105.74700000,106.00000000,105.61400000,105.89900000,414670
OFZ 29010,D1,2026-05-22,00:00:00,106.00000000,106.12500000,105.89000000,105.98000000,107714
OFZ 29010,D1,2026-05-23,00:00:00,105.79200000,106.19000000,105.79200000,105.96000000,2689
OFZ 29010,D1,2026-05-24,00:00:00,106.19500000,106.19500000,105.75000000,106.08600000,7336
OFZ 29010,D1,2026-05-25,00:00:00,105.79200000,106.37900000,105.75000000,106.04700000,25665
OFZ 29010,D1,2026-05-26,00:00:00,106.10000000,106.30100000,105.70000000,105.85700000,12964
OFZ 29010,D1,2026-05-27,00:00:00,105.80100000,106.22900000,105.67000000,105.90000000,13649
OFZ 29010,D1,2026-05-28,00:00:00,106.19000000,106.19000000,105.90100000,106.00000000,12741
OFZ 29010,D1,2026-05-29,00:00:00,106.00000000,106.22000000,105.75200000,106.00500000,13938
OFZ 29010,D1,2026-05-30,00:00:00,106.00500000,106.21300000,105.84100000,106.16000000,2771
OFZ 29010,D1,2026-05-31,00:00:00,106.00300000,106.31000000,106.00300000,106.11400000,1730
OFZ 29010,MN1,2025-12-31,00:00:00,107.77800000,108.74900000,105.27300000,106.09000000,916231
OFZ 29010,MN1,2026-01-31,00:00:00,106.09000000,106.69100000,105.27000000,106.14400000,1133319
OFZ 29010,MN1,2026-02-28,00:00:00,106.14100000,106.59800000,105.65800000,105.97000000,320759
OFZ 29010,MN1,2026-03-31,00:00:00,105.99800000,106.55800000,105.75300000,106.13900000,338893
OFZ 29010,MN1,2026-04-30,00:00:00,106.10500000,106.38600000,105.31000000,106.24400000,909325
OFZ 29010,W1,2025-12-07,00:00:00,107.77800000,108.44700000,107.50000000,108.36000000,165165
OFZ 29010,W1,2025-12-14,00:00:00,108.36000000,108.74900000,107.80100000,108.39700000,163494
OFZ 29010,W1,2025-12-21,00:00:00,108.43500000,108.49900000,106.97000000,107.18400000,329481
OFZ 29010,W1,2025-12-28,00:00:00,107.41100000,107.41100000,106.50100000,106.74300000,114315
OFZ 29010,W1,2026-01-04,00:00:00,106.76100000,107.20000000,105.27300000,106.09000000,143776
OFZ 29010,W1,2026-01-11,00:00:00,106.09000000,106.61100000,105.27000000,106.50100000,48401
OFZ 29010,W1,2026-01-18,00:00:00,106.54000000,106.55200000,106.00000000,106.41400000,55840
OFZ 29010,W1,2026-01-25,00:00:00,106.41300000,106.69100000,106.00000000,106.45600000,67216
OFZ 29010,W1,2026-02-01,00:00:00,106.45600000,106.64200000,105.90000000,106.14400000,961862
OFZ 29010,W1,2026-02-08,00:00:00,106.14100000,106.59800000,105.90000000,106.08300000,89829
OFZ 29010,W1,2026-02-15,00:00:00,106.08300000,106.20000000,105.65800000,105.90700000,102225
OFZ 29010,W1,2026-02-22,00:00:00,105.90000000,106.19500000,105.77800000,105.96900000,64706
OFZ 29010,W1,2026-03-01,00:00:00,105.93000000,105.99900000,105.75400000,105.97000000,63999
OFZ 29010,W1,2026-03-08,00:00:00,105.99800000,106.18400000,105.75300000,105.96600000,56986
OFZ 29010,W1,2026-03-15,00:00:00,106.09100000,106.09800000,105.76900000,106.00700000,47267
OFZ 29010,W1,2026-03-22,00:00:00,106.09600000,106.48900000,105.80300000,106.20700000,57568
OFZ 29010,W1,2026-03-29,00:00:00,106.28000000,106.55800000,105.80300000,106.55800000,104139
OFZ 29010,W1,2026-04-05,00:00:00,106.30700000,106.55800000,105.98000000,106.21200000,94608
OFZ 29010,W1,2026-04-12,00:00:00,106.23100000,106.38600000,105.90000000,106.12900000,60336
OFZ 29010,W1,2026-04-19,00:00:00,106.04700000,106.20000000,105.40800000,105.68000000,261372
OFZ 29010,W1,2026-04-26,00:00:00,105.61500000,106.20400000,105.31000000,106.15000000,515972
OFZ 29010,W1,2026-05-03,00:00:00,106.05500000,106.30000000,105.85100000,106.29800000,53961
OFZ 29010,W1,2026-05-10,00:00:00,106.21600000,106.48800000,105.95800000,106.12100000,1066755
OFZ 29010,W1,2026-05-17,00:00:00,106.12200000,106.75000000,104.90000000,105.88200000,207970
OFZ 29010,W1,2026-05-24,00:00:00,106.53800000,106.54000000,104.90000000,106.08600000,1583228
OFZ 29013,D1,2025-12-01,00:00:00,96.76000000,96.98300000,96.74200000,96.85300000,2522
OFZ 29013,D1,2025-12-02,00:00:00,96.97300000,96.97300000,96.75700000,96.78800000,1923
OFZ 29013,D1,2025-12-03,00:00:00,96.76000000,96.96600000,96.75800000,96.84600000,3441
OFZ 29013,D1,2025-12-04,00:00:00,96.84000000,96.96800000,96.78900000,96.84000000,707
OFZ 29013,D1,2025-12-05,00:00:00,96.84800000,97.06400000,96.81500000,97.01900000,2232
OFZ 29013,D1,2025-12-08,00:00:00,97.09600000,97.32000000,96.81600000,96.86800000,4527
OFZ 29013,D1,2025-12-09,00:00:00,97.01600000,97.13700000,96.82000000,96.91100000,1569
OFZ 29013,D1,2025-12-10,00:00:00,97.01300000,97.09900000,96.86100000,97.09900000,2740
OFZ 29013,D1,2025-12-11,00:00:00,96.94900000,96.94900000,96.70000000,96.90000000,883298
OFZ 29013,D1,2025-12-12,00:00:00,96.97400000,97.12100000,96.81500000,96.90000000,1474
OFZ 29013,D1,2025-12-15,00:00:00,97.07100000,97.10000000,96.82300000,96.90000000,3200
OFZ 29013,D1,2025-12-16,00:00:00,96.94400000,97.10000000,96.91100000,96.99300000,3255
OFZ 29013,D1,2025-12-17,00:00:00,96.99600000,97.04900000,96.96200000,96.97300000,2253
OFZ 29013,D1,2025-12-18,00:00:00,97.12100000,97.12200000,96.71700000,96.94600000,708478
OFZ 29013,D1,2025-12-19,00:00:00,96.97300000,97.04900000,96.94600000,97.04900000,4558
OFZ 29013,D1,2025-12-22,00:00:00,97.12200000,97.14300000,96.94300000,97.05600000,2956
OFZ 29013,D1,2025-12-23,00:00:00,97.05800000,97.19500000,97.04000000,97.16400000,3411
OFZ 29013,D1,2025-12-24,00:00:00,97.19600000,97.20000000,97.05000000,97.19900000,7580
OFZ 29013,D1,2025-12-25,00:00:00,97.24800000,97.24900000,97.01100000,97.01100000,9397
OFZ 29013,D1,2025-12-26,00:00:00,97.09900000,97.15800000,96.70000000,96.79700000,19082
OFZ 29013,D1,2025-12-29,00:00:00,96.79100000,97.00000000,96.79100000,96.84900000,8511
OFZ 29013,D1,2025-12-30,00:00:00,96.67000000,97.01000000,96.51000000,96.77800000,236723
OFZ 29013,D1,2026-01-05,00:00:00,96.91600000,96.98100000,96.68800000,96.97000000,1539
OFZ 29013,D1,2026-01-06,00:00:00,96.96900000,97.03700000,96.88600000,96.99900000,1354
OFZ 29013,D1,2026-01-08,00:00:00,96.90200000,96.99900000,96.65500000,96.91800000,1393
OFZ 29013,D1,2026-01-09,00:00:00,96.95400000,96.98100000,96.82300000,96.97600000,687
OFZ 29013,D1,2026-01-12,00:00:00,97.03900000,97.04000000,96.80000000,96.89600000,1567
OFZ 29013,D1,2026-01-13,00:00:00,96.98500000,96.98500000,96.57800000,96.83200000,2939
OFZ 29013,D1,2026-01-14,00:00:00,96.84000000,96.99400000,96.79000000,96.97600000,2937
OFZ 29013,D1,2026-01-15,00:00:00,96.98100000,96.98200000,96.87400000,96.98100000,10967
OFZ 29013,D1,2026-01-16,00:00:00,96.98200000,97.10000000,96.89500000,97.02300000,22308
OFZ 29013,D1,2026-01-19,00:00:00,97.10900000,97.20000000,96.82600000,96.95000000,284319
OFZ 29013,D1,2026-01-20,00:00:00,97.05200000,97.09800000,97.01100000,97.08500000,1117
OFZ 29013,D1,2026-01-21,00:00:00,97.08500000,97.17000000,96.99700000,97.08000000,3077
OFZ 29013,D1,2026-01-22,00:00:00,96.82800000,97.19800000,96.82800000,97.08600000,9571
OFZ 29013,D1,2026-01-23,00:00:00,97.19400000,97.20000000,97.00100000,97.09600000,3420
OFZ 29013,D1,2026-01-26,00:00:00,97.07000000,97.13900000,97.03300000,97.09600000,2764
OFZ 29013,D1,2026-01-27,00:00:00,97.19900000,97.20000000,97.03700000,97.09800000,5747
OFZ 29013,D1,2026-01-28,00:00:00,97.20000000,97.23100000,96.90600000,97.05000000,782
OFZ 29013,D1,2026-01-29,00:00:00,97.05000000,97.22500000,96.95500000,97.04700000,728
OFZ 29013,D1,2026-01-30,00:00:00,96.98800000,97.20400000,96.90000000,97.06700000,2353
OFZ 29013,D1,2026-02-02,00:00:00,97.09700000,97.25000000,97.00100000,97.00100000,13285
OFZ 29013,D1,2026-02-03,00:00:00,97.11800000,97.21800000,97.06200000,97.15000000,590
OFZ 29013,D1,2026-02-04,00:00:00,97.14900000,97.15000000,97.00200000,97.10000000,3761
OFZ 29013,D1,2026-02-05,00:00:00,97.24900000,97.24900000,97.09900000,97.14900000,7230
OFZ 29013,D1,2026-02-06,00:00:00,97.24900000,97.32000000,97.00000000,97.19200000,1388
OFZ 29013,D1,2026-02-09,00:00:00,97.31900000,97.31900000,97.00400000,97.17700000,3037
OFZ 29013,D1,2026-02-10,00:00:00,96.97500000,97.31900000,96.97500000,97.00900000,3128
OFZ 29013,D1,2026-02-11,00:00:00,97.29100000,97.30000000,97.06100000,97.14500000,877
OFZ 29013,D1,2026-02-12,00:00:00,97.27100000,97.30000000,97.06200000,97.23500000,878
OFZ 29013,D1,2026-02-13,00:00:00,97.14900000,97.14900000,97.00100000,97.10200000,2983
OFZ 29013,D1,2026-02-16,00:00:00,97.18700000,97.23300000,96.92800000,96.98800000,11259
OFZ 29013,D1,2026-02-17,00:00:00,96.99300000,97.20400000,96.99300000,97.18600000,1086
OFZ 29013,D1,2026-02-18,00:00:00,96.99300000,97.23100000,96.99300000,97.00400000,290508
OFZ 29013,D1,2026-02-19,00:00:00,97.19900000,97.20000000,96.91800000,97.14000000,105736
OFZ 29013,D1,2026-02-20,00:00:00,97.19800000,97.19800000,96.93300000,97.08900000,100420
OFZ 29013,D1,2026-02-24,00:00:00,97.19900000,97.20000000,96.95000000,97.10100000,129991
OFZ 29013,D1,2026-02-25,00:00:00,97.19300000,97.20700000,97.11100000,97.12000000,39656
OFZ 29013,D1,2026-02-26,00:00:00,97.21000000,97.21200000,97.10800000,97.14900000,9190
OFZ 29013,D1,2026-02-27,00:00:00,97.21400000,97.21500000,97.06100000,97.10800000,32466
OFZ 29013,D1,2026-03-02,00:00:00,97.10000000,97.22300000,96.99700000,97.19900000,40091
OFZ 29013,D1,2026-03-03,00:00:00,97.02900000,97.21000000,97.02700000,97.16200000,47382
OFZ 29013,D1,2026-03-04,00:00:00,97.16100000,97.22000000,97.03900000,97.15200000,2084
OFZ 29013,D1,2026-03-05,00:00:00,97.22000000,97.22000000,97.06700000,97.15000000,221559
OFZ 29013,D1,2026-03-06,00:00:00,97.03100000,97.39000000,97.02400000,97.39000000,957
OFZ 29013,D1,2026-03-09,00:00:00,97.39400000,97.39400000,97.11000000,97.30000000,722
OFZ 29013,D1,2026-03-10,00:00:00,97.07600000,97.40800000,97.07500000,97.40700000,185674
OFZ 29013,D1,2026-03-11,00:00:00,97.50000000,97.59600000,97.25500000,97.40000000,13057
OFZ 29013,D1,2026-03-12,00:00:00,97.39800000,97.59500000,97.30600000,97.59100000,31831
OFZ 29013,D1,2026-03-13,00:00:00,97.59600000,97.59600000,97.36400000,97.54200000,102390
OFZ 29013,D1,2026-03-16,00:00:00,97.54300000,97.55700000,97.30200000,97.50000000,828808
OFZ 29013,D1,2026-03-17,00:00:00,97.50000000,97.59500000,97.36500000,97.55800000,38167
OFZ 29013,D1,2026-03-18,00:00:00,97.37800000,97.62200000,97.37800000,97.62200000,78477
OFZ 29013,D1,2026-03-19,00:00:00,97.62200000,97.62200000,97.50600000,97.58200000,1586
OFZ 29013,D1,2026-03-20,00:00:00,97.62200000,97.66000000,97.53900000,97.66000000,96495
OFZ 29013,D1,2026-03-23,00:00:00,97.70000000,98.09600000,97.29000000,97.65000000,467428
OFZ 29013,D1,2026-03-24,00:00:00,97.60100000,98.02200000,97.47000000,97.83900000,185402
OFZ 29013,D1,2026-03-25,00:00:00,97.94700000,98.05000000,97.60100000,98.04900000,76035
OFZ 29013,D1,2026-03-26,00:00:00,98.04900000,98.20000000,97.87800000,97.93000000,215288
OFZ 29013,D1,2026-03-27,00:00:00,98.16600000,98.19900000,97.81100000,97.95000000,68558
OFZ 29013,D1,2026-03-28,00:00:00,97.95000000,98.19900000,97.89400000,98.19900000,2179
OFZ 29013,D1,2026-03-29,00:00:00,97.92300000,98.20000000,97.92300000,98.00500000,129
OFZ 29013,D1,2026-03-30,00:00:00,97.95000000,98.50000000,97.80200000,97.92100000,50322
OFZ 29013,D1,2026-03-31,00:00:00,98.00100000,98.20000000,97.83400000,97.94400000,1164421
OFZ 29013,D1,2026-04-01,00:00:00,98.15100000,98.20000000,97.85900000,97.88400000,108546
OFZ 29013,D1,2026-04-02,00:00:00,97.81400000,98.37300000,97.80000000,98.15600000,75658
OFZ 29013,D1,2026-04-03,00:00:00,97.80200000,98.15000000,97.80200000,97.94900000,2327
OFZ 29013,D1,2026-04-04,00:00:00,98.28100000,98.28100000,97.80900000,98.19000000,108
OFZ 29013,D1,2026-04-05,00:00:00,98.10000000,98.10000000,97.72100000,97.84400000,588
OFZ 29013,D1,2026-04-06,00:00:00,98.28100000,98.28100000,97.72100000,97.97200000,4087851
OFZ 29013,D1,2026-04-07,00:00:00,98.32100000,98.34400000,97.80700000,97.90100000,755442
OFZ 29013,D1,2026-04-08,00:00:00,98.18900000,98.18900000,97.87100000,97.97000000,743696
OFZ 29013,D1,2026-04-09,00:00:00,97.98200000,97.98200000,97.85900000,97.86600000,104312
OFZ 29013,D1,2026-04-10,00:00:00,98.27800000,98.27800000,97.82900000,97.93000000,3372
OFZ 29013,D1,2026-04-11,00:00:00,97.98000000,97.98000000,97.97800000,97.98000000,136
OFZ 29013,D1,2026-04-12,00:00:00,97.98000000,97.98000000,97.80600000,97.84400000,199
OFZ 29013,D1,2026-04-13,00:00:00,97.98000000,98.07100000,97.80600000,97.96900000,501887
OFZ 29013,D1,2026-04-14,00:00:00,98.08000000,98.08000000,97.86000000,97.98000000,7263
OFZ 29013,D1,2026-04-15,00:00:00,98.08000000,98.17900000,97.80000000,98.17900000,1601843
OFZ 29013,D1,2026-04-16,00:00:00,98.18000000,98.18000000,97.83500000,97.99900000,251945
OFZ 29013,D1,2026-04-17,00:00:00,97.90500000,98.20900000,97.88600000,97.96800000,883
OFZ 29013,D1,2026-04-18,00:00:00,97.81400000,98.25400000,97.81400000,98.00500000,291
OFZ 29013,D1,2026-04-19,00:00:00,98.18800000,98.18800000,97.96800000,98.17300000,158
OFZ 29013,D1,2026-04-20,00:00:00,97.81400000,98.27800000,97.80200000,97.99700000,1569
OFZ 29013,D1,2026-04-21,00:00:00,97.82200000,98.01200000,97.79200000,98.00900000,7577
OFZ 29013,D1,2026-04-22,00:00:00,98.01200000,98.08000000,97.69800000,97.79900000,9934804
OFZ 29013,D1,2026-04-23,00:00:00,98.07900000,98.19800000,97.69000000,97.82000000,13660619
OFZ 29013,D1,2026-04-24,00:00:00,97.93500000,97.93500000,97.73500000,97.87400000,206777
OFZ 29013,D1,2026-04-25,00:00:00,97.80000000,97.88100000,97.67500000,97.88100000,222
OFZ 29013,D1,2026-04-26,00:00:00,97.88100000,97.88200000,97.71000000,97.87900000,585
OFZ 29013,D1,2026-04-27,00:00:00,97.80000000,97.92900000,97.67500000,97.86600000,3390
OFZ 29013,D1,2026-04-28,00:00:00,97.73100000,97.99000000,97.69000000,97.80000000,21597
OFZ 29013,D1,2026-04-29,00:00:00,98.19300000,98.19800000,97.70300000,97.82000000,1383
OFZ 29013,D1,2026-04-30,00:00:00,98.10000000,98.14000000,97.70300000,98.10300000,102183
OFZ 29013,D1,2026-05-02,00:00:00,98.19100000,98.19100000,97.84800000,98.14600000,1165
OFZ 29013,D1,2026-05-03,00:00:00,98.14500000,98.19800000,97.81600000,98.19300000,712
OFZ 29013,D1,2026-05-04,00:00:00,98.13900000,98.19800000,97.81200000,98.13500000,306001
OFZ 29013,D1,2026-05-05,00:00:00,97.84200000,98.18900000,97.80100000,98.08900000,3046
OFZ 29013,D1,2026-05-06,00:00:00,98.16700000,98.19100000,97.80000000,98.03200000,3953
OFZ 29013,D1,2026-05-07,00:00:00,98.03400000,98.19700000,97.80200000,98.19700000,802682
OFZ 29013,D1,2026-05-08,00:00:00,98.19700000,98.27900000,97.90500000,98.27900000,3585
OFZ 29013,D1,2026-05-11,00:00:00,98.33000000,98.57000000,97.81100000,98.25500000,2258
OFZ 29013,D1,2026-05-12,00:00:00,98.38000000,98.38000000,98.00700000,98.20000000,3232
OFZ 29013,D1,2026-05-13,00:00:00,98.06000000,98.34200000,98.02800000,98.21900000,1637
OFZ 29013,D1,2026-05-14,00:00:00,98.30000000,98.30000000,97.90300000,97.98100000,2326
OFZ 29013,D1,2026-05-15,00:00:00,98.22100000,98.22100000,97.99000000,98.08500000,2345
OFZ 29013,D1,2026-05-16,00:00:00,98.21000000,98.21000000,98.00100000,98.20900000,124
OFZ 29013,D1,2026-05-17,00:00:00,98.21000000,98.27800000,98.05600000,98.27800000,455
OFZ 29013,D1,2026-05-18,00:00:00,98.21000000,98.28700000,97.96100000,98.16800000,1706
OFZ 29013,D1,2026-05-19,00:00:00,98.28800000,98.30000000,97.98300000,98.07900000,2158
OFZ 29013,D1,2026-05-20,00:00:00,98.17800000,98.19200000,97.98900000,98.05000000,2165
OFZ 29013,D1,2026-05-21,00:00:00,98.05000000,98.19700000,97.86200000,98.04900000,1630
OFZ 29013,D1,2026-05-22,00:00:00,97.92400000,98.18400000,97.90000000,98.04700000,813
OFZ 29013,D1,2026-05-23,00:00:00,97.80200000,98.12100000,97.80200000,98.12100000,2337
OFZ 29013,D1,2026-05-24,00:00:00,98.13400000,98.14000000,97.91200000,97.91500000,294
OFZ 29013,D1,2026-05-25,00:00:00,97.80200000,98.16900000,97.79200000,98.06900000,6233
OFZ 29013,D1,2026-05-26,00:00:00,98.09900000,98.10600000,97.96700000,98.04800000,2726
OFZ 29013,D1,2026-05-27,00:00:00,97.90100000,98.10400000,97.84100000,97.95000000,2306
OFZ 29013,D1,2026-05-28,00:00:00,98.17600000,98.17600000,97.79000000,97.99900000,10995
OFZ 29013,D1,2026-05-29,00:00:00,97.99900000,98.19000000,97.78000000,98.04900000,5107
OFZ 29013,D1,2026-05-30,00:00:00,98.09200000,98.20500000,98.00000000,98.00000000,408
OFZ 29013,D1,2026-05-31,00:00:00,98.00000000,98.19000000,97.90500000,98.19000000,79
OFZ 29013,MN1,2025-12-31,00:00:00,96.76000000,97.32000000,96.51000000,96.77800000,1913837
OFZ 29013,MN1,2026-01-31,00:00:00,96.91600000,97.23100000,96.57800000,97.06700000,359569
OFZ 29013,MN1,2026-02-28,00:00:00,97.09700000,97.32000000,96.91800000,97.10800000,757469
OFZ 29013,MN1,2026-03-31,00:00:00,97.10000000,98.50000000,96.99700000,97.94400000,3919042
OFZ 29013,MN1,2026-04-30,00:00:00,98.15100000,98.37300000,97.67500000,98.10300000,32187211
OFZ 29013,W1,2025-12-07,00:00:00,96.76000000,97.06400000,96.74200000,97.01900000,10825
OFZ 29013,W1,2025-12-14,00:00:00,97.09600000,97.32000000,96.70000000,96.90000000,893608
OFZ 29013,W1,2025-12-21,00:00:00,97.07100000,97.12200000,96.71700000,97.04900000,721744
OFZ 29013,W1,2025-12-28,00:00:00,97.12200000,97.24900000,96.70000000,96.79700000,42426
OFZ 29013,W1,2026-01-04,00:00:00,96.79100000,97.01000000,96.51000000,96.77800000,245234
OFZ 29013,W1,2026-01-11,00:00:00,96.91600000,97.03700000,96.65500000,96.97600000,4973
OFZ 29013,W1,2026-01-18,00:00:00,97.03900000,97.10000000,96.57800000,97.02300000,40718
OFZ 29013,W1,2026-01-25,00:00:00,97.10900000,97.20000000,96.82600000,97.09600000,301504
OFZ 29013,W1,2026-02-01,00:00:00,97.07000000,97.23100000,96.90000000,97.06700000,12374
OFZ 29013,W1,2026-02-08,00:00:00,97.09700000,97.32000000,97.00000000,97.19200000,26254
OFZ 29013,W1,2026-02-15,00:00:00,97.31900000,97.31900000,96.97500000,97.10200000,10903
OFZ 29013,W1,2026-02-22,00:00:00,97.18700000,97.23300000,96.91800000,97.08900000,509009
OFZ 29013,W1,2026-03-01,00:00:00,97.19900000,97.21500000,96.95000000,97.10800000,211303
OFZ 29013,W1,2026-03-08,00:00:00,97.10000000,97.39000000,96.99700000,97.39000000,312073
OFZ 29013,W1,2026-03-15,00:00:00,97.39400000,97.59600000,97.07500000,97.54200000,333674
OFZ 29013,W1,2026-03-22,00:00:00,97.54300000,97.66000000,97.30200000,97.66000000,1043533
OFZ 29013,W1,2026-03-29,00:00:00,97.70000000,98.20000000,97.29000000,98.00500000,1015019
OFZ 29013,W1,2026-04-05,00:00:00,97.95000000,98.50000000,97.72100000,97.84400000,1401970
OFZ 29013,W1,2026-04-12,00:00:00,98.28100000,98.34400000,97.72100000,97.84400000,5695008
OFZ 29013,W1,2026-04-19,00:00:00,97.98000000,98.25400000,97.80000000,98.17300000,2364270
OFZ 29013,W1,2026-04-26,00:00:00,97.81400000,98.27800000,97.67500000,97.87900000,23812153
OFZ 29013,W1,2026-05-03,00:00:00,97.80000000,98.19800000,97.67500000,98.19300000,130430
OFZ 29013,W1,2026-05-10,00:00:00,98.13900000,98.27900000,97.80000000,98.27900000,1119267
OFZ 29013,W1,2026-05-17,00:00:00,98.33000000,98.57000000,97.81100000,98.27800000,12377
OFZ 29013,W1,2026-05-24,00:00:00,98.21000000,98.30000000,97.80200000,97.91500000,11103
OFZ 29015,D1,2025-12-01,00:00:00,98.76600000,98.94900000,98.69600000,98.74900000,248671
OFZ 29015,D1,2025-12-02,00:00:00,98.96100000,99.04500000,98.69400000,98.77900000,214502
OFZ 29015,D1,2025-12-03,00:00:00,98.92700000,98.92700000,98.70500000,98.74400000,4806
OFZ 29015,D1,2025-12-04,00:00:00,98.84900000,98.98900000,98.71000000,98.72900000,2729
OFZ 29015,D1,2025-12-05,00:00:00,98.84900000,98.85000000,98.60000000,98.65000000,109598
OFZ 29015,D1,2025-12-08,00:00:00,98.82500000,98.82500000,98.50000000,98.55900000,960646
OFZ 29015,D1,2025-12-09,00:00:00,98.50800000,98.69600000,98.40000000,98.45000000,1647512
OFZ 29015,D1,2025-12-10,00:00:00,98.61800000,98.63900000,98.20100000,98.38500000,355511
OFZ 29015,D1,2025-12-11,00:00:00,98.58300000,98.58300000,98.36600000,98.40000000,10961
OFZ 29015,D1,2025-12-12,00:00:00,98.54900000,98.54900000,98.30400000,98.39900000,2676
OFZ 29015,D1,2025-12-15,00:00:00,98.45500000,98.48200000,98.33000000,98.39000000,105708
OFZ 29015,D1,2025-12-16,00:00:00,98.48300000,98.49800000,98.31000000,98.38900000,5770
OFZ 29015,D1,2025-12-17,00:00:00,98.46900000,98.69500000,98.34500000,98.36800000,1920
OFZ 29015,D1,2025-12-18,00:00:00,98.40000000,98.49800000,98.32900000,98.39900000,3851
OFZ 29015,D1,2025-12-19,00:00:00,98.49800000,98.69500000,98.34500000,98.43900000,4882
OFZ 29015,D1,2025-12-22,00:00:00,98.47800000,98.69500000,98.30000000,98.35400000,11507
OFZ 29015,D1,2025-12-23,00:00:00,98.36100000,98.45500000,98.25000000,98.29900000,2285
OFZ 29015,D1,2025-12-24,00:00:00,98.45400000,98.45400000,98.28000000,98.40000000,5317
OFZ 29015,D1,2025-12-25,00:00:00,98.45300000,98.76100000,98.12100000,98.50000000,29165
OFZ 29015,D1,2025-12-26,00:00:00,98.31400000,98.53900000,98.31400000,98.53900000,4601
OFZ 29015,D1,2025-12-29,00:00:00,98.53900000,98.54000000,98.25400000,98.54000000,18040
OFZ 29015,D1,2025-12-30,00:00:00,102.86600000,102.86600000,98.30800000,98.58900000,6266
OFZ 29015,D1,2026-01-05,00:00:00,98.69900000,98.69900000,98.25100000,98.59800000,6262
OFZ 29015,D1,2026-01-06,00:00:00,98.42400000,98.60000000,98.42400000,98.56400000,4783
OFZ 29015,D1,2026-01-08,00:00:00,98.57700000,98.60000000,98.44200000,98.59900000,2663
OFZ 29015,D1,2026-01-09,00:00:00,98.59100000,98.64900000,98.44100000,98.50000000,2880
OFZ 29015,D1,2026-01-12,00:00:00,98.81300000,98.81300000,98.44700000,98.54400000,15375
OFZ 29015,D1,2026-01-13,00:00:00,98.59000000,98.69900000,98.31100000,98.55000000,11022
OFZ 29015,D1,2026-01-14,00:00:00,98.69900000,98.69900000,98.51300000,98.58400000,9313
OFZ 29015,D1,2026-01-15,00:00:00,98.54400000,98.69900000,98.54300000,98.69900000,555406
OFZ 29015,D1,2026-01-16,00:00:00,98.70300000,98.84900000,98.60000000,98.84900000,16268
OFZ 29015,D1,2026-01-19,00:00:00,98.89600000,98.94000000,98.80000000,98.89800000,10945
OFZ 29015,D1,2026-01-20,00:00:00,99.00000000,99.00000000,98.82400000,98.90000000,45533
OFZ 29015,D1,2026-01-21,00:00:00,98.90000000,99.04700000,98.70100000,98.85800000,21964
OFZ 29015,D1,2026-01-22,00:00:00,99.04900000,99.04900000,98.50000000,98.60000000,129589
OFZ 29015,D1,2026-01-23,00:00:00,98.73900000,98.76900000,98.50500000,98.64000000,13349
OFZ 29015,D1,2026-01-26,00:00:00,98.50500000,98.75000000,98.50500000,98.69000000,16395
OFZ 29015,D1,2026-01-27,00:00:00,98.72500000,98.72600000,98.51400000,98.59900000,119711
OFZ 29015,D1,2026-01-28,00:00:00,98.60000000,98.69800000,98.33200000,98.44600000,3874697
OFZ 29015,D1,2026-01-29,00:00:00,98.59200000,98.61500000,98.35100000,98.43900000,156450
OFZ 29015,D1,2026-01-30,00:00:00,98.60600000,98.60600000,98.38000000,98.46000000,342985
OFZ 29015,D1,2026-02-02,00:00:00,98.35200000,98.59700000,98.35200000,98.51100000,143844
OFZ 29015,D1,2026-02-03,00:00:00,98.53900000,98.53900000,98.40100000,98.50600000,873594
OFZ 29015,D1,2026-02-04,00:00:00,98.53800000,98.53800000,98.42000000,98.50000000,406963
OFZ 29015,D1,2026-02-05,00:00:00,98.53500000,98.53800000,98.27000000,98.36900000,5488300
OFZ 29015,D1,2026-02-06,00:00:00,98.44300000,98.44700000,98.30100000,98.43200000,52219
OFZ 29015,D1,2026-02-09,00:00:00,98.44500000,98.53000000,98.33700000,98.52900000,11621
OFZ 29015,D1,2026-02-10,00:00:00,98.56900000,98.98800000,98.39500000,98.48200000,110825
OFZ 29015,D1,2026-02-11,00:00:00,98.55100000,98.62900000,98.40200000,98.52600000,8930
OFZ 29015,D1,2026-02-12,00:00:00,98.86900000,98.86900000,98.46500000,98.55000000,2583
OFZ 29015,D1,2026-02-13,00:00:00,98.73000000,98.73000000,98.35000000,98.44700000,47404
OFZ 29015,D1,2026-02-16,00:00:00,98.44800000,98.44800000,98.30000000,98.39700000,266904
OFZ 29015,D1,2026-02-17,00:00:00,98.39700000,98.43000000,98.25000000,98.33000000,4558645
OFZ 29015,D1,2026-02-18,00:00:00,98.30500000,98.44900000,98.30400000,98.44800000,46363
OFZ 29015,D1,2026-02-19,00:00:00,98.49000000,98.55500000,98.30900000,98.38000000,367019
OFZ 29015,D1,2026-02-20,00:00:00,98.59900000,98.59900000,98.34700000,98.45100000,102119
OFZ 29015,D1,2026-02-24,00:00:00,98.33300000,98.54900000,98.33300000,98.54600000,58943
OFZ 29015,D1,2026-02-25,00:00:00,98.45000000,98.59800000,98.30400000,98.53600000,5150
OFZ 29015,D1,2026-02-26,00:00:00,98.32300000,98.63000000,98.32300000,98.52000000,18595
OFZ 29015,D1,2026-02-27,00:00:00,98.70000000,98.73300000,98.40000000,98.56000000,63204
OFZ 29015,D1,2026-03-02,00:00:00,98.58200000,98.73800000,98.35800000,98.43100000,20954
OFZ 29015,D1,2026-03-03,00:00:00,98.64900000,98.75600000,98.41900000,98.66200000,2078354
OFZ 29015,D1,2026-03-04,00:00:00,98.68600000,98.74000000,98.50000000,98.69000000,2005308
OFZ 29015,D1,2026-03-05,00:00:00,98.60100000,98.74000000,98.45100000,98.69000000,36949
OFZ 29015,D1,2026-03-06,00:00:00,98.69000000,98.76000000,98.52400000,98.74800000,365954
OFZ 29015,D1,2026-03-09,00:00:00,98.55000000,98.76500000,98.41100000,98.72000000,5528
OFZ 29015,D1,2026-03-10,00:00:00,98.76500000,98.80000000,98.57100000,98.79900000,1016492
OFZ 29015,D1,2026-03-11,00:00:00,98.89100000,98.89600000,98.60500000,98.83800000,6054381
OFZ 29015,D1,2026-03-12,00:00:00,98.86400000,98.94000000,98.72800000,98.93900000,86419
OFZ 29015,D1,2026-03-13,00:00:00,98.95400000,98.95400000,98.80500000,98.94200000,5333
OFZ 29015,D1,2026-03-16,00:00:00,98.95400000,99.25600000,98.70600000,99.04900000,1878388
OFZ 29015,D1,2026-03-17,00:00:00,99.20200000,99.28000000,99.00100000,99.20500000,6203145
OFZ 29015,D1,2026-03-18,00:00:00,99.13000000,99.25100000,98.92100000,99.25000000,4019847
OFZ 29015,D1,2026-03-19,00:00:00,99.00100000,99.25000000,99.00100000,99.24900000,21847
OFZ 29015,D1,2026-03-20,00:00:00,99.24000000,99.50000000,99.01700000,99.49900000,181685
OFZ 29015,D1,2026-03-23,00:00:00,99.44000000,99.44000000,98.81300000,99.35000000,7305386
OFZ 29015,D1,2026-03-24,00:00:00,99.20700000,99.46000000,99.18900000,99.40400000,8791616
OFZ 29015,D1,2026-03-25,00:00:00,99.32100000,99.50000000,99.16000000,99.50000000,2664003
OFZ 29015,D1,2026-03-26,00:00:00,99.64600000,100.10000000,99.37000000,99.48800000,403647
OFZ 29015,D1,2026-03-27,00:00:00,99.90700000,99.94700000,99.47900000,99.60000000,5907856
OFZ 29015,D1,2026-03-28,00:00:00,99.63000000,99.70000000,99.46000000,99.70000000,47360
OFZ 29015,D1,2026-03-29,00:00:00,99.71000000,99.71000000,99.51100000,99.65000000,9694
OFZ 29015,D1,2026-03-30,00:00:00,99.63000000,99.74700000,99.37100000,99.70000000,478875
OFZ 29015,D1,2026-03-31,00:00:00,99.61000000,99.74900000,99.45300000,99.70000000,307880
OFZ 29015,D1,2026-04-01,00:00:00,99.69000000,99.75000000,99.60000000,99.69900000,405805
OFZ 29015,D1,2026-04-02,00:00:00,99.67500000,99.88800000,99.58100000,99.88700000,865250
OFZ 29015,D1,2026-04-03,00:00:00,99.84000000,99.90000000,99.67600000,99.88900000,164643
OFZ 29015,D1,2026-04-04,00:00:00,99.90000000,99.90000000,99.89700000,99.90000000,801
OFZ 29015,D1,2026-04-05,00:00:00,99.90000000,99.90000000,99.72500000,99.80000000,3579
OFZ 29015,D1,2026-04-06,00:00:00,99.90000000,99.90000000,99.50200000,99.75300000,154466
OFZ 29015,D1,2026-04-07,00:00:00,99.64200000,99.83000000,99.46000000,99.59900000,86524
OFZ 29015,D1,2026-04-08,00:00:00,99.82100000,99.82100000,99.35000000,99.52300000,146201
OFZ 29015,D1,2026-04-09,00:00:00,99.72100000,99.72100000,99.36100000,99.40200000,136755
OFZ 29015,D1,2026-04-10,00:00:00,99.68800000,99.68900000,99.36000000,99.56000000,21353
OFZ 29015,D1,2026-04-11,00:00:00,99.56000000,99.69000000,99.42600000,99.65000000,1308
OFZ 29015,D1,2026-04-12,00:00:00,99.69000000,99.69000000,99.44700000,99.69000000,2489
OFZ 29015,D1,2026-04-13,00:00:00,99.56000000,99.69000000,99.35200000,99.55100000,16957
OFZ 29015,D1,2026-04-14,00:00:00,99.68900000,99.75000000,99.50000000,99.72500000,5714193
OFZ 29015,D1,2026-04-15,00:00:00,99.82200000,99.82300000,99.61000000,99.62500000,126052
OFZ 29015,D1,2026-04-16,00:00:00,99.74900000,99.82300000,99.61000000,99.61200000,295401
OFZ 29015,D1,2026-04-17,00:00:00,99.61300000,99.82000000,99.60400000,99.67500000,48830
OFZ 29015,D1,2026-04-18,00:00:00,99.61200000,99.82300000,99.61200000,99.61200000,607
OFZ 29015,D1,2026-04-19,00:00:00,99.87800000,99.87800000,99.60000000,99.81500000,2733
OFZ 29015,D1,2026-04-20,00:00:00,99.61200000,99.87800000,99.60000000,99.65900000,82460
OFZ 29015,D1,2026-04-21,00:00:00,99.82100000,99.84000000,99.50000000,99.75000000,440812
OFZ 29015,D1,2026-04-22,00:00:00,99.80500000,99.82300000,99.44000000,99.69500000,141447
OFZ 29015,D1,2026-04-23,00:00:00,99.81900000,99.84000000,99.50000000,99.69500000,273919
OFZ 29015,D1,2026-04-24,00:00:00,99.76700000,99.76700000,99.40400000,99.65000000,168940
OFZ 29015,D1,2026-04-25,00:00:00,99.73000000,99.73000000,99.40400000,99.73000000,2907
OFZ 29015,D1,2026-04-26,00:00:00,99.51600000,99.74000000,99.40000000,99.74000000,1368
OFZ 29015,D1,2026-04-27,00:00:00,99.73000000,99.74000000,99.30200000,99.58000000,68937
OFZ 29015,D1,2026-04-28,00:00:00,99.67200000,99.67300000,99.40100000,99.61800000,286103
OFZ 29015,D1,2026-04-29,00:00:00,99.73900000,99.73900000,99.38200000,99.63800000,73847
OFZ 29015,D1,2026-04-30,00:00:00,99.32000000,99.71900000,99.32000000,99.60700000,69353
OFZ 29015,D1,2026-05-02,00:00:00,99.66800000,99.69000000,99.66800000,99.69000000,5682
OFZ 29015,D1,2026-05-03,00:00:00,99.69000000,99.73900000,99.50000000,99.60400000,804
OFZ 29015,D1,2026-05-04,00:00:00,99.60500000,99.84000000,99.38400000,99.53500000,50950
OFZ 29015,D1,2026-05-05,00:00:00,99.53700000,99.68000000,99.53300000,99.61100000,41417
OFZ 29015,D1,2026-05-06,00:00:00,99.61100000,99.69900000,99.50100000,99.68100000,29717
OFZ 29015,D1,2026-05-07,00:00:00,99.68100000,99.70000000,99.36100000,99.60000000,78706
OFZ 29015,D1,2026-05-08,00:00:00,99.67400000,99.67500000,99.32200000,99.66900000,28002
OFZ 29015,D1,2026-05-11,00:00:00,99.68900000,99.69000000,99.51500000,99.58000000,2922
OFZ 29015,D1,2026-05-12,00:00:00,99.57100000,99.69000000,99.42500000,99.55900000,44946
OFZ 29015,D1,2026-05-13,00:00:00,99.50000000,99.64900000,99.43000000,99.64300000,9703
OFZ 29015,D1,2026-05-14,00:00:00,99.69500000,99.69600000,99.40200000,99.55000000,32936
OFZ 29015,D1,2026-05-15,00:00:00,99.55000000,99.60100000,99.43000000,99.59900000,338510
OFZ 29015,D1,2026-05-16,00:00:00,99.65400000,99.66800000,99.43300000,99.60900000,840
OFZ 29015,D1,2026-05-17,00:00:00,99.60800000,99.69400000,99.48500000,99.69400000,1700
OFZ 29015,D1,2026-05-18,00:00:00,99.65400000,99.69400000,99.43300000,99.59900000,302045
OFZ 29015,D1,2026-05-19,00:00:00,99.64000000,99.64000000,99.50100000,99.51300000,30955
OFZ 29015,D1,2026-05-20,00:00:00,99.63900000,99.63900000,99.41000000,99.56200000,335315
OFZ 29015,D1,2026-05-21,00:00:00,99.65000000,99.65000000,99.44200000,99.51800000,23672
OFZ 29015,D1,2026-05-22,00:00:00,99.61000000,99.61000000,99.40000000,99.48000000,9538
OFZ 29015,D1,2026-05-23,00:00:00,99.64700000,99.69000000,99.43100000,99.65000000,1347
OFZ 29015,D1,2026-05-24,00:00:00,99.65000000,99.65000000,99.45100000,99.51100000,1049
OFZ 29015,D1,2026-05-25,00:00:00,99.64700000,99.69000000,99.40000000,99.51900000,14412751
OFZ 29015,D1,2026-05-26,00:00:00,99.51900000,99.55000000,99.41600000,99.49700000,10459647
OFZ 29015,D1,2026-05-27,00:00:00,99.64900000,99.64900000,99.45000000,99.51700000,3891354
OFZ 29015,D1,2026-05-28,00:00:00,99.51500000,99.59900000,99.45000000,99.45500000,245706
OFZ 29015,D1,2026-05-29,00:00:00,99.59700000,99.64000000,99.42000000,99.59800000,40373
OFZ 29015,D1,2026-05-30,00:00:00,99.65000000,99.69500000,99.45900000,99.62900000,1969
OFZ 29015,D1,2026-05-31,00:00:00,99.69500000,99.69500000,99.45500000,99.64600000,2255
OFZ 29015,MN1,2025-12-31,00:00:00,98.76600000,102.86600000,98.12100000,98.58900000,3756924
OFZ 29015,MN1,2026-01-31,00:00:00,98.69900000,99.04900000,98.25100000,98.46000000,5355590
OFZ 29015,MN1,2026-02-28,00:00:00,98.35200000,98.98800000,98.25000000,98.56000000,12633225
OFZ 29015,MN1,2026-03-31,00:00:00,98.58200000,100.10000000,98.35800000,99.70000000,49896901
OFZ 29015,MN1,2026-04-30,00:00:00,99.69000000,99.90000000,99.30200000,99.60700000,9804040
OFZ 29015,W1,2025-12-07,00:00:00,98.76600000,99.04500000,98.60000000,98.65000000,580306
OFZ 29015,W1,2025-12-14,00:00:00,98.82500000,98.82500000,98.20100000,98.39900000,2977306
OFZ 29015,W1,2025-12-21,00:00:00,98.45500000,98.69500000,98.31000000,98.43900000,122131
OFZ 29015,W1,2025-12-28,00:00:00,98.47800000,98.76100000,98.12100000,98.53900000,52875
OFZ 29015,W1,2026-01-04,00:00:00,98.53900000,102.86600000,98.25400000,98.58900000,24306
OFZ 29015,W1,2026-01-11,00:00:00,98.69900000,98.69900000,98.25100000,98.50000000,16588
OFZ 29015,W1,2026-01-18,00:00:00,98.81300000,98.84900000,98.31100000,98.84900000,607384
OFZ 29015,W1,2026-01-25,00:00:00,98.89600000,99.04900000,98.50000000,98.64000000,221380
OFZ 29015,W1,2026-02-01,00:00:00,98.50500000,98.75000000,98.33200000,98.46000000,4510238
OFZ 29015,W1,2026-02-08,00:00:00,98.35200000,98.59700000,98.27000000,98.43200000,6964920
OFZ 29015,W1,2026-02-15,00:00:00,98.44500000,98.98800000,98.33700000,98.44700000,181363
OFZ 29015,W1,2026-02-22,00:00:00,98.44800000,98.59900000,98.25000000,98.45100000,5341050
OFZ 29015,W1,2026-03-01,00:00:00,98.33300000,98.73300000,98.30400000,98.56000000,145892
OFZ 29015,W1,2026-03-08,00:00:00,98.58200000,98.76000000,98.35800000,98.74800000,4507519
OFZ 29015,W1,2026-03-15,00:00:00,98.55000000,98.95400000,98.41100000,98.94200000,7168153
OFZ 29015,W1,2026-03-22,00:00:00,98.95400000,99.50000000,98.70600000,99.49900000,12304912
OFZ 29015,W1,2026-03-29,00:00:00,99.44000000,100.10000000,98.81300000,99.65000000,25129562
OFZ 29015,W1,2026-04-05,00:00:00,99.63000000,99.90000000,99.37100000,99.80000000,2226833
OFZ 29015,W1,2026-04-12,00:00:00,99.90000000,99.90000000,99.35000000,99.69000000,549096
OFZ 29015,W1,2026-04-19,00:00:00,99.56000000,99.87800000,99.35200000,99.81500000,6204773
OFZ 29015,W1,2026-04-26,00:00:00,99.61200000,99.87800000,99.40000000,99.74000000,1111853
OFZ 29015,W1,2026-05-03,00:00:00,99.73000000,99.74000000,99.30200000,99.60400000,504726
OFZ 29015,W1,2026-05-10,00:00:00,99.60500000,99.84000000,99.32200000,99.66900000,228792
OFZ 29015,W1,2026-05-17,00:00:00,99.68900000,99.69600000,99.40200000,99.69400000,431557
OFZ 29015,W1,2026-05-24,00:00:00,99.65400000,99.69400000,99.40000000,99.51100000,703921
OFZ 29016,D1,2025-12-01,00:00:00,99.48800000,99.59300000,99.40200000,99.49500000,312933
OFZ 29016,D1,2025-12-02,00:00:00,99.48300000,99.58100000,99.46100000,99.54400000,440140
OFZ 29016,D1,2025-12-03,00:00:00,99.59900000,99.60600000,99.39000000,99.45200000,335147
OFZ 29016,D1,2025-12-04,00:00:00,99.53000000,99.53000000,99.40300000,99.48900000,316718
OFZ 29016,D1,2025-12-05,00:00:00,99.46000000,99.55000000,99.37000000,99.48700000,234588
OFZ 29016,D1,2025-12-08,00:00:00,99.53000000,99.59800000,99.37000000,99.41200000,317558
OFZ 29016,D1,2025-12-09,00:00:00,99.54000000,99.54000000,99.31000000,99.38800000,698652
OFZ 29016,D1,2025-12-10,00:00:00,99.42900000,99.42900000,99.30000000,99.37900000,238386
OFZ 29016,D1,2025-12-11,00:00:00,99.54000000,99.54000000,99.25000000,99.36900000,413102
OFZ 29016,D1,2025-12-12,00:00:00,99.30100000,99.43900000,99.28000000,99.43800000,341240
OFZ 29016,D1,2025-12-15,00:00:00,99.38000000,99.48000000,99.32000000,99.34900000,317642
OFZ 29016,D1,2025-12-16,00:00:00,99.35000000,99.43000000,99.27400000,99.36100000,187126
OFZ 29016,D1,2025-12-17,00:00:00,99.30400000,99.39100000,99.29500000,99.37300000,185723
OFZ 29016,D1,2025-12-18,00:00:00,99.36900000,99.37000000,99.30200000,99.36900000,77258
OFZ 29016,D1,2025-12-19,00:00:00,99.36100000,99.40900000,99.30000000,99.33500000,177629
OFZ 29016,D1,2025-12-22,00:00:00,99.34000000,99.42100000,99.30000000,99.32300000,384192
OFZ 29016,D1,2025-12-23,00:00:00,99.34800000,99.40000000,99.28500000,99.34900000,864111
OFZ 29016,D1,2025-12-24,00:00:00,99.37800000,99.45000000,99.30100000,99.42900000,441007
OFZ 29016,D1,2025-12-25,00:00:00,99.42900000,99.56400000,99.33900000,99.55000000,1410480
OFZ 29016,D1,2025-12-26,00:00:00,99.55100000,99.58600000,99.41000000,99.56800000,702017
OFZ 29016,D1,2025-12-29,00:00:00,99.56800000,99.67800000,99.41000000,99.67800000,302374
OFZ 29016,D1,2025-12-30,00:00:00,99.61200000,99.73600000,99.35100000,99.57000000,89340
OFZ 29016,D1,2026-01-05,00:00:00,99.66700000,99.66700000,99.47800000,99.56900000,65145
OFZ 29016,D1,2026-01-06,00:00:00,99.56900000,99.65700000,99.50300000,99.61300000,37710
OFZ 29016,D1,2026-01-08,00:00:00,99.65000000,99.65000000,99.49600000,99.49600000,52004
OFZ 29016,D1,2026-01-09,00:00:00,99.57000000,99.59500000,99.50000000,99.52000000,17624
OFZ 29016,D1,2026-01-12,00:00:00,99.52000000,99.55900000,99.40000000,99.40000000,263390
OFZ 29016,D1,2026-01-13,00:00:00,99.40000000,99.48300000,99.37700000,99.44300000,583953
OFZ 29016,D1,2026-01-14,00:00:00,99.48100000,99.50000000,99.42000000,99.48000000,192907
OFZ 29016,D1,2026-01-15,00:00:00,99.43000000,99.59900000,99.43000000,99.48900000,199123
OFZ 29016,D1,2026-01-16,00:00:00,99.54900000,99.65000000,99.48600000,99.58400000,384221
OFZ 29016,D1,2026-01-19,00:00:00,99.65200000,99.73500000,99.34400000,99.65300000,550935
OFZ 29016,D1,2026-01-20,00:00:00,99.61100000,99.72200000,99.60600000,99.72200000,202339
OFZ 29016,D1,2026-01-21,00:00:00,99.72200000,99.75000000,99.60100000,99.67200000,572776
OFZ 29016,D1,2026-01-22,00:00:00,99.55700000,99.71900000,99.55700000,99.67000000,141808
OFZ 29016,D1,2026-01-23,00:00:00,99.66100000,99.74900000,99.60500000,99.74900000,103470
OFZ 29016,D1,2026-01-26,00:00:00,99.74900000,99.80000000,99.66000000,99.68700000,189941
OFZ 29016,D1,2026-01-27,00:00:00,99.71500000,99.79800000,99.65000000,99.71500000,397342
OFZ 29016,D1,2026-01-28,00:00:00,99.62000000,99.74900000,99.62000000,99.68400000,121629
OFZ 29016,D1,2026-01-29,00:00:00,99.69100000,99.73000000,99.62500000,99.72500000,92739
OFZ 29016,D1,2026-01-30,00:00:00,99.73000000,99.78300000,99.65100000,99.76900000,794514
OFZ 29016,D1,2026-02-02,00:00:00,99.76900000,99.79700000,99.70000000,99.74000000,245720
OFZ 29016,D1,2026-02-03,00:00:00,99.77000000,99.79700000,99.70000000,99.73100000,333988
OFZ 29016,D1,2026-02-04,00:00:00,99.72500000,99.79800000,99.68100000,99.71800000,600256
OFZ 29016,D1,2026-02-05,00:00:00,99.79900000,99.82900000,99.68100000,99.73700000,127113
OFZ 29016,D1,2026-02-06,00:00:00,99.69100000,99.78500000,99.65200000,99.72000000,907394
OFZ 29016,D1,2026-02-09,00:00:00,99.74100000,99.78500000,99.66900000,99.71000000,1972330
OFZ 29016,D1,2026-02-10,00:00:00,99.75000000,99.85000000,99.70200000,99.84800000,1258672
OFZ 29016,D1,2026-02-11,00:00:00,99.74800000,99.85400000,99.68000000,99.80000000,1157727
OFZ 29016,D1,2026-02-12,00:00:00,99.82100000,99.85600000,99.75000000,99.85500000,1441728
OFZ 29016,D1,2026-02-13,00:00:00,99.87000000,99.90000000,99.78200000,99.89800000,1015988
OFZ 29016,D1,2026-02-16,00:00:00,99.89800000,99.95000000,99.80000000,99.89100000,263581
OFZ 29016,D1,2026-02-17,00:00:00,99.94700000,99.96500000,99.85000000,99.90300000,923312
OFZ 29016,D1,2026-02-18,00:00:00,99.90400000,99.95000000,99.60000000,99.90100000,1333699
OFZ 29016,D1,2026-02-19,00:00:00,99.90100000,99.95000000,99.82000000,99.93600000,490690
OFZ 29016,D1,2026-02-20,00:00:00,99.85100000,99.94400000,99.80100000,99.91800000,204619
OFZ 29016,D1,2026-02-24,00:00:00,99.91000000,99.94000000,99.80000000,99.85100000,1714531
OFZ 29016,D1,2026-02-25,00:00:00,99.85100000,99.90500000,99.84000000,99.85300000,51044
OFZ 29016,D1,2026-02-26,00:00:00,99.90000000,99.90500000,99.80000000,99.89900000,290156
OFZ 29016,D1,2026-02-27,00:00:00,99.90400000,99.94400000,99.80200000,99.89900000,1308121
OFZ 29016,D1,2026-03-02,00:00:00,99.85900000,99.95000000,99.84400000,99.90800000,207545
OFZ 29016,D1,2026-03-03,00:00:00,99.94900000,100.03000000,99.85100000,100.01900000,2363481
OFZ 29016,D1,2026-03-04,00:00:00,100.05000000,100.08900000,99.93000000,99.98600000,999982
OFZ 29016,D1,2026-03-05,00:00:00,100.00000000,100.05000000,99.90000000,99.98400000,233982
OFZ 29016,D1,2026-03-06,00:00:00,100.04500000,100.04900000,99.91900000,99.99900000,128825
OFZ 29016,D1,2026-03-09,00:00:00,100.05000000,100.08000000,99.90100000,100.00200000,48794
OFZ 29016,D1,2026-03-10,00:00:00,100.03900000,100.07800000,99.90000000,99.98900000,497600
OFZ 29016,D1,2026-03-11,00:00:00,99.99000000,100.04000000,99.90400000,99.99900000,82842
OFZ 29016,D1,2026-03-12,00:00:00,99.91000000,100.20000000,99.84900000,100.20000000,635319
OFZ 29016,D1,2026-03-13,00:00:00,100.19900000,100.20000000,99.99000000,100.20000000,662599
OFZ 29016,D1,2026-03-16,00:00:00,100.08400000,100.20000000,99.99100000,100.17400000,391526
OFZ 29016,D1,2026-03-17,00:00:00,100.17400000,100.20000000,99.99100000,100.04000000,1089679
OFZ 29016,D1,2026-03-18,00:00:00,100.04100000,100.20000000,100.00000000,100.11300000,1017190
OFZ 29016,D1,2026-03-19,00:00:00,100.11500000,100.33000000,100.03200000,100.21000000,1249098
OFZ 29016,D1,2026-03-20,00:00:00,100.21000000,100.25000000,100.05100000,100.24900000,1571041
OFZ 29016,D1,2026-03-23,00:00:00,100.24900000,100.49400000,100.06900000,100.19900000,259098
OFZ 29016,D1,2026-03-24,00:00:00,100.34500000,100.34500000,100.13800000,100.21100000,1274569
OFZ 29016,D1,2026-03-25,00:00:00,100.28800000,100.50000000,100.20100000,100.39700000,2523409
OFZ 29016,D1,2026-03-26,00:00:00,100.37000000,100.57700000,100.35000000,100.51000000,1633357
OFZ 29016,D1,2026-03-27,00:00:00,100.51000000,100.62900000,100.45500000,100.55000000,1143015
OFZ 29016,D1,2026-03-28,00:00:00,100.60000000,100.60000000,100.43100000,100.48200000,3587
OFZ 29016,D1,2026-03-29,00:00:00,100.59800000,100.60000000,100.42300000,100.48100000,8625
OFZ 29016,D1,2026-03-30,00:00:00,100.60000000,100.60000000,100.22200000,100.29900000,292854
OFZ 29016,D1,2026-03-31,00:00:00,100.28200000,100.50000000,100.00300000,100.37300000,484405
OFZ 29016,D1,2026-04-01,00:00:00,100.45100000,100.49800000,100.25200000,100.39400000,608091
OFZ 29016,D1,2026-04-02,00:00:00,100.25500000,100.42800000,100.25000000,100.36000000,191124
OFZ 29016,D1,2026-04-03,00:00:00,100.36000000,100.42700000,100.13000000,100.28200000,697801
OFZ 29016,D1,2026-04-04,00:00:00,100.20000000,100.30800000,100.17100000,100.29400000,4201
OFZ 29016,D1,2026-04-05,00:00:00,100.30800000,100.30800000,100.24300000,100.29700000,2236
OFZ 29016,D1,2026-04-06,00:00:00,100.20000000,100.39500000,100.10000000,100.25000000,945860
OFZ 29016,D1,2026-04-07,00:00:00,100.15100000,100.29800000,100.03200000,100.15000000,513384
OFZ 29016,D1,2026-04-08,00:00:00,100.26300000,100.26300000,100.05000000,100.05300000,138545
OFZ 29016,D1,2026-04-09,00:00:00,100.17900000,100.22800000,100.00000000,100.07200000,542578
OFZ 29016,D1,2026-04-10,00:00:00,100.00200000,100.14800000,100.00200000,100.11300000,599399
OFZ 29016,D1,2026-04-11,00:00:00,100.11300000,100.11300000,100.01000000,100.11000000,6843
OFZ 29016,D1,2026-04-12,00:00:00,100.10900000,100.13500000,100.00000000,100.09000000,21721
OFZ 29016,D1,2026-04-13,00:00:00,100.11300000,100.13800000,100.00000000,100.02800000,786399
OFZ 29016,D1,2026-04-14,00:00:00,100.13800000,100.21000000,100.02100000,100.10000000,374273
OFZ 29016,D1,2026-04-15,00:00:00,100.10000000,100.14800000,100.03000000,100.14600000,271207
OFZ 29016,D1,2026-04-16,00:00:00,100.25600000,100.25600000,100.07000000,100.17000000,310103
OFZ 29016,D1,2026-04-17,00:00:00,100.17100000,100.17500000,100.07000000,100.08000000,168769
OFZ 29016,D1,2026-04-18,00:00:00,100.07500000,100.21200000,100.07500000,100.19000000,10975
OFZ 29016,D1,2026-04-19,00:00:00,100.07600000,100.24800000,100.07600000,100.18400000,13729
OFZ 29016,D1,2026-04-20,00:00:00,100.07500000,100.26500000,100.07000000,100.09700000,150943
OFZ 29016,D1,2026-04-21,00:00:00,100.23400000,100.23400000,100.00100000,100.02200000,199513
OFZ 29016,D1,2026-04-22,00:00:00,100.09900000,100.21800000,100.04600000,100.18000000,283057
OFZ 29016,D1,2026-04-23,00:00:00,100.16500000,100.24000000,100.05400000,100.12500000,150665
OFZ 29016,D1,2026-04-24,00:00:00,100.22500000,100.22500000,100.05100000,100.09200000,238933
OFZ 29016,D1,2026-04-25,00:00:00,100.10000000,100.16700000,100.05100000,100.06000000,8313
OFZ 29016,D1,2026-04-26,00:00:00,100.12400000,100.20700000,100.06000000,100.16700000,4153
OFZ 29016,D1,2026-04-27,00:00:00,100.10000000,100.21000000,100.05100000,100.14500000,211126
OFZ 29016,D1,2026-04-28,00:00:00,100.18000000,100.25000000,100.05700000,100.16400000,493171
OFZ 29016,D1,2026-04-29,00:00:00,100.07500000,100.23700000,100.07500000,100.14000000,165143
OFZ 29016,D1,2026-04-30,00:00:00,100.12700000,100.22500000,100.05000000,100.15200000,174734
OFZ 29016,D1,2026-05-02,00:00:00,100.21900000,100.22600000,100.08200000,100.22100000,2775
OFZ 29016,D1,2026-05-03,00:00:00,100.22100000,100.22600000,100.15600000,100.22400000,2531
OFZ 29016,D1,2026-05-04,00:00:00,100.07700000,100.29700000,100.05900000,100.16100000,148919
OFZ 29016,D1,2026-05-05,00:00:00,100.10100000,100.22800000,100.05000000,100.10400000,293906
OFZ 29016,D1,2026-05-06,00:00:00,100.10400000,100.22100000,100.05000000,100.08000000,130211
OFZ 29016,D1,2026-05-07,00:00:00,100.18900000,100.18900000,100.02400000,100.07200000,440515
OFZ 29016,D1,2026-05-08,00:00:00,100.15000000,100.17000000,100.05000000,100.16200000,203555
OFZ 29016,D1,2026-05-11,00:00:00,100.16200000,100.17800000,100.06600000,100.17700000,34364
OFZ 29016,D1,2026-05-12,00:00:00,100.11000000,100.17800000,100.00000000,100.14700000,405939
OFZ 29016,D1,2026-05-13,00:00:00,100.15500000,100.17000000,100.05000000,100.13200000,189424
OFZ 29016,D1,2026-05-14,00:00:00,100.17000000,100.17000000,100.05000000,100.06200000,154136
OFZ 29016,D1,2026-05-15,00:00:00,100.06200000,100.14800000,100.06200000,100.07100000,57640
OFZ 29016,D1,2026-05-16,00:00:00,100.14700000,100.14800000,100.08000000,100.13600000,1964
OFZ 29016,D1,2026-05-17,00:00:00,100.15000000,100.17400000,100.05000000,100.09800000,2413
OFZ 29016,D1,2026-05-18,00:00:00,100.14700000,100.17400000,100.01000000,100.03200000,219871
OFZ 29016,D1,2026-05-19,00:00:00,100.11600000,100.11700000,100.00000000,100.00000000,303833
OFZ 29016,D1,2026-05-20,00:00:00,100.00000000,100.09800000,99.96000000,100.02300000,597769
OFZ 29016,D1,2026-05-21,00:00:00,100.08700000,100.09100000,100.00000000,100.03700000,354531
OFZ 29016,D1,2026-05-22,00:00:00,100.03700000,100.07000000,100.00100000,100.05000000,321945
OFZ 29016,D1,2026-05-23,00:00:00,100.08000000,100.08000000,100.00100000,100.02000000,4366
OFZ 29016,D1,2026-05-24,00:00:00,100.01300000,100.17000000,100.00000000,100.01500000,12256
OFZ 29016,D1,2026-05-25,00:00:00,100.08000000,100.17000000,100.00000000,100.00400000,522679
OFZ 29016,D1,2026-05-26,00:00:00,100.10000000,100.10000000,100.00100000,100.09900000,280611
OFZ 29016,D1,2026-05-27,00:00:00,100.14800000,100.14800000,100.00200000,100.06400000,176077
OFZ 29016,D1,2026-05-28,00:00:00,100.04000000,100.17700000,100.00100000,100.16400000,296579
OFZ 29016,D1,2026-05-29,00:00:00,100.18900000,100.19200000,100.05000000,100.14100000,90603
OFZ 29016,D1,2026-05-30,00:00:00,100.16100000,100.20000000,100.11000000,100.17000000,2701
OFZ 29016,D1,2026-05-31,00:00:00,100.05200000,100.20000000,100.05200000,100.10900000,2473
OFZ 29016,MN1,2025-12-31,00:00:00,99.48800000,99.73600000,99.25000000,99.57000000,8787363
OFZ 29016,MN1,2026-01-31,00:00:00,99.66700000,99.80000000,99.34400000,99.76900000,4963570
OFZ 29016,MN1,2026-02-28,00:00:00,99.76900000,99.96500000,99.60000000,99.89900000,15640669
OFZ 29016,MN1,2026-03-31,00:00:00,99.85900000,100.62900000,99.84400000,100.37300000,18802422
OFZ 29016,MN1,2026-04-30,00:00:00,100.45100000,100.49800000,100.00000000,100.15200000,8286989
OFZ 29016,W1,2025-12-07,00:00:00,99.48800000,99.60600000,99.37000000,99.48700000,1639526
OFZ 29016,W1,2025-12-14,00:00:00,99.53000000,99.59800000,99.25000000,99.43800000,2008938
OFZ 29016,W1,2025-12-21,00:00:00,99.38000000,99.48000000,99.27400000,99.33500000,945378
OFZ 29016,W1,2025-12-28,00:00:00,99.34000000,99.58600000,99.28500000,99.56800000,3801807
OFZ 29016,W1,2026-01-04,00:00:00,99.56800000,99.73600000,99.35100000,99.57000000,391714
OFZ 29016,W1,2026-01-11,00:00:00,99.66700000,99.66700000,99.47800000,99.52000000,172483
OFZ 29016,W1,2026-01-18,00:00:00,99.52000000,99.65000000,99.37700000,99.58400000,1623594
OFZ 29016,W1,2026-01-25,00:00:00,99.65200000,99.75000000,99.34400000,99.74900000,1571328
OFZ 29016,W1,2026-02-01,00:00:00,99.74900000,99.80000000,99.62000000,99.76900000,1596165
OFZ 29016,W1,2026-02-08,00:00:00,99.76900000,99.82900000,99.65200000,99.72000000,2214471
OFZ 29016,W1,2026-02-15,00:00:00,99.74100000,99.90000000,99.66900000,99.89800000,6846445
OFZ 29016,W1,2026-02-22,00:00:00,99.89800000,99.96500000,99.60000000,99.91800000,3215901
OFZ 29016,W1,2026-03-01,00:00:00,99.91000000,99.94400000,99.80000000,99.89900000,3363852
OFZ 29016,W1,2026-03-08,00:00:00,99.85900000,100.08900000,99.84400000,99.99900000,3933815
OFZ 29016,W1,2026-03-15,00:00:00,100.05000000,100.20000000,99.84900000,100.20000000,1927154
OFZ 29016,W1,2026-03-22,00:00:00,100.08400000,100.33000000,99.99100000,100.24900000,5318534
OFZ 29016,W1,2026-03-29,00:00:00,100.24900000,100.62900000,100.06900000,100.48100000,6845660
OFZ 29016,W1,2026-04-05,00:00:00,100.60000000,100.60000000,100.00300000,100.29700000,2280712
OFZ 29016,W1,2026-04-12,00:00:00,100.20000000,100.39500000,100.00000000,100.09000000,2768330
OFZ 29016,W1,2026-04-19,00:00:00,100.11300000,100.25600000,100.00000000,100.18400000,1935455
OFZ 29016,W1,2026-04-26,00:00:00,100.07500000,100.26500000,100.00100000,100.16700000,1035577
OFZ 29016,W1,2026-05-03,00:00:00,100.10000000,100.25000000,100.05000000,100.22400000,1049480
OFZ 29016,W1,2026-05-10,00:00:00,100.07700000,100.29700000,100.02400000,100.16200000,1217106
OFZ 29016,W1,2026-05-17,00:00:00,100.16200000,100.17800000,100.00000000,100.09800000,845880
OFZ 29016,W1,2026-05-24,00:00:00,100.14700000,100.17400000,99.96000000,100.01500000,1814571
OFZ 29017,D1,2025-12-01,00:00:00,97.04700000,97.22100000,96.91100000,97.00000000,584
OFZ 29017,D1,2025-12-02,00:00:00,97.16800000,97.23600000,96.85000000,96.98800000,1266
OFZ 29017,D1,2025-12-03,00:00:00,96.86300000,97.03000000,96.86200000,96.99600000,12662
OFZ 29017,D1,2025-12-04,00:00:00,97.05400000,97.06800000,96.96200000,97.00000000,10493
OFZ 29017,D1,2025-12-05,00:00:00,97.03000000,97.03000000,96.86100000,96.91100000,2828
OFZ 29017,D1,2025-12-08,00:00:00,96.91100000,97.21900000,96.80100000,96.89900000,3753
OFZ 29017,D1,2025-12-09,00:00:00,96.86100000,97.07200000,96.82200000,96.89800000,254969
OFZ 29017,D1,2025-12-10,00:00:00,96.86600000,96.90000000,96.80000000,96.90000000,12273
OFZ 29017,D1,2025-12-11,00:00:00,97.16700000,97.22000000,96.82700000,96.99800000,41692
OFZ 29017,D1,2025-12-12,00:00:00,96.99800000,97.07500000,96.86100000,97.00000000,45818
OFZ 29017,D1,2025-12-15,00:00:00,97.09000000,97.09300000,96.94100000,97.04900000,20518
OFZ 29017,D1,2025-12-16,00:00:00,97.09500000,97.50000000,97.01200000,97.10000000,11764
OFZ 29017,D1,2025-12-17,00:00:00,97.06800000,97.10100000,96.98200000,96.98200000,13334
OFZ 29017,D1,2025-12-18,00:00:00,97.21100000,97.21100000,96.91000000,97.09800000,10370
OFZ 29017,D1,2025-12-19,00:00:00,97.10300000,97.15000000,96.81100000,96.99300000,16396
OFZ 29017,D1,2025-12-22,00:00:00,97.05000000,97.15100000,96.87400000,96.87900000,11271
OFZ 29017,D1,2025-12-23,00:00:00,96.95600000,97.15000000,96.86200000,96.99800000,12248
OFZ 29017,D1,2025-12-24,00:00:00,97.08200000,97.22100000,97.00000000,97.05000000,4715
OFZ 29017,D1,2025-12-25,00:00:00,97.06200000,97.20000000,96.96800000,97.08400000,367614
OFZ 29017,D1,2025-12-26,00:00:00,97.20300000,97.30400000,97.11700000,97.20000000,162063
OFZ 29017,D1,2025-12-29,00:00:00,97.32400000,97.35400000,97.00000000,97.29900000,60926
OFZ 29017,D1,2025-12-30,00:00:00,97.34300000,97.38300000,97.20000000,97.38300000,193
OFZ 29017,D1,2026-01-05,00:00:00,97.59400000,97.62200000,97.00100000,97.25000000,793
OFZ 29017,D1,2026-01-06,00:00:00,97.31700000,97.39700000,97.26100000,97.39700000,122
OFZ 29017,D1,2026-01-08,00:00:00,97.39400000,97.40100000,97.20400000,97.24300000,95
OFZ 29017,D1,2026-01-09,00:00:00,97.28000000,97.40200000,97.17300000,97.37400000,262
OFZ 29017,D1,2026-01-12,00:00:00,97.34200000,97.34200000,97.20000000,97.24800000,10126
OFZ 29017,D1,2026-01-13,00:00:00,97.35300000,97.35400000,97.11100000,97.25000000,20954
OFZ 29017,D1,2026-01-14,00:00:00,97.03500000,97.30200000,97.02900000,97.13300000,211733
OFZ 29017,D1,2026-01-15,00:00:00,97.28200000,97.28200000,97.11200000,97.24500000,11773
OFZ 29017,D1,2026-01-16,00:00:00,97.27400000,97.27400000,97.11100000,97.11300000,12243
OFZ 29017,D1,2026-01-19,00:00:00,97.24900000,97.24900000,97.04400000,97.10000000,4295
OFZ 29017,D1,2026-01-20,00:00:00,97.02200000,97.19900000,97.00000000,97.00200000,56008
OFZ 29017,D1,2026-01-21,00:00:00,97.16600000,97.19800000,97.00000000,97.05600000,17154
OFZ 29017,D1,2026-01-22,00:00:00,96.90100000,97.20000000,96.76200000,97.06400000,572
OFZ 29017,D1,2026-01-23,00:00:00,97.03900000,97.10000000,97.03900000,97.06200000,2578
OFZ 29017,D1,2026-01-26,00:00:00,97.06200000,97.19800000,96.96600000,97.17900000,2012
OFZ 29017,D1,2026-01-27,00:00:00,97.31600000,97.47900000,96.90400000,97.14000000,4541
OFZ 29017,D1,2026-01-28,00:00:00,97.06200000,97.17900000,97.05100000,97.15000000,5525
OFZ 29017,D1,2026-01-29,00:00:00,97.29500000,97.29500000,97.06700000,97.09000000,1727
OFZ 29017,D1,2026-01-30,00:00:00,97.19700000,97.19700000,96.97600000,97.14100000,4439
OFZ 29017,D1,2026-02-02,00:00:00,97.31900000,97.32700000,97.06100000,97.13900000,1758
OFZ 29017,D1,2026-02-03,00:00:00,97.13900000,97.13900000,96.96100000,97.00000000,17261
OFZ 29017,D1,2026-02-04,00:00:00,97.02300000,97.14700000,96.96200000,97.00000000,3589
OFZ 29017,D1,2026-02-05,00:00:00,97.19800000,97.20000000,96.92000000,96.95000000,3932
OFZ 29017,D1,2026-02-06,00:00:00,97.08000000,97.08000000,96.97100000,96.98500000,2792
OFZ 29017,D1,2026-02-09,00:00:00,96.98900000,97.20000000,96.86400000,96.90000000,7755
OFZ 29017,D1,2026-02-10,00:00:00,97.10900000,97.10900000,96.76100000,96.80000000,59550
OFZ 29017,D1,2026-02-11,00:00:00,96.71700000,96.96500000,96.69300000,96.77100000,5656
OFZ 29017,D1,2026-02-12,00:00:00,96.90500000,96.90500000,96.76100000,96.76200000,3255
OFZ 29017,D1,2026-02-13,00:00:00,96.89700000,96.89700000,96.70000000,96.70000000,4001
OFZ 29017,D1,2026-02-16,00:00:00,96.78100000,96.84500000,96.61600000,96.81400000,3922
OFZ 29017,D1,2026-02-17,00:00:00,96.83200000,96.83800000,96.56100000,96.76100000,57909
OFZ 29017,D1,2026-02-18,00:00:00,96.81900000,96.81900000,96.66100000,96.70000000,2371
OFZ 29017,D1,2026-02-19,00:00:00,96.80200000,96.80200000,96.50000000,96.61800000,117688
OFZ 29017,D1,2026-02-20,00:00:00,96.78300000,96.78300000,96.65200000,96.73800000,151647
OFZ 29017,D1,2026-02-24,00:00:00,96.70100000,96.74900000,96.55100000,96.74900000,679
OFZ 29017,D1,2026-02-25,00:00:00,96.78200000,96.78500000,96.60000000,96.73900000,9833
OFZ 29017,D1,2026-02-26,00:00:00,96.56200000,96.77400000,96.56100000,96.70000000,1941
OFZ 29017,D1,2026-02-27,00:00:00,96.76500000,96.76500000,96.66100000,96.68000000,7661
OFZ 29017,D1,2026-03-02,00:00:00,96.68000000,96.95900000,96.54100000,96.90000000,175832
OFZ 29017,D1,2026-03-03,00:00:00,96.97400000,96.97400000,96.67200000,96.76000000,201306
OFZ 29017,D1,2026-03-04,00:00:00,96.77300000,96.79000000,96.72500000,96.79000000,29499
OFZ 29017,D1,2026-03-05,00:00:00,96.97200000,96.97200000,96.61000000,96.75000000,10337
OFZ 29017,D1,2026-03-06,00:00:00,96.75200000,96.75200000,96.72500000,96.72600000,3676
OFZ 29017,D1,2026-03-09,00:00:00,96.75000000,96.93900000,96.60000000,96.93900000,391
OFZ 29017,D1,2026-03-10,00:00:00,96.70100000,96.93400000,96.61300000,96.75000000,1981
OFZ 29017,D1,2026-03-11,00:00:00,96.75000000,96.75300000,96.73100000,96.75000000,616
OFZ 29017,D1,2026-03-12,00:00:00,96.73100000,96.78000000,96.66200000,96.70000000,5241
OFZ 29017,D1,2026-03-13,00:00:00,96.70000000,96.93800000,96.62000000,96.64500000,18062
OFZ 29017,D1,2026-03-16,00:00:00,96.76900000,96.76900000,96.50100000,96.63000000,8121
OFZ 29017,D1,2026-03-17,00:00:00,96.56300000,96.72500000,96.56000000,96.72500000,38347
OFZ 29017,D1,2026-03-18,00:00:00,96.76000000,96.92900000,96.60000000,96.66100000,56617
OFZ 29017,D1,2026-03-19,00:00:00,96.93300000,96.93400000,96.84800000,96.86000000,12181
OFZ 29017,D1,2026-03-20,00:00:00,96.70100000,96.95000000,96.70000000,96.80000000,6887
OFZ 29017,D1,2026-03-23,00:00:00,96.62100000,96.96700000,96.62100000,96.90000000,60685
OFZ 29017,D1,2026-03-24,00:00:00,96.90000000,97.07000000,96.76300000,96.96900000,6940
OFZ 29017,D1,2026-03-25,00:00:00,96.80400000,97.10000000,96.80000000,97.10000000,58234
OFZ 29017,D1,2026-03-26,00:00:00,97.10900000,97.11500000,96.85000000,97.07400000,50562
OFZ 29017,D1,2026-03-27,00:00:00,97.08000000,97.16000000,97.01100000,97.15900000,64510
OFZ 29017,D1,2026-03-28,00:00:00,97.16700000,97.20000000,97.16700000,97.17000000,133
OFZ 29017,D1,2026-03-29,00:00:00,97.20000000,97.20000000,97.15000000,97.20000000,116
OFZ 29017,D1,2026-03-30,00:00:00,97.16700000,97.20000000,97.06400000,97.15500000,1849
OFZ 29017,D1,2026-03-31,00:00:00,97.07400000,97.23200000,97.07300000,97.15000000,3863
OFZ 29017,D1,2026-04-01,00:00:00,97.24800000,97.24800000,97.05100000,97.15000000,1307
OFZ 29017,D1,2026-04-02,00:00:00,97.13100000,97.23900000,97.05000000,97.14000000,21084
OFZ 29017,D1,2026-04-03,00:00:00,97.14000000,97.19900000,96.81100000,97.09800000,1948
OFZ 29017,D1,2026-04-04,00:00:00,97.24700000,97.37000000,96.97400000,97.18600000,401
OFZ 29017,D1,2026-04-05,00:00:00,97.29700000,97.32100000,96.97400000,96.97500000,162
OFZ 29017,D1,2026-04-06,00:00:00,97.24700000,97.37000000,96.97400000,97.10000000,18051
OFZ 29017,D1,2026-04-07,00:00:00,97.09900000,97.16400000,96.97500000,97.00000000,1061
OFZ 29017,D1,2026-04-08,00:00:00,97.24800000,97.25100000,96.90200000,97.10000000,170
OFZ 29017,D1,2026-04-09,00:00:00,97.26200000,97.26200000,97.00000000,97.00000000,2509
OFZ 29017,D1,2026-04-10,00:00:00,97.10000000,97.10000000,96.93600000,97.05000000,5084
OFZ 29017,D1,2026-04-11,00:00:00,97.13500000,97.37600000,97.01400000,97.35000000,242
OFZ 29017,D1,2026-04-12,00:00:00,97.37600000,97.37600000,97.02400000,97.29600000,48
OFZ 29017,D1,2026-04-13,00:00:00,97.13500000,97.37600000,97.01400000,97.02000000,2059
OFZ 29017,D1,2026-04-14,00:00:00,97.01400000,97.05000000,96.96100000,97.00000000,108269
OFZ 29017,D1,2026-04-15,00:00:00,97.19200000,97.19300000,96.98100000,97.00000000,23581
OFZ 29017,D1,2026-04-16,00:00:00,97.26800000,97.37600000,96.91000000,96.91600000,7612
OFZ 29017,D1,2026-04-17,00:00:00,97.10000000,97.35000000,96.98000000,97.10000000,50066
OFZ 29017,D1,2026-04-18,00:00:00,97.02400000,97.30000000,97.02400000,97.29900000,172
OFZ 29017,D1,2026-04-19,00:00:00,97.29000000,97.36000000,97.01400000,97.36000000,900
OFZ 29017,D1,2026-04-20,00:00:00,97.02400000,97.36000000,97.01000000,97.10000000,5570
OFZ 29017,D1,2026-04-21,00:00:00,97.28900000,97.29000000,96.96200000,97.09400000,1152
OFZ 29017,D1,2026-04-22,00:00:00,97.29700000,97.37500000,96.92400000,97.05000000,14820
OFZ 29017,D1,2026-04-23,00:00:00,97.25000000,97.25000000,97.04800000,97.05000000,1652
OFZ 29017,D1,2026-04-24,00:00:00,97.28900000,97.29000000,96.93200000,96.94600000,5845
OFZ 29017,D1,2026-04-25,00:00:00,96.94300000,97.23800000,96.94300000,97.23700000,279
OFZ 29017,D1,2026-04-26,00:00:00,97.28900000,97.28900000,96.85000000,97.15000000,4736
OFZ 29017,D1,2026-04-27,00:00:00,96.94300000,97.28900000,96.85000000,97.00000000,9318
OFZ 29017,D1,2026-04-28,00:00:00,96.98900000,97.04500000,96.96100000,96.98000000,523
OFZ 29017,D1,2026-04-29,00:00:00,96.97900000,97.04800000,96.82000000,96.99800000,844
OFZ 29017,D1,2026-04-30,00:00:00,96.95900000,97.05800000,96.88300000,97.05400000,253368
OFZ 29017,D1,2026-05-02,00:00:00,97.19000000,97.32000000,97.10100000,97.31400000,596
OFZ 29017,D1,2026-05-03,00:00:00,97.31400000,97.32000000,96.91100000,97.30000000,501
OFZ 29017,D1,2026-05-04,00:00:00,97.05400000,97.32000000,96.89100000,97.15000000,8779
OFZ 29017,D1,2026-05-05,00:00:00,97.29000000,97.30500000,97.01200000,97.23400000,696
OFZ 29017,D1,2026-05-06,00:00:00,97.30500000,97.30500000,97.01200000,97.14500000,2889
OFZ 29017,D1,2026-05-07,00:00:00,96.95900000,97.30600000,96.95700000,97.15800000,1636
OFZ 29017,D1,2026-05-08,00:00:00,97.30300000,97.31000000,96.99800000,97.31000000,1232
OFZ 29017,D1,2026-05-11,00:00:00,97.30900000,97.31000000,97.05100000,97.30800000,1222
OFZ 29017,D1,2026-05-12,00:00:00,97.30900000,97.30900000,97.10000000,97.30900000,332
OFZ 29017,D1,2026-05-13,00:00:00,97.31000000,97.31000000,97.02000000,97.15900000,441
OFZ 29017,D1,2026-05-14,00:00:00,97.15900000,97.32600000,97.02500000,97.32600000,1337
OFZ 29017,D1,2026-05-15,00:00:00,97.30000000,97.33400000,97.05300000,97.33400000,249
OFZ 29017,D1,2026-05-16,00:00:00,97.32000000,97.33400000,97.20100000,97.32900000,504
OFZ 29017,D1,2026-05-17,00:00:00,97.05000000,97.33300000,97.04900000,97.06900000,79
OFZ 29017,D1,2026-05-18,00:00:00,97.32000000,97.33400000,97.04900000,97.33100000,1939
OFZ 29017,D1,2026-05-19,00:00:00,97.20000000,97.29800000,97.05000000,97.05100000,933
OFZ 29017,D1,2026-05-20,00:00:00,97.33000000,97.33000000,97.01700000,97.23200000,957
OFZ 29017,D1,2026-05-21,00:00:00,97.02300000,97.25000000,97.02300000,97.25000000,1072
OFZ 29017,D1,2026-05-22,00:00:00,97.10300000,97.33300000,97.05900000,97.08500000,180
OFZ 29017,D1,2026-05-23,00:00:00,97.05900000,97.31400000,97.02100000,97.29900000,173
OFZ 29017,D1,2026-05-24,00:00:00,97.10300000,97.33300000,97.10300000,97.33000000,86
OFZ 29017,D1,2026-05-25,00:00:00,97.05900000,97.33300000,97.02100000,97.29900000,918
OFZ 29017,D1,2026-05-26,00:00:00,97.31600000,97.31600000,97.05100000,97.14400000,201
OFZ 29017,D1,2026-05-27,00:00:00,97.05300000,97.27600000,97.05100000,97.27600000,279
OFZ 29017,D1,2026-05-28,00:00:00,97.29900000,97.33300000,97.07000000,97.29800000,1965
OFZ 29017,D1,2026-05-29,00:00:00,97.28600000,97.28600000,97.08600000,97.19900000,208
OFZ 29017,D1,2026-05-30,00:00:00,97.33300000,97.33300000,97.14100000,97.14100000,38
OFZ 29017,D1,2026-05-31,00:00:00,97.33300000,97.33300000,97.33300000,97.33300000,137
OFZ 29017,MN1,2025-12-31,00:00:00,97.04700000,97.50000000,96.80000000,97.38300000,1077750
OFZ 29017,MN1,2026-01-31,00:00:00,97.59400000,97.62200000,96.76200000,97.14100000,366952
OFZ 29017,MN1,2026-02-28,00:00:00,97.31900000,97.32700000,96.50000000,96.68000000,463200
OFZ 29017,MN1,2026-03-31,00:00:00,96.68000000,97.23200000,96.50100000,97.15000000,815986
OFZ 29017,MN1,2026-04-30,00:00:00,97.24800000,97.37600000,96.81100000,97.05400000,542833
OFZ 29017,W1,2025-12-07,00:00:00,97.04700000,97.23600000,96.85000000,96.91100000,27833
OFZ 29017,W1,2025-12-14,00:00:00,96.91100000,97.22000000,96.80000000,97.00000000,358505
OFZ 29017,W1,2025-12-21,00:00:00,97.09000000,97.50000000,96.81100000,96.99300000,72382
OFZ 29017,W1,2025-12-28,00:00:00,97.05000000,97.30400000,96.86200000,97.20000000,557911
OFZ 29017,W1,2026-01-04,00:00:00,97.32400000,97.38300000,97.00000000,97.38300000,61119
OFZ 29017,W1,2026-01-11,00:00:00,97.59400000,97.62200000,97.00100000,97.37400000,1272
OFZ 29017,W1,2026-01-18,00:00:00,97.34200000,97.35400000,97.02900000,97.11300000,266829
OFZ 29017,W1,2026-01-25,00:00:00,97.24900000,97.24900000,96.76200000,97.06200000,80607
OFZ 29017,W1,2026-02-01,00:00:00,97.06200000,97.47900000,96.90400000,97.14100000,18244
OFZ 29017,W1,2026-02-08,00:00:00,97.31900000,97.32700000,96.92000000,96.98500000,29332
OFZ 29017,W1,2026-02-15,00:00:00,96.98900000,97.20000000,96.69300000,96.70000000,80217
OFZ 29017,W1,2026-02-22,00:00:00,96.78100000,96.84500000,96.50000000,96.73800000,333537
OFZ 29017,W1,2026-03-01,00:00:00,96.70100000,96.78500000,96.55100000,96.68000000,20114
OFZ 29017,W1,2026-03-08,00:00:00,96.68000000,96.97400000,96.54100000,96.72600000,420650
OFZ 29017,W1,2026-03-15,00:00:00,96.75000000,96.93900000,96.60000000,96.64500000,26291
OFZ 29017,W1,2026-03-22,00:00:00,96.76900000,96.95000000,96.50100000,96.80000000,122153
OFZ 29017,W1,2026-03-29,00:00:00,96.62100000,97.20000000,96.62100000,97.20000000,241180
OFZ 29017,W1,2026-04-05,00:00:00,97.16700000,97.37000000,96.81100000,96.97500000,30614
OFZ 29017,W1,2026-04-12,00:00:00,97.24700000,97.37600000,96.90200000,97.29600000,27165
OFZ 29017,W1,2026-04-19,00:00:00,97.13500000,97.37600000,96.91000000,97.36000000,192659
OFZ 29017,W1,2026-04-26,00:00:00,97.02400000,97.37500000,96.85000000,97.15000000,34054
OFZ 29017,W1,2026-05-03,00:00:00,96.94300000,97.32000000,96.82000000,97.30000000,265150
OFZ 29017,W1,2026-05-10,00:00:00,97.05400000,97.32000000,96.89100000,97.31000000,15232
OFZ 29017,W1,2026-05-17,00:00:00,97.30900000,97.33400000,97.02000000,97.06900000,4164
OFZ 29017,W1,2026-05-24,00:00:00,97.32000000,97.33400000,97.01700000,97.33000000,5340
OFZ 29018,D1,2025-12-01,00:00:00,97.23800000,97.23800000,96.96300000,97.09700000,335
OFZ 29018,D1,2025-12-02,00:00:00,97.17000000,97.31000000,96.95000000,97.09900000,4371
OFZ 29018,D1,2025-12-03,00:00:00,97.16500000,97.16500000,96.95100000,97.10000000,1430
OFZ 29018,D1,2025-12-04,00:00:00,96.95200000,97.14800000,96.86900000,96.96000000,939
OFZ 29018,D1,2025-12-05,00:00:00,96.99800000,97.00000000,96.86300000,96.91000000,34587
OFZ 29018,D1,2025-12-08,00:00:00,97.06400000,97.06400000,96.83000000,96.92800000,3284
OFZ 29018,D1,2025-12-09,00:00:00,96.85400000,97.00800000,96.85100000,96.99800000,251149
OFZ 29018,D1,2025-12-10,00:00:00,97.04500000,97.04700000,96.91100000,97.04500000,251249
OFZ 29018,D1,2025-12-11,00:00:00,97.26600000,97.30000000,96.96100000,97.29000000,286018
OFZ 29018,D1,2025-12-12,00:00:00,97.29000000,97.29000000,97.09600000,97.15100000,20106
OFZ 29018,D1,2025-12-15,00:00:00,97.28700000,97.38000000,97.00500000,97.15700000,40629
OFZ 29018,D1,2025-12-16,00:00:00,97.37900000,97.37900000,97.18600000,97.29900000,21682
OFZ 29018,D1,2025-12-17,00:00:00,97.29900000,97.32000000,97.21100000,97.21100000,20241
OFZ 29018,D1,2025-12-18,00:00:00,97.33800000,97.33800000,97.07800000,97.28000000,15516
OFZ 29018,D1,2025-12-19,00:00:00,97.37900000,97.45000000,97.19600000,97.25000000,10449
OFZ 29018,D1,2025-12-22,00:00:00,97.50100000,97.50100000,97.21100000,97.24600000,21689
OFZ 29018,D1,2025-12-23,00:00:00,97.25500000,97.35000000,97.11700000,97.11900000,21348
OFZ 29018,D1,2025-12-24,00:00:00,97.29900000,97.30000000,97.24100000,97.24700000,18279
OFZ 29018,D1,2025-12-25,00:00:00,97.32700000,97.38000000,97.24900000,97.37500000,373866
OFZ 29018,D1,2025-12-26,00:00:00,97.44300000,97.60000000,97.26100000,97.37500000,210770
OFZ 29018,D1,2025-12-29,00:00:00,97.36900000,97.49000000,97.26100000,97.37900000,211524
OFZ 29018,D1,2025-12-30,00:00:00,97.87000000,98.10000000,97.56300000,97.79400000,148
OFZ 29018,D1,2026-01-05,00:00:00,96.99200000,98.26500000,96.99100000,97.75300000,267
OFZ 29018,D1,2026-01-06,00:00:00,97.75300000,97.80000000,97.55800000,97.57500000,285
OFZ 29018,D1,2026-01-08,00:00:00,97.76900000,97.80000000,97.58200000,97.58200000,148
OFZ 29018,D1,2026-01-09,00:00:00,97.72400000,97.80000000,97.57400000,97.79900000,151
OFZ 29018,D1,2026-01-12,00:00:00,97.79900000,97.79900000,97.30100000,97.40000000,10551
OFZ 29018,D1,2026-01-13,00:00:00,97.65200000,97.68100000,97.20500000,97.20500000,10220
OFZ 29018,D1,2026-01-14,00:00:00,97.55300000,97.58800000,97.31200000,97.31200000,12835
OFZ 29018,D1,2026-01-15,00:00:00,97.52000000,97.52000000,97.31500000,97.42800000,13131
OFZ 29018,D1,2026-01-16,00:00:00,97.51500000,97.51700000,97.31200000,97.41000000,17238
OFZ 29018,D1,2026-01-19,00:00:00,97.50900000,97.50900000,97.30000000,97.30100000,5765
OFZ 29018,D1,2026-01-20,00:00:00,97.49600000,97.82100000,97.26200000,97.35100000,4816
OFZ 29018,D1,2026-01-21,00:00:00,97.43900000,97.45100000,97.00000000,97.15000000,61936
OFZ 29018,D1,2026-01-22,00:00:00,97.13800000,97.42500000,96.90600000,97.15900000,5221
OFZ 29018,D1,2026-01-23,00:00:00,97.35300000,97.44600000,97.11100000,97.14900000,5181
OFZ 29018,D1,2026-01-26,00:00:00,96.90600000,97.36900000,96.90600000,97.12600000,32551
OFZ 29018,D1,2026-01-27,00:00:00,97.47500000,97.49500000,97.03000000,97.10000000,3739
OFZ 29018,D1,2026-01-28,00:00:00,97.23100000,97.30100000,97.05100000,97.08000000,8472
OFZ 29018,D1,2026-01-29,00:00:00,97.49900000,97.49900000,97.00000000,97.05000000,5250
OFZ 29018,D1,2026-01-30,00:00:00,97.24700000,97.30000000,97.00100000,97.10000000,8945
OFZ 29018,D1,2026-02-02,00:00:00,97.26100000,97.34900000,97.06200000,97.07700000,6650
OFZ 29018,D1,2026-02-03,00:00:00,97.25000000,97.25100000,96.90000000,97.10000000,12796
OFZ 29018,D1,2026-02-04,00:00:00,97.04800000,97.24800000,96.95300000,97.10000000,5426
OFZ 29018,D1,2026-02-05,00:00:00,97.19900000,97.20900000,96.95200000,97.04000000,6760
OFZ 29018,D1,2026-02-06,00:00:00,97.03100000,97.19500000,97.00000000,97.09800000,35484
OFZ 29018,D1,2026-02-09,00:00:00,97.10100000,97.14800000,97.09100000,97.10100000,4097
OFZ 29018,D1,2026-02-10,00:00:00,97.14200000,97.46900000,97.09100000,97.11000000,4052
OFZ 29018,D1,2026-02-11,00:00:00,97.15700000,97.49500000,97.04500000,97.04500000,3928
OFZ 29018,D1,2026-02-12,00:00:00,97.12500000,97.12500000,97.06200000,97.06500000,1216
OFZ 29018,D1,2026-02-13,00:00:00,97.43000000,97.44800000,97.01100000,97.02400000,6556
OFZ 29018,D1,2026-02-16,00:00:00,97.41300000,97.41300000,97.04100000,97.06500000,2039
OFZ 29018,D1,2026-02-17,00:00:00,97.41000000,97.41500000,97.07100000,97.07900000,582
OFZ 29018,D1,2026-02-18,00:00:00,97.28200000,97.38400000,97.05000000,97.07000000,3345
OFZ 29018,D1,2026-02-19,00:00:00,97.02700000,97.09900000,97.00000000,97.03000000,11948
OFZ 29018,D1,2026-02-20,00:00:00,97.37100000,97.37100000,97.03000000,97.05900000,10732
OFZ 29018,D1,2026-02-24,00:00:00,97.33300000,97.33400000,96.99200000,97.06000000,1000
OFZ 29018,D1,2026-02-25,00:00:00,97.06000000,97.36000000,97.01500000,97.04500000,1285
OFZ 29018,D1,2026-02-26,00:00:00,97.29400000,97.29700000,96.97700000,97.05000000,292071
OFZ 29018,D1,2026-02-27,00:00:00,97.29800000,97.29800000,96.91100000,96.98000000,302391
OFZ 29018,D1,2026-03-02,00:00:00,97.09600000,97.09600000,96.91400000,96.94000000,8035
OFZ 29018,D1,2026-03-03,00:00:00,97.07000000,97.09900000,96.94400000,97.00000000,5573
OFZ 29018,D1,2026-03-04,00:00:00,97.09900000,97.29500000,96.99100000,96.99800000,204584
OFZ 29018,D1,2026-03-05,00:00:00,96.95500000,97.23000000,96.95000000,97.00000000,5959
OFZ 29018,D1,2026-03-06,00:00:00,97.00000000,97.01100000,96.94000000,96.94500000,7330
OFZ 29018,D1,2026-03-09,00:00:00,97.00000000,97.23800000,96.80100000,97.14100000,807
OFZ 29018,D1,2026-03-10,00:00:00,97.18500000,97.18500000,96.91500000,96.98000000,5133
OFZ 29018,D1,2026-03-11,00:00:00,97.00000000,97.04900000,96.87300000,97.02500000,49613
OFZ 29018,D1,2026-03-12,00:00:00,96.87700000,97.12800000,96.87700000,96.98000000,119433
OFZ 29018,D1,2026-03-13,00:00:00,96.99800000,97.05000000,96.95100000,97.05000000,56792
OFZ 29018,D1,2026-03-16,00:00:00,96.95200000,96.99900000,96.83400000,96.98000000,4871
OFZ 29018,D1,2026-03-17,00:00:00,96.99000000,96.99900000,96.83500000,96.91300000,8518
OFZ 29018,D1,2026-03-18,00:00:00,96.85100000,97.15000000,96.81600000,96.92100000,64437
OFZ 29018,D1,2026-03-19,00:00:00,96.92800000,97.25000000,96.83200000,97.19800000,9130
OFZ 29018,D1,2026-03-20,00:00:00,96.86500000,97.25000000,96.86500000,97.14900000,66933
OFZ 29018,D1,2026-03-23,00:00:00,97.00000000,97.25000000,96.96100000,96.96200000,61056
OFZ 29018,D1,2026-03-24,00:00:00,96.96200000,97.30000000,96.95300000,97.19900000,10036
OFZ 29018,D1,2026-03-25,00:00:00,97.20000000,97.33300000,97.19000000,97.33300000,45866
OFZ 29018,D1,2026-03-26,00:00:00,97.34100000,97.41600000,97.15100000,97.32900000,18054
OFZ 29018,D1,2026-03-27,00:00:00,97.40100000,97.40800000,97.32000000,97.32000000,8702
OFZ 29018,D1,2026-03-28,00:00:00,97.40800000,97.42200000,97.09800000,97.14200000,304
OFZ 29018,D1,2026-03-29,00:00:00,97.44200000,97.45200000,97.09600000,97.44200000,72
OFZ 29018,D1,2026-03-30,00:00:00,97.40800000,97.45200000,97.09400000,97.33000000,44517
OFZ 29018,D1,2026-03-31,00:00:00,97.30000000,97.45100000,97.20100000,97.28200000,3708
OFZ 29018,D1,2026-04-01,00:00:00,97.34500000,97.44900000,97.20200000,97.34000000,344
OFZ 29018,D1,2026-04-02,00:00:00,97.44200000,97.45100000,97.18400000,97.38000000,518623
OFZ 29018,D1,2026-04-03,00:00:00,97.21300000,97.45200000,97.21300000,97.34900000,2744
OFZ 29018,D1,2026-04-04,00:00:00,97.46000000,97.52400000,97.46000000,97.52400000,114
OFZ 29018,D1,2026-04-05,00:00:00,97.52700000,97.57400000,97.52400000,97.57400000,63
OFZ 29018,D1,2026-04-06,00:00:00,97.46000000,97.58200000,97.26700000,97.35000000,3050
OFZ 29018,D1,2026-04-07,00:00:00,97.28200000,97.44800000,97.28200000,97.32000000,422
OFZ 29018,D1,2026-04-08,00:00:00,97.45900000,97.45900000,97.26600000,97.32500000,1216
OFZ 29018,D1,2026-04-09,00:00:00,97.33000000,97.44700000,97.25000000,97.27900000,20415
OFZ 29018,D1,2026-04-10,00:00:00,97.43400000,97.57400000,97.20000000,97.25000000,6000
OFZ 29018,D1,2026-04-11,00:00:00,97.53100000,97.57400000,97.25100000,97.27500000,31
OFZ 29018,D1,2026-04-12,00:00:00,97.57200000,97.57300000,97.20100000,97.49800000,244
OFZ 29018,D1,2026-04-13,00:00:00,97.53100000,97.57400000,97.12400000,97.13800000,2362
OFZ 29018,D1,2026-04-14,00:00:00,97.55500000,97.55500000,97.21000000,97.22000000,17214
OFZ 29018,D1,2026-04-15,00:00:00,97.21200000,97.57300000,97.10100000,97.22000000,2925
OFZ 29018,D1,2026-04-16,00:00:00,97.57300000,97.57300000,97.11000000,97.11000000,4791
OFZ 29018,D1,2026-04-17,00:00:00,97.77600000,97.77600000,97.02600000,97.26000000,500337
OFZ 29018,D1,2026-04-18,00:00:00,97.55800000,97.56000000,97.10000000,97.33100000,157
OFZ 29018,D1,2026-04-19,00:00:00,97.42700000,97.54000000,97.38400000,97.45000000,77
OFZ 29018,D1,2026-04-20,00:00:00,97.55800000,97.56000000,97.10000000,97.30000000,601383
OFZ 29018,D1,2026-04-21,00:00:00,97.50000000,97.53000000,97.21100000,97.35000000,934
OFZ 29018,D1,2026-04-22,00:00:00,97.30100000,97.57400000,97.14500000,97.30000000,1793
OFZ 29018,D1,2026-04-23,00:00:00,97.50000000,97.50000000,97.16000000,97.20000000,2154
OFZ 29018,D1,2026-04-24,00:00:00,97.44900000,97.44900000,97.21100000,97.22600000,2838
OFZ 29018,D1,2026-04-25,00:00:00,97.46900000,97.47000000,97.00000000,97.36900000,539
OFZ 29018,D1,2026-04-26,00:00:00,97.15100000,97.37300000,97.15100000,97.37300000,142
OFZ 29018,D1,2026-04-27,00:00:00,97.46900000,97.47000000,97.00000000,97.17800000,3712
OFZ 29018,D1,2026-04-28,00:00:00,97.20600000,97.44900000,97.16100000,97.43700000,2470
OFZ 29018,D1,2026-04-29,00:00:00,97.20100000,97.55300000,97.20100000,97.39700000,889
OFZ 29018,D1,2026-04-30,00:00:00,97.57400000,97.57400000,97.31200000,97.57400000,855
OFZ 29018,D1,2026-05-02,00:00:00,97.57400000,97.57400000,97.57400000,97.57400000,54
OFZ 29018,D1,2026-05-03,00:00:00,97.57400000,97.57400000,97.25800000,97.51400000,320
OFZ 29018,D1,2026-05-04,00:00:00,97.26000000,97.69100000,97.23000000,97.36000000,2695
OFZ 29018,D1,2026-05-05,00:00:00,97.49800000,97.49800000,97.26700000,97.39900000,1566
OFZ 29018,D1,2026-05-06,00:00:00,97.54700000,97.57400000,97.27100000,97.57400000,879
OFZ 29018,D1,2026-05-07,00:00:00,97.57400000,97.58600000,97.34100000,97.58600000,817
OFZ 29018,D1,2026-05-08,00:00:00,97.64500000,97.64500000,97.40000000,97.59900000,359
OFZ 29018,D1,2026-05-11,00:00:00,97.28600000,97.60000000,97.28400000,97.60000000,1150
OFZ 29018,D1,2026-05-12,00:00:00,97.60000000,97.60000000,97.27800000,97.51200000,505
OFZ 29018,D1,2026-05-13,00:00:00,97.60000000,97.60000000,97.26100000,97.53600000,508
OFZ 29018,D1,2026-05-14,00:00:00,97.21300000,97.59900000,97.21200000,97.59900000,1918
OFZ 29018,D1,2026-05-15,00:00:00,97.51700000,97.60000000,97.30000000,97.60000000,1295
OFZ 29018,D1,2026-05-16,00:00:00,97.60000000,97.60000000,97.40000000,97.60000000,84
OFZ 29018,D1,2026-05-17,00:00:00,97.60000000,97.60000000,97.50100000,97.60000000,636
OFZ 29018,D1,2026-05-18,00:00:00,97.60000000,97.60000000,97.31000000,97.49900000,1685
OFZ 29018,D1,2026-05-19,00:00:00,97.60000000,97.60000000,97.31000000,97.52700000,1095
OFZ 29018,D1,2026-05-20,00:00:00,97.59900000,97.59900000,97.30000000,97.39900000,265
OFZ 29018,D1,2026-05-21,00:00:00,97.27600000,97.49700000,97.02600000,97.23000000,7610317
OFZ 29018,D1,2026-05-22,00:00:00,97.46500000,97.46900000,97.18200000,97.34900000,42346
OFZ 29018,D1,2026-05-23,00:00:00,97.44600000,97.60000000,97.22800000,97.57000000,484
OFZ 29018,D1,2026-05-24,00:00:00,97.57000000,97.60000000,97.18500000,97.59000000,1096
OFZ 29018,D1,2026-05-25,00:00:00,97.44600000,97.64600000,97.18500000,97.35000000,2078
OFZ 29018,D1,2026-05-26,00:00:00,97.62300000,97.63000000,97.29800000,97.30700000,400
OFZ 29018,D1,2026-05-27,00:00:00,97.64500000,97.64500000,97.27800000,97.36000000,1711
OFZ 29018,D1,2026-05-28,00:00:00,97.62400000,97.62400000,97.21900000,97.44400000,678
OFZ 29018,D1,2026-05-29,00:00:00,97.64400000,97.64400000,97.35100000,97.53000000,1297
OFZ 29018,D1,2026-05-30,00:00:00,97.62300000,97.62400000,97.61000000,97.62400000,40
OFZ 29018,D1,2026-05-31,00:00:00,97.62400000,97.62400000,97.53000000,97.62400000,35
OFZ 29018,MN1,2025-12-31,00:00:00,97.23800000,98.10000000,96.83000000,97.79400000,1819609
OFZ 29018,MN1,2026-01-31,00:00:00,96.99200000,98.26500000,96.90600000,97.10000000,206702
OFZ 29018,MN1,2026-02-28,00:00:00,97.26100000,97.49500000,96.90000000,96.98000000,712358
OFZ 29018,MN1,2026-03-31,00:00:00,97.09600000,97.45200000,96.80100000,97.28200000,809463
OFZ 29018,MN1,2026-04-30,00:00:00,97.34500000,97.77600000,97.00000000,97.57400000,1698838
OFZ 29018,W1,2025-12-07,00:00:00,97.23800000,97.31000000,96.86300000,96.91000000,41662
OFZ 29018,W1,2025-12-14,00:00:00,97.06400000,97.30000000,96.83000000,97.15100000,811806
OFZ 29018,W1,2025-12-21,00:00:00,97.28700000,97.45000000,97.00500000,97.25000000,108517
OFZ 29018,W1,2025-12-28,00:00:00,97.50100000,97.60000000,97.11700000,97.37500000,645952
OFZ 29018,W1,2026-01-04,00:00:00,97.36900000,98.10000000,97.26100000,97.79400000,211672
OFZ 29018,W1,2026-01-11,00:00:00,96.99200000,98.26500000,96.99100000,97.79900000,851
OFZ 29018,W1,2026-01-18,00:00:00,97.79900000,97.79900000,97.20500000,97.41000000,63975
OFZ 29018,W1,2026-01-25,00:00:00,97.50900000,97.82100000,96.90600000,97.14900000,82919
OFZ 29018,W1,2026-02-01,00:00:00,96.90600000,97.49900000,96.90600000,97.10000000,58957
OFZ 29018,W1,2026-02-08,00:00:00,97.26100000,97.34900000,96.90000000,97.09800000,67116
OFZ 29018,W1,2026-02-15,00:00:00,97.10100000,97.49500000,97.01100000,97.02400000,19849
OFZ 29018,W1,2026-02-22,00:00:00,97.41300000,97.41500000,97.00000000,97.05900000,28646
OFZ 29018,W1,2026-03-01,00:00:00,97.33300000,97.36000000,96.91100000,96.98000000,596747
OFZ 29018,W1,2026-03-08,00:00:00,97.09600000,97.29500000,96.91400000,96.94500000,231481
OFZ 29018,W1,2026-03-15,00:00:00,97.00000000,97.23800000,96.80100000,97.05000000,231778
OFZ 29018,W1,2026-03-22,00:00:00,96.95200000,97.25000000,96.81600000,97.14900000,153889
OFZ 29018,W1,2026-03-29,00:00:00,97.00000000,97.45200000,96.95300000,97.44200000,144090
OFZ 29018,W1,2026-04-05,00:00:00,97.40800000,97.57400000,97.09400000,97.57400000,570113
OFZ 29018,W1,2026-04-12,00:00:00,97.46000000,97.58200000,97.20000000,97.49800000,31378
OFZ 29018,W1,2026-04-19,00:00:00,97.53100000,97.77600000,97.02600000,97.45000000,527863
OFZ 29018,W1,2026-04-26,00:00:00,97.55800000,97.57400000,97.00000000,97.37300000,609783
OFZ 29018,W1,2026-05-03,00:00:00,97.46900000,97.57400000,97.00000000,97.51400000,8300
OFZ 29018,W1,2026-05-10,00:00:00,97.26000000,97.69100000,97.23000000,97.59900000,6316
OFZ 29018,W1,2026-05-17,00:00:00,97.28600000,97.60000000,97.21200000,97.60000000,6096
OFZ 29018,W1,2026-05-24,00:00:00,97.60000000,97.60000000,97.02600000,97.59000000,7657288
OFZ 29019,D1,2025-12-01,00:00:00,97.96900000,98.37100000,97.86000000,97.90000000,1575
OFZ 29019,D1,2025-12-02,00:00:00,98.08800000,98.08800000,97.86500000,98.00000000,1641
OFZ 29019,D1,2025-12-03,00:00:00,98.00100000,98.10500000,97.85100000,98.10500000,997
OFZ 29019,D1,2025-12-04,00:00:00,97.97500000,98.24300000,97.97000000,98.23700000,758
OFZ 29019,D1,2025-12-05,00:00:00,98.24200000,98.24200000,97.98000000,98.09800000,498
OFZ 29019,D1,2025-12-08,00:00:00,98.00200000,98.10100000,97.91100000,97.94100000,4453
OFZ 29019,D1,2025-12-09,00:00:00,97.92000000,98.15200000,97.92000000,98.10000000,390
OFZ 29019,D1,2025-12-10,00:00:00,98.10100000,98.22500000,97.90200000,98.09600000,985
OFZ 29019,D1,2025-12-11,00:00:00,98.22200000,98.22200000,97.93000000,98.07800000,3084
OFZ 29019,D1,2025-12-12,00:00:00,97.99200000,98.21800000,97.99200000,98.04400000,689
OFZ 29019,D1,2025-12-15,00:00:00,98.20500000,98.22200000,97.90000000,97.91100000,708
OFZ 29019,D1,2025-12-16,00:00:00,98.14400000,98.22500000,97.85500000,98.00000000,1511
OFZ 29019,D1,2025-12-17,00:00:00,97.95800000,98.18600000,97.90600000,98.10300000,869
OFZ 29019,D1,2025-12-18,00:00:00,98.18500000,98.18500000,97.90000000,97.99600000,104014
OFZ 29019,D1,2025-12-19,00:00:00,97.94900000,98.14900000,97.90000000,98.00000000,2447
OFZ 29019,D1,2025-12-22,00:00:00,98.14900000,98.21400000,97.92700000,98.05000000,846
OFZ 29019,D1,2025-12-23,00:00:00,98.00000000,98.10000000,97.90000000,98.09800000,974
OFZ 29019,D1,2025-12-24,00:00:00,98.15200000,98.19700000,98.02800000,98.10900000,2660
OFZ 29019,D1,2025-12-25,00:00:00,98.10900000,98.22500000,97.92500000,98.17900000,2670
OFZ 29019,D1,2025-12-26,00:00:00,98.19600000,98.26200000,97.94100000,98.10000000,2769
OFZ 29019,D1,2025-12-29,00:00:00,97.95400000,98.35700000,97.95300000,98.10000000,2916
OFZ 29019,D1,2025-12-30,00:00:00,98.22800000,98.30000000,97.96300000,98.29800000,6732
OFZ 29019,D1,2026-01-05,00:00:00,98.50000000,98.50000000,97.96500000,98.37200000,4251
OFZ 29019,D1,2026-01-06,00:00:00,98.37300000,98.45000000,98.12700000,98.19500000,790
OFZ 29019,D1,2026-01-08,00:00:00,98.33200000,98.39900000,98.27800000,98.30500000,1394
OFZ 29019,D1,2026-01-09,00:00:00,98.71400000,98.71400000,98.28100000,98.38300000,816
OFZ 29019,D1,2026-01-12,00:00:00,98.77800000,98.77800000,98.33900000,98.40000000,2363
OFZ 29019,D1,2026-01-13,00:00:00,98.50000000,98.50000000,98.21800000,98.40000000,2158
OFZ 29019,D1,2026-01-14,00:00:00,98.29300000,98.40000000,98.21700000,98.25000000,1139
OFZ 29019,D1,2026-01-15,00:00:00,98.37200000,98.42100000,98.18400000,98.25000000,703
OFZ 29019,D1,2026-01-16,00:00:00,98.37800000,98.39900000,98.19000000,98.28500000,741
OFZ 29019,D1,2026-01-19,00:00:00,98.28400000,98.45400000,98.18500000,98.42100000,1370
OFZ 29019,D1,2026-01-20,00:00:00,98.23700000,98.44900000,98.20000000,98.42200000,7382
OFZ 29019,D1,2026-01-21,00:00:00,98.45400000,98.47200000,98.22400000,98.47200000,6280
OFZ 29019,D1,2026-01-22,00:00:00,98.54900000,98.54900000,98.00000000,98.47500000,1700
OFZ 29019,D1,2026-01-23,00:00:00,98.54800000,98.54800000,98.20000000,98.20000000,2364
OFZ 29019,D1,2026-01-26,00:00:00,98.54600000,98.54600000,98.00000000,98.29200000,3074
OFZ 29019,D1,2026-01-27,00:00:00,98.41900000,98.41900000,97.95000000,98.19900000,15169
OFZ 29019,D1,2026-01-28,00:00:00,98.17600000,98.17600000,98.00500000,98.13300000,840
OFZ 29019,D1,2026-01-29,00:00:00,98.00700000,98.26300000,98.00700000,98.26200000,726
OFZ 29019,D1,2026-01-30,00:00:00,98.26100000,98.26200000,98.07000000,98.26100000,637
OFZ 29019,D1,2026-02-02,00:00:00,98.26100000,98.30100000,98.00500000,98.11900000,2070
OFZ 29019,D1,2026-02-03,00:00:00,98.26500000,98.37200000,98.10300000,98.19100000,577
OFZ 29019,D1,2026-02-04,00:00:00,98.43000000,98.43000000,98.23500000,98.25900000,996
OFZ 29019,D1,2026-02-05,00:00:00,98.43100000,98.71500000,98.00500000,98.04000000,3044
OFZ 29019,D1,2026-02-06,00:00:00,98.28900000,98.31300000,98.00400000,98.05700000,3268
OFZ 29019,D1,2026-02-09,00:00:00,98.03000000,98.18300000,97.90000000,98.09700000,2456
OFZ 29019,D1,2026-02-10,00:00:00,97.87500000,98.17000000,97.87500000,97.95300000,4842
OFZ 29019,D1,2026-02-11,00:00:00,98.09600000,98.09700000,97.79000000,97.90300000,4875998
OFZ 29019,D1,2026-02-12,00:00:00,97.90000000,98.09700000,97.85200000,98.07600000,48993
OFZ 29019,D1,2026-02-13,00:00:00,98.07600000,98.10300000,97.90800000,98.10000000,1572
OFZ 29019,D1,2026-02-16,00:00:00,98.00000000,98.47200000,97.86400000,98.20100000,107227
OFZ 29019,D1,2026-02-17,00:00:00,98.59900000,98.59900000,98.18100000,98.40500000,153115
OFZ 29019,D1,2026-02-18,00:00:00,98.36200000,98.50600000,98.26000000,98.50100000,9374
OFZ 29019,D1,2026-02-19,00:00:00,98.33000000,98.50600000,98.25000000,98.26300000,1370
OFZ 29019,D1,2026-02-20,00:00:00,98.50800000,98.50800000,98.25300000,98.44000000,108708
OFZ 29019,D1,2026-02-24,00:00:00,98.25200000,98.49800000,98.25100000,98.39700000,2571
OFZ 29019,D1,2026-02-25,00:00:00,98.46600000,98.46600000,98.25000000,98.35000000,9177
OFZ 29019,D1,2026-02-26,00:00:00,98.35100000,98.46000000,98.25000000,98.26100000,7514
OFZ 29019,D1,2026-02-27,00:00:00,98.45600000,98.45600000,98.25000000,98.34400000,5631
OFZ 29019,D1,2026-03-02,00:00:00,98.46600000,98.46600000,98.25200000,98.46000000,1223
OFZ 29019,D1,2026-03-03,00:00:00,98.46600000,98.48300000,98.21100000,98.47900000,1401
OFZ 29019,D1,2026-03-04,00:00:00,98.50000000,98.50000000,98.30100000,98.35500000,2246
OFZ 29019,D1,2026-03-05,00:00:00,98.30000000,98.50000000,98.21300000,98.31800000,645
OFZ 29019,D1,2026-03-06,00:00:00,98.32800000,98.57700000,98.21700000,98.43100000,734
OFZ 29019,D1,2026-03-09,00:00:00,98.50000000,98.70000000,98.50000000,98.61000000,364
OFZ 29019,D1,2026-03-10,00:00:00,98.64600000,98.77200000,98.45000000,98.50000000,5750
OFZ 29019,D1,2026-03-11,00:00:00,98.48300000,98.54900000,98.45100000,98.54900000,3555
OFZ 29019,D1,2026-03-12,00:00:00,98.66400000,98.66400000,98.22100000,98.50400000,2488
OFZ 29019,D1,2026-03-13,00:00:00,98.60300000,98.61600000,98.47200000,98.61600000,2218
OFZ 29019,D1,2026-03-16,00:00:00,98.61600000,98.61600000,98.38100000,98.58800000,3299
OFZ 29019,D1,2026-03-17,00:00:00,98.50900000,98.61600000,98.49100000,98.55000000,1453
OFZ 29019,D1,2026-03-18,00:00:00,98.61600000,98.69000000,98.50200000,98.66900000,974768
OFZ 29019,D1,2026-03-19,00:00:00,98.94900000,98.95200000,98.40000000,98.60000000,6684
OFZ 29019,D1,2026-03-20,00:00:00,98.63100000,98.79900000,98.50000000,98.79900000,4546
OFZ 29019,D1,2026-03-23,00:00:00,98.81800000,98.81800000,98.50000000,98.53100000,3183
OFZ 29019,D1,2026-03-24,00:00:00,98.52500000,98.69700000,98.50100000,98.65800000,161667
OFZ 29019,D1,2026-03-25,00:00:00,98.69000000,99.15000000,98.50600000,98.86000000,57199
OFZ 29019,D1,2026-03-26,00:00:00,99.02900000,99.36600000,98.80000000,99.05900000,86086
OFZ 29019,D1,2026-03-27,00:00:00,99.48000000,99.48000000,99.05000000,99.36600000,1012428
OFZ 29019,D1,2026-03-28,00:00:00,99.47600000,99.50000000,99.00000000,99.00100000,594
OFZ 29019,D1,2026-03-29,00:00:00,99.36500000,99.39900000,99.00100000,99.39800000,192
OFZ 29019,D1,2026-03-30,00:00:00,99.47600000,99.50000000,99.00000000,99.19900000,3755
OFZ 29019,D1,2026-03-31,00:00:00,99.48900000,99.48900000,99.19900000,99.35000000,1807
OFZ 29019,D1,2026-04-01,00:00:00,99.54600000,99.54600000,99.22300000,99.52500000,3251
OFZ 29019,D1,2026-04-02,00:00:00,99.52200000,99.57200000,99.20500000,99.42000000,11622
OFZ 29019,D1,2026-04-03,00:00:00,99.49400000,99.49900000,99.25300000,99.40000000,3201
OFZ 29019,D1,2026-04-04,00:00:00,99.60000000,99.60000000,99.21000000,99.56900000,111
OFZ 29019,D1,2026-04-05,00:00:00,99.56900000,99.60000000,99.20000000,99.50000000,74
OFZ 29019,D1,2026-04-06,00:00:00,99.60000000,99.60000000,99.12000000,99.30000000,1129300
OFZ 29019,D1,2026-04-07,00:00:00,99.62000000,99.67200000,99.18000000,99.37500000,4875589
OFZ 29019,D1,2026-04-08,00:00:00,99.44800000,99.67200000,99.00300000,99.30000000,425946
OFZ 29019,D1,2026-04-09,00:00:00,99.30000000,99.42500000,99.18400000,99.35000000,3917560
OFZ 29019,D1,2026-04-10,00:00:00,99.42500000,99.57200000,99.05100000,99.39900000,9885
OFZ 29019,D1,2026-04-11,00:00:00,99.54000000,99.57200000,99.19900000,99.57200000,605
OFZ 29019,D1,2026-04-12,00:00:00,99.58300000,99.58400000,99.23700000,99.58400000,876
OFZ 29019,D1,2026-04-13,00:00:00,99.54000000,100.00000000,99.19500000,100.00000000,6959897
OFZ 29019,D1,2026-04-14,00:00:00,99.60000000,100.07200000,99.50000000,99.98900000,13848
OFZ 29019,D1,2026-04-15,00:00:00,100.02200000,100.02200000,99.45000000,100.02200000,5998
OFZ 29019,D1,2026-04-16,00:00:00,100.02800000,100.02800000,99.45000000,99.70200000,8000
OFZ 29019,D1,2026-04-17,00:00:00,99.60000000,99.70200000,99.45000000,99.47000000,1257
OFZ 29019,D1,2026-04-18,00:00:00,99.49400000,99.90900000,99.45100000,99.70100000,298
OFZ 29019,D1,2026-04-19,00:00:00,99.70200000,99.93000000,99.51800000,99.87500000,562
OFZ 29019,D1,2026-04-20,00:00:00,99.49400000,99.93000000,99.45100000,99.89800000,32442
OFZ 29019,D1,2026-04-21,00:00:00,100.03000000,100.03000000,99.52100000,100.01800000,104847
OFZ 29019,D1,2026-04-22,00:00:00,100.01700000,100.01700000,99.51400000,100.01300000,7977
OFZ 29019,D1,2026-04-23,00:00:00,99.88700000,100.04500000,99.48000000,99.70800000,4280
OFZ 29019,D1,2026-04-24,00:00:00,99.74200000,99.74200000,99.47000000,99.59900000,10215
OFZ 29019,D1,2026-04-25,00:00:00,99.46200000,99.66200000,99.45000000,99.49600000,222
OFZ 29019,D1,2026-04-26,00:00:00,99.55900000,99.59400000,99.45100000,99.48900000,113
OFZ 29019,D1,2026-04-27,00:00:00,99.46200000,99.66200000,99.45000000,99.59800000,2019
OFZ 29019,D1,2026-04-28,00:00:00,99.59800000,99.63000000,99.45100000,99.46100000,940
OFZ 29019,D1,2026-04-29,00:00:00,99.59300000,99.59300000,99.45000000,99.49900000,1735
OFZ 29019,D1,2026-04-30,00:00:00,99.45000000,99.55000000,99.42800000,99.54600000,3907
OFZ 29019,D1,2026-05-02,00:00:00,99.88000000,99.89000000,99.50100000,99.59900000,228
OFZ 29019,D1,2026-05-03,00:00:00,99.88800000,99.89000000,99.45300000,99.47100000,608
OFZ 29019,D1,2026-05-04,00:00:00,99.56700000,100.00000000,99.42900000,99.75100000,174547
OFZ 29019,D1,2026-05-05,00:00:00,99.50200000,99.96900000,99.50000000,99.59900000,657
OFZ 29019,D1,2026-05-06,00:00:00,99.88800000,99.88800000,99.37000000,99.41000000,1230
OFZ 29019,D1,2026-05-07,00:00:00,99.54400000,99.59600000,99.35100000,99.59600000,1581
OFZ 29019,D1,2026-05-08,00:00:00,99.58400000,99.61500000,99.35100000,99.61500000,1330
OFZ 29019,D1,2026-05-11,00:00:00,99.61500000,99.69900000,99.35600000,99.69900000,312
OFZ 29019,D1,2026-05-12,00:00:00,99.75000000,99.75000000,99.42900000,99.63100000,833
OFZ 29019,D1,2026-05-13,00:00:00,99.63100000,99.68600000,99.35500000,99.49100000,2577
OFZ 29019,D1,2026-05-14,00:00:00,99.70000000,99.70000000,99.35500000,99.40000000,992
OFZ 29019,D1,2026-05-15,00:00:00,99.40000000,99.45000000,99.36000000,99.44900000,1296
OFZ 29019,D1,2026-05-16,00:00:00,99.68600000,99.68700000,99.35700000,99.54500000,144
OFZ 29019,D1,2026-05-17,00:00:00,99.54600000,99.65000000,99.35600000,99.59600000,139
OFZ 29019,D1,2026-05-18,00:00:00,99.68600000,99.68900000,99.35600000,99.38200000,1841
OFZ 29019,D1,2026-05-19,00:00:00,99.60000000,99.64500000,99.35400000,99.35600000,1785
OFZ 29019,D1,2026-05-20,00:00:00,99.64600000,99.64600000,99.35200000,99.35200000,2074
OFZ 29019,D1,2026-05-21,00:00:00,99.35100000,99.63900000,99.30000000,99.30100000,585
OFZ 29019,D1,2026-05-22,00:00:00,99.30000000,99.60000000,99.22400000,99.45000000,2898
OFZ 29019,D1,2026-05-23,00:00:00,99.56900000,99.57000000,99.26300000,99.44100000,43
OFZ 29019,D1,2026-05-24,00:00:00,99.59700000,99.59800000,99.25200000,99.58400000,61
OFZ 29019,D1,2026-05-25,00:00:00,99.56900000,99.59800000,99.22000000,99.37600000,1138
OFZ 29019,D1,2026-05-26,00:00:00,99.37400000,99.39700000,99.10000000,99.15800000,4249
OFZ 29019,D1,2026-05-27,00:00:00,99.37400000,99.37400000,99.10000000,99.26400000,948
OFZ 29019,D1,2026-05-28,00:00:00,99.33200000,99.33200000,99.16000000,99.33000000,935
OFZ 29019,D1,2026-05-29,00:00:00,99.33500000,99.33500000,99.10000000,99.27200000,2079
OFZ 29019,D1,2026-05-30,00:00:00,99.22500000,99.32900000,99.17000000,99.32900000,364
OFZ 29019,D1,2026-05-31,00:00:00,99.32800000,99.32800000,99.16600000,99.32700000,439
OFZ 29019,MN1,2025-12-31,00:00:00,97.96900000,98.37100000,97.85100000,98.29800000,144186
OFZ 29019,MN1,2026-01-31,00:00:00,98.50000000,98.77800000,97.95000000,98.26100000,53897
OFZ 29019,MN1,2026-02-28,00:00:00,98.26100000,98.71500000,97.79000000,98.34400000,5348503
OFZ 29019,MN1,2026-03-31,00:00:00,98.46600000,99.50000000,98.21100000,99.35000000,2338285
OFZ 29019,MN1,2026-04-30,00:00:00,99.54600000,100.07200000,99.00300000,99.54600000,17536577
OFZ 29019,W1,2025-12-07,00:00:00,97.96900000,98.37100000,97.85100000,98.09800000,5469
OFZ 29019,W1,2025-12-14,00:00:00,98.00200000,98.22500000,97.90200000,98.04400000,9601
OFZ 29019,W1,2025-12-21,00:00:00,98.20500000,98.22500000,97.85500000,98.00000000,109549
OFZ 29019,W1,2025-12-28,00:00:00,98.14900000,98.26200000,97.90000000,98.10000000,9919
OFZ 29019,W1,2026-01-04,00:00:00,97.95400000,98.35700000,97.95300000,98.29800000,9648
OFZ 29019,W1,2026-01-11,00:00:00,98.50000000,98.71400000,97.96500000,98.38300000,7251
OFZ 29019,W1,2026-01-18,00:00:00,98.77800000,98.77800000,98.18400000,98.28500000,7104
OFZ 29019,W1,2026-01-25,00:00:00,98.28400000,98.54900000,98.00000000,98.20000000,19096
OFZ 29019,W1,2026-02-01,00:00:00,98.54600000,98.54600000,97.95000000,98.26100000,20446
OFZ 29019,W1,2026-02-08,00:00:00,98.26100000,98.71500000,98.00400000,98.05700000,9955
OFZ 29019,W1,2026-02-15,00:00:00,98.03000000,98.18300000,97.79000000,98.10000000,4933861
OFZ 29019,W1,2026-02-22,00:00:00,98.00000000,98.59900000,97.86400000,98.44000000,379794
OFZ 29019,W1,2026-03-01,00:00:00,98.25200000,98.49800000,98.25000000,98.34400000,24893
OFZ 29019,W1,2026-03-08,00:00:00,98.46600000,98.57700000,98.21100000,98.43100000,6249
OFZ 29019,W1,2026-03-15,00:00:00,98.50000000,98.77200000,98.22100000,98.61600000,14375
OFZ 29019,W1,2026-03-22,00:00:00,98.61600000,98.95200000,98.38100000,98.79900000,990750
OFZ 29019,W1,2026-03-29,00:00:00,98.81800000,99.50000000,98.50000000,99.39800000,1321349
OFZ 29019,W1,2026-04-05,00:00:00,99.47600000,99.60000000,99.00000000,99.50000000,23821
OFZ 29019,W1,2026-04-12,00:00:00,99.60000000,99.67200000,99.00300000,99.58400000,10359761
OFZ 29019,W1,2026-04-19,00:00:00,99.54000000,100.07200000,99.19500000,99.87500000,6989860
OFZ 29019,W1,2026-04-26,00:00:00,99.49400000,100.04500000,99.45000000,99.48900000,160096
OFZ 29019,W1,2026-05-03,00:00:00,99.46200000,99.89000000,99.42800000,99.47100000,9437
OFZ 29019,W1,2026-05-10,00:00:00,99.56700000,100.00000000,99.35100000,99.61500000,179345
OFZ 29019,W1,2026-05-17,00:00:00,99.61500000,99.75000000,99.35500000,99.59600000,6293
OFZ 29019,W1,2026-05-24,00:00:00,99.68600000,99.68900000,99.22400000,99.58400000,9287
OFZ 29020,D1,2025-12-01,00:00:00,98.99700000,99.11000000,98.88600000,98.93400000,489150
OFZ 29020,D1,2025-12-02,00:00:00,99.02500000,99.05500000,98.77900000,98.95400000,237161
OFZ 29020,D1,2025-12-03,00:00:00,98.95500000,99.04900000,98.85300000,98.98000000,79885
OFZ 29020,D1,2025-12-04,00:00:00,99.05500000,99.10000000,98.93300000,98.98000000,141519
OFZ 29020,D1,2025-12-05,00:00:00,99.12800000,99.12800000,98.90000000,98.97900000,389713
OFZ 29020,D1,2025-12-08,00:00:00,99.04000000,99.08800000,98.76100000,98.81800000,1192215
OFZ 29020,D1,2025-12-09,00:00:00,98.93000000,98.93100000,98.71300000,98.71500000,424515
OFZ 29020,D1,2025-12-10,00:00:00,98.71600000,98.79800000,98.58000000,98.66900000,4170839
OFZ 29020,D1,2025-12-11,00:00:00,98.71500000,98.86700000,98.55000000,98.61400000,3569719
OFZ 29020,D1,2025-12-12,00:00:00,98.81300000,98.81300000,98.40300000,98.49300000,894689
OFZ 29020,D1,2025-12-15,00:00:00,98.50000000,98.58000000,98.35000000,98.38400000,2422009
OFZ 29020,D1,2025-12-16,00:00:00,98.40000000,98.46900000,98.35000000,98.41500000,7875240
OFZ 29020,D1,2025-12-17,00:00:00,98.50000000,98.51400000,98.37000000,98.40100000,89043
OFZ 29020,D1,2025-12-18,00:00:00,98.48700000,98.48700000,98.35000000,98.44000000,2126072
OFZ 29020,D1,2025-12-19,00:00:00,98.44000000,98.66000000,98.37700000,98.64800000,81187
OFZ 29020,D1,2025-12-22,00:00:00,98.64800000,98.69800000,98.45000000,98.52700000,86331
OFZ 29020,D1,2025-12-23,00:00:00,98.52600000,98.65800000,98.44300000,98.60800000,32015
OFZ 29020,D1,2025-12-24,00:00:00,98.65800000,98.68000000,98.52200000,98.66500000,52703
OFZ 29020,D1,2025-12-25,00:00:00,98.69000000,98.79400000,98.53100000,98.67900000,636734
OFZ 29020,D1,2025-12-26,00:00:00,98.74900000,98.79700000,98.55000000,98.60000000,1165549
OFZ 29020,D1,2025-12-29,00:00:00,98.79500000,98.79500000,98.55000000,98.66400000,493189
OFZ 29020,D1,2025-12-30,00:00:00,98.79900000,98.79900000,98.11900000,98.68100000,386704
OFZ 29020,D1,2026-01-05,00:00:00,98.90000000,98.99900000,98.56700000,98.64900000,11475
OFZ 29020,D1,2026-01-06,00:00:00,98.69400000,98.69500000,98.49500000,98.60000000,6310
OFZ 29020,D1,2026-01-08,00:00:00,98.76400000,98.76400000,98.53100000,98.64800000,6654
OFZ 29020,D1,2026-01-09,00:00:00,98.59900000,98.74600000,98.55100000,98.72500000,19287
OFZ 29020,D1,2026-01-12,00:00:00,98.86500000,98.86500000,98.63200000,98.69000000,128256
OFZ 29020,D1,2026-01-13,00:00:00,98.81000000,98.90000000,98.65600000,98.81900000,75687
OFZ 29020,D1,2026-01-14,00:00:00,98.90800000,99.03600000,98.76100000,99.03500000,349058
OFZ 29020,D1,2026-01-15,00:00:00,99.04200000,99.09500000,98.90600000,99.09300000,59595
OFZ 29020,D1,2026-01-16,00:00:00,99.08200000,99.14900000,98.95600000,99.07000000,80455
OFZ 29020,D1,2026-01-19,00:00:00,99.14800000,99.15000000,98.95700000,99.12500000,152544
OFZ 29020,D1,2026-01-20,00:00:00,99.29400000,99.29500000,99.04700000,99.08200000,340306
OFZ 29020,D1,2026-01-21,00:00:00,99.29300000,99.29600000,99.00000000,99.11900000,386634
OFZ 29020,D1,2026-01-22,00:00:00,99.29500000,99.29500000,98.91000000,99.08200000,367745
OFZ 29020,D1,2026-01-23,00:00:00,99.24800000,99.28000000,99.05000000,99.05200000,217448
OFZ 29020,D1,2026-01-26,00:00:00,99.05200000,99.18900000,98.91600000,99.14900000,120675
OFZ 29020,D1,2026-01-27,00:00:00,99.18900000,99.30000000,99.05900000,99.24300000,5926623
OFZ 29020,D1,2026-01-28,00:00:00,99.40600000,99.40600000,99.12700000,99.38000000,4616876
OFZ 29020,D1,2026-01-29,00:00:00,99.35500000,99.38000000,99.10000000,99.19900000,48852
OFZ 29020,D1,2026-01-30,00:00:00,99.40200000,99.40500000,99.10300000,99.20000000,1581648
OFZ 29020,D1,2026-02-02,00:00:00,99.40500000,99.43000000,99.14000000,99.40000000,7633229
OFZ 29020,D1,2026-02-03,00:00:00,99.49900000,99.49900000,99.12800000,99.38000000,7795525
OFZ 29020,D1,2026-02-04,00:00:00,99.23300000,99.39800000,99.10100000,99.19500000,54803
OFZ 29020,D1,2026-02-05,00:00:00,99.20000000,99.39700000,99.11200000,99.22900000,225549
OFZ 29020,D1,2026-02-06,00:00:00,99.25000000,99.37900000,99.16000000,99.22700000,413029
OFZ 29020,D1,2026-02-09,00:00:00,99.17500000,99.37900000,99.13700000,99.30000000,10201186
OFZ 29020,D1,2026-02-10,00:00:00,99.37900000,99.42000000,99.20000000,99.34600000,9677607
OFZ 29020,D1,2026-02-11,00:00:00,99.34700000,99.37000000,99.26900000,99.34800000,24636
OFZ 29020,D1,2026-02-12,00:00:00,99.41900000,99.41900000,99.25100000,99.37600000,433880
OFZ 29020,D1,2026-02-13,00:00:00,99.42000000,99.42000000,99.25000000,99.34700000,171647
OFZ 29020,D1,2026-02-16,00:00:00,99.25700000,99.29900000,99.19000000,99.24400000,159993
OFZ 29020,D1,2026-02-17,00:00:00,99.24100000,99.39000000,99.20000000,99.36100000,286043
OFZ 29020,D1,2026-02-18,00:00:00,99.39300000,99.42000000,99.22800000,99.27300000,1600732
OFZ 29020,D1,2026-02-19,00:00:00,99.41900000,99.41900000,99.25100000,99.27800000,18122
OFZ 29020,D1,2026-02-20,00:00:00,99.41600000,99.42000000,99.26600000,99.30800000,14583
OFZ 29020,D1,2026-02-24,00:00:00,99.30900000,99.46000000,99.25000000,99.40000000,121294
OFZ 29020,D1,2026-02-25,00:00:00,99.48100000,99.49900000,99.29000000,99.37200000,21508
OFZ 29020,D1,2026-02-26,00:00:00,99.40000000,99.49000000,99.29000000,99.44500000,50957
OFZ 29020,D1,2026-02-27,00:00:00,99.48700000,99.48700000,99.31900000,99.43700000,23388
OFZ 29020,D1,2026-03-02,00:00:00,99.36000000,99.50000000,99.25100000,99.47200000,31805
OFZ 29020,D1,2026-03-03,00:00:00,99.45200000,99.65000000,99.31700000,99.60000000,994857
OFZ 29020,D1,2026-03-04,00:00:00,99.65000000,99.70000000,99.45000000,99.65000000,8905053
OFZ 29020,D1,2026-03-05,00:00:00,99.80000000,99.80000000,99.46000000,99.69700000,775301
OFZ 29020,D1,2026-03-06,00:00:00,99.80000000,99.88000000,99.50100000,99.70000000,50691
OFZ 29020,D1,2026-03-09,00:00:00,99.70000000,99.88000000,99.45300000,99.67800000,80131
OFZ 29020,D1,2026-03-10,00:00:00,99.60100000,99.87700000,99.50100000,99.65700000,1039703
OFZ 29020,D1,2026-03-11,00:00:00,99.74900000,99.74900000,99.55100000,99.64200000,56674
OFZ 29020,D1,2026-03-12,00:00:00,99.70000000,99.88000000,99.65100000,99.83900000,3009865
OFZ 29020,D1,2026-03-13,00:00:00,99.88000000,99.88000000,99.66000000,99.80000000,283324
OFZ 29020,D1,2026-03-16,00:00:00,99.88000000,100.00000000,99.77000000,99.94900000,677164
OFZ 29020,D1,2026-03-17,00:00:00,99.99500000,99.99600000,99.72100000,99.91900000,243082
OFZ 29020,D1,2026-03-18,00:00:00,99.91900000,99.96900000,99.80900000,99.92000000,644936
OFZ 29020,D1,2026-03-19,00:00:00,99.96900000,100.00000000,99.73900000,100.00000000,827261
OFZ 29020,D1,2026-03-20,00:00:00,99.81500000,100.09000000,99.80000000,99.84900000,200258
OFZ 29020,D1,2026-03-23,00:00:00,100.10000000,100.10000000,99.80000000,99.90000000,466119
OFZ 29020,D1,2026-03-24,00:00:00,99.88000000,99.99600000,99.85100000,99.96800000,96450
OFZ 29020,D1,2026-03-25,00:00:00,100.10000000,100.10000000,99.81100000,100.08600000,1108561
OFZ 29020,D1,2026-03-26,00:00:00,99.99900000,100.49700000,99.94600000,100.12400000,1638797
OFZ 29020,D1,2026-03-27,00:00:00,100.00200000,100.20000000,100.00200000,100.10000000,847067
OFZ 29020,D1,2026-03-28,00:00:00,100.01800000,100.14800000,100.01800000,100.10000000,4956
OFZ 29020,D1,2026-03-29,00:00:00,100.02300000,100.14900000,100.01100000,100.01900000,3254
OFZ 29020,D1,2026-03-30,00:00:00,100.01800000,100.19600000,100.01100000,100.09600000,1288325
OFZ 29020,D1,2026-03-31,00:00:00,100.19600000,100.19900000,100.03700000,100.10000000,254443
OFZ 29020,D1,2026-04-01,00:00:00,100.10100000,100.19900000,100.04300000,100.14000000,288946
OFZ 29020,D1,2026-04-02,00:00:00,100.14000000,100.15000000,100.08200000,100.13000000,727761
OFZ 29020,D1,2026-04-03,00:00:00,100.08300000,100.20000000,100.08300000,100.10200000,639630
OFZ 29020,D1,2026-04-04,00:00:00,100.15000000,100.36700000,100.10100000,100.35200000,951
OFZ 29020,D1,2026-04-05,00:00:00,100.10300000,100.24800000,100.10000000,100.10100000,1134
OFZ 29020,D1,2026-04-06,00:00:00,100.15000000,100.36700000,100.05000000,100.15000000,375268
OFZ 29020,D1,2026-04-07,00:00:00,100.00400000,100.19700000,100.00100000,100.11600000,222014
OFZ 29020,D1,2026-04-08,00:00:00,100.19700000,100.19700000,100.00300000,100.10000000,336267
OFZ 29020,D1,2026-04-09,00:00:00,100.19400000,100.19400000,100.01100000,100.04300000,360497
OFZ 29020,D1,2026-04-10,00:00:00,100.17500000,100.18800000,100.01000000,100.17900000,1027295
OFZ 29020,D1,2026-04-11,00:00:00,100.17000000,100.18000000,100.05500000,100.17000000,516
OFZ 29020,D1,2026-04-12,00:00:00,100.10000000,100.18000000,100.10000000,100.17000000,759
OFZ 29020,D1,2026-04-13,00:00:00,100.17000000,100.18000000,100.05200000,100.10000000,58171
OFZ 29020,D1,2026-04-14,00:00:00,100.14800000,100.15000000,99.95100000,100.00100000,388319
OFZ 29020,D1,2026-04-15,00:00:00,99.90100000,100.14300000,99.90100000,100.03000000,212413
OFZ 29020,D1,2026-04-16,00:00:00,100.03100000,100.12900000,99.95100000,100.06600000,87710
OFZ 29020,D1,2026-04-17,00:00:00,99.95100000,100.08900000,99.90000000,99.98000000,145732
OFZ 29020,D1,2026-04-18,00:00:00,99.98000000,100.04900000,99.93000000,99.99400000,892
OFZ 29020,D1,2026-04-19,00:00:00,99.93000000,100.04900000,99.90800000,100.00000000,5151
OFZ 29020,D1,2026-04-20,00:00:00,99.98000000,100.17000000,99.90000000,100.04500000,669959
OFZ 29020,D1,2026-04-21,00:00:00,100.00400000,100.10000000,99.95000000,100.02100000,678462
OFZ 29020,D1,2026-04-22,00:00:00,100.11900000,100.15000000,99.94900000,100.02000000,2822699
OFZ 29020,D1,2026-04-23,00:00:00,100.02200000,100.19900000,99.95000000,100.01700000,285529
OFZ 29020,D1,2026-04-24,00:00:00,100.09200000,100.13700000,99.96900000,100.13700000,137715
OFZ 29020,D1,2026-04-25,00:00:00,100.13700000,100.16900000,99.95100000,100.07400000,2064
OFZ 29020,D1,2026-04-26,00:00:00,100.11700000,100.13700000,99.95200000,100.08300000,3604
OFZ 29020,D1,2026-04-27,00:00:00,100.13700000,100.16900000,99.95100000,100.08600000,122668
OFZ 29020,D1,2026-04-28,00:00:00,100.16800000,100.16800000,100.00400000,100.11000000,47241
OFZ 29020,D1,2026-04-29,00:00:00,100.16100000,100.16100000,100.00000000,100.04100000,491641
OFZ 29020,D1,2026-04-30,00:00:00,99.95200000,100.19500000,99.95200000,100.12500000,163078
OFZ 29020,D1,2026-05-02,00:00:00,100.08100000,100.19700000,100.01300000,100.15600000,1733
OFZ 29020,D1,2026-05-03,00:00:00,100.15600000,100.15600000,100.00800000,100.01300000,982
OFZ 29020,D1,2026-05-04,00:00:00,100.12600000,100.19700000,99.95000000,100.05800000,160828
OFZ 29020,D1,2026-05-05,00:00:00,100.05800000,100.15000000,99.98000000,100.01400000,43040
OFZ 29020,D1,2026-05-06,00:00:00,100.01000000,100.09700000,99.98000000,100.02200000,136069
OFZ 29020,D1,2026-05-07,00:00:00,100.08000000,100.10500000,100.00000000,100.00000000,97651
OFZ 29020,D1,2026-05-08,00:00:00,100.07100000,100.07100000,99.81300000,100.03500000,234690
OFZ 29020,D1,2026-05-11,00:00:00,100.03500000,100.07000000,99.93000000,100.05000000,62658
OFZ 29020,D1,2026-05-12,00:00:00,100.07000000,100.09900000,99.97500000,100.08100000,137838
OFZ 29020,D1,2026-05-13,00:00:00,100.00200000,100.14700000,100.00000000,100.12400000,241778
OFZ 29020,D1,2026-05-14,00:00:00,100.03300000,100.12600000,100.00000000,100.00200000,451095
OFZ 29020,D1,2026-05-15,00:00:00,100.00000000,100.14500000,100.00000000,100.04800000,130552
OFZ 29020,D1,2026-05-16,00:00:00,100.04700000,100.14000000,100.00200000,100.09800000,938
OFZ 29020,D1,2026-05-17,00:00:00,100.00200000,100.08700000,100.00200000,100.00200000,1085
OFZ 29020,D1,2026-05-18,00:00:00,100.04700000,100.14000000,99.95500000,100.09800000,462668
OFZ 29020,D1,2026-05-19,00:00:00,100.09900000,100.09900000,99.97400000,99.98100000,877237
OFZ 29020,D1,2026-05-20,00:00:00,100.10000000,100.10000000,99.95200000,100.05900000,1402752
OFZ 29020,D1,2026-05-21,00:00:00,100.05900000,100.05900000,99.95000000,100.02500000,665139
OFZ 29020,D1,2026-05-22,00:00:00,100.09700000,100.09700000,99.97100000,100.00000000,265567
OFZ 29020,D1,2026-05-23,00:00:00,100.00000000,100.09200000,100.00000000,100.09100000,1003
OFZ 29020,D1,2026-05-24,00:00:00,99.97600000,100.09700000,99.97500000,100.00100000,1330
OFZ 29020,D1,2026-05-25,00:00:00,100.00000000,100.09700000,99.95000000,100.03900000,575313
OFZ 29020,D1,2026-05-26,00:00:00,100.04900000,100.05000000,99.98200000,100.00200000,826926
OFZ 29020,D1,2026-05-27,00:00:00,100.03000000,100.09200000,100.00000000,100.05000000,256575
OFZ 29020,D1,2026-05-28,00:00:00,100.00200000,100.09200000,100.00000000,100.05000000,373581
OFZ 29020,D1,2026-05-29,00:00:00,100.09700000,100.09700000,100.00000000,100.06800000,174354
OFZ 29020,D1,2026-05-30,00:00:00,100.06800000,100.16400000,100.00200000,100.07000000,1262
OFZ 29020,D1,2026-05-31,00:00:00,100.07000000,100.12500000,100.00000000,100.10700000,932
OFZ 29020,MN1,2025-12-31,00:00:00,98.99700000,99.12800000,98.11900000,98.68100000,27036181
OFZ 29020,MN1,2026-01-31,00:00:00,98.90000000,99.40600000,98.49500000,99.20000000,14496128
OFZ 29020,MN1,2026-02-28,00:00:00,99.40500000,99.49900000,99.10100000,99.43700000,38927711
OFZ 29020,MN1,2026-03-31,00:00:00,99.36000000,100.49700000,99.25100000,100.10000000,23528077
OFZ 29020,MN1,2026-04-30,00:00:00,100.10100000,100.36700000,99.90000000,100.12500000,10304086
OFZ 29020,W1,2025-12-07,00:00:00,98.99700000,99.12800000,98.77900000,98.97900000,1337428
OFZ 29020,W1,2025-12-14,00:00:00,99.04000000,99.08800000,98.40300000,98.49300000,10251977
OFZ 29020,W1,2025-12-21,00:00:00,98.50000000,98.66000000,98.35000000,98.64800000,12593551
OFZ 29020,W1,2025-12-28,00:00:00,98.64800000,98.79700000,98.44300000,98.60000000,1973332
OFZ 29020,W1,2026-01-04,00:00:00,98.79500000,98.79900000,98.11900000,98.68100000,879893
OFZ 29020,W1,2026-01-11,00:00:00,98.90000000,98.99900000,98.49500000,98.72500000,43726
OFZ 29020,W1,2026-01-18,00:00:00,98.86500000,99.14900000,98.63200000,99.07000000,693051
OFZ 29020,W1,2026-01-25,00:00:00,99.14800000,99.29600000,98.91000000,99.05200000,1464677
OFZ 29020,W1,2026-02-01,00:00:00,99.05200000,99.40600000,98.91600000,99.20000000,12294674
OFZ 29020,W1,2026-02-08,00:00:00,99.40500000,99.49900000,99.10100000,99.22700000,16122135
OFZ 29020,W1,2026-02-15,00:00:00,99.17500000,99.42000000,99.13700000,99.34700000,20508956
OFZ 29020,W1,2026-02-22,00:00:00,99.25700000,99.42000000,99.19000000,99.30800000,2079473
OFZ 29020,W1,2026-03-01,00:00:00,99.30900000,99.49900000,99.25000000,99.43700000,217147
OFZ 29020,W1,2026-03-08,00:00:00,99.36000000,99.88000000,99.25100000,99.70000000,10757707
OFZ 29020,W1,2026-03-15,00:00:00,99.70000000,99.88000000,99.45300000,99.80000000,4469697
OFZ 29020,W1,2026-03-22,00:00:00,99.88000000,100.09000000,99.72100000,99.84900000,2592701
OFZ 29020,W1,2026-03-29,00:00:00,100.10000000,100.49700000,99.80000000,100.01900000,4165204
OFZ 29020,W1,2026-04-05,00:00:00,100.01800000,100.36700000,100.01100000,100.10100000,3201190
OFZ 29020,W1,2026-04-12,00:00:00,100.15000000,100.36700000,100.00100000,100.17000000,2322616
OFZ 29020,W1,2026-04-19,00:00:00,100.17000000,100.18000000,99.90000000,100.00000000,898388
OFZ 29020,W1,2026-04-26,00:00:00,99.98000000,100.19900000,99.90000000,100.08300000,4600032
OFZ 29020,W1,2026-05-03,00:00:00,100.13700000,100.19700000,99.95100000,100.01300000,827343
OFZ 29020,W1,2026-05-10,00:00:00,100.12600000,100.19700000,99.81300000,100.03500000,672278
OFZ 29020,W1,2026-05-17,00:00:00,100.03500000,100.14700000,99.93000000,100.00200000,1025944
OFZ 29020,W1,2026-05-24,00:00:00,100.04700000,100.14000000,99.95000000,100.00100000,3675696
OFZ 29021,D1,2025-12-01,00:00:00,97.20000000,97.22800000,96.92100000,97.01900000,13228
OFZ 29021,D1,2025-12-02,00:00:00,96.93100000,97.07500000,96.89000000,97.00000000,13454
OFZ 29021,D1,2025-12-03,00:00:00,97.07400000,97.08600000,96.70100000,96.95000000,4429
OFZ 29021,D1,2025-12-04,00:00:00,96.90500000,96.95000000,96.75100000,96.94300000,4434
OFZ 29021,D1,2025-12-05,00:00:00,96.75200000,97.00300000,96.60000000,96.89900000,37661
OFZ 29021,D1,2025-12-08,00:00:00,96.90100000,96.97500000,96.77800000,96.94000000,3792
OFZ 29021,D1,2025-12-09,00:00:00,96.97200000,97.03900000,96.80200000,96.95600000,252890
OFZ 29021,D1,2025-12-10,00:00:00,97.05700000,97.10000000,96.73300000,97.08500000,252742
OFZ 29021,D1,2025-12-11,00:00:00,97.19900000,97.34300000,96.98000000,97.27800000,811120
OFZ 29021,D1,2025-12-12,00:00:00,97.42400000,97.45000000,96.99900000,97.29900000,62708
OFZ 29021,D1,2025-12-15,00:00:00,97.27100000,97.42900000,97.11000000,97.15300000,44921
OFZ 29021,D1,2025-12-16,00:00:00,97.10500000,97.42400000,97.00100000,97.42400000,20620
OFZ 29021,D1,2025-12-17,00:00:00,97.45000000,97.45000000,97.24700000,97.24800000,20620
OFZ 29021,D1,2025-12-18,00:00:00,97.44100000,97.44900000,97.25800000,97.42500000,20504
OFZ 29021,D1,2025-12-19,00:00:00,97.44900000,97.60100000,97.20000000,97.28000000,131748
OFZ 29021,D1,2025-12-22,00:00:00,97.42500000,97.44300000,97.16700000,97.31700000,77969
OFZ 29021,D1,2025-12-23,00:00:00,97.47600000,97.61000000,97.17900000,97.34900000,20937
OFZ 29021,D1,2025-12-24,00:00:00,97.39800000,97.45000000,97.25100000,97.42500000,10880
OFZ 29021,D1,2025-12-25,00:00:00,97.45100000,97.80000000,97.24100000,97.45000000,401683
OFZ 29021,D1,2025-12-26,00:00:00,97.57200000,97.83300000,97.25000000,97.46700000,122102
OFZ 29021,D1,2025-12-29,00:00:00,97.46600000,97.57000000,97.21000000,97.45000000,153137
OFZ 29021,D1,2025-12-30,00:00:00,97.39500000,97.76900000,97.39500000,97.76900000,217
OFZ 29021,D1,2026-01-05,00:00:00,97.17400000,97.92500000,97.17300000,97.50000000,679
OFZ 29021,D1,2026-01-06,00:00:00,97.59900000,97.60000000,97.10200000,97.21200000,1040
OFZ 29021,D1,2026-01-08,00:00:00,97.29600000,97.48600000,97.21300000,97.46200000,121
OFZ 29021,D1,2026-01-09,00:00:00,97.48900000,97.53500000,97.30200000,97.53400000,185
OFZ 29021,D1,2026-01-12,00:00:00,97.53600000,97.53600000,97.10000000,97.39200000,11031
OFZ 29021,D1,2026-01-13,00:00:00,97.39500000,97.46700000,97.14400000,97.44300000,10954
OFZ 29021,D1,2026-01-14,00:00:00,97.16500000,97.46700000,97.15200000,97.30000000,13141
OFZ 29021,D1,2026-01-15,00:00:00,97.40000000,97.41000000,97.20000000,97.25400000,13814
OFZ 29021,D1,2026-01-16,00:00:00,97.43500000,97.43800000,97.26000000,97.41300000,7880
OFZ 29021,D1,2026-01-19,00:00:00,97.40000000,97.43400000,97.23900000,97.43400000,6467
OFZ 29021,D1,2026-01-20,00:00:00,97.16500000,97.59900000,97.14800000,97.59900000,3680
OFZ 29021,D1,2026-01-21,00:00:00,97.66800000,97.67000000,97.15000000,97.40200000,19113
OFZ 29021,D1,2026-01-22,00:00:00,97.43500000,97.45100000,97.05400000,97.14500000,48655
OFZ 29021,D1,2026-01-23,00:00:00,97.33000000,97.33000000,97.05000000,97.14600000,50971
OFZ 29021,D1,2026-01-26,00:00:00,97.14500000,97.47000000,97.00200000,97.44000000,157929
OFZ 29021,D1,2026-01-27,00:00:00,97.50900000,97.50900000,97.06000000,97.20000000,38507
OFZ 29021,D1,2026-01-28,00:00:00,97.52000000,97.52100000,96.93500000,97.09700000,562454
OFZ 29021,D1,2026-01-29,00:00:00,97.26100000,97.26100000,96.90600000,97.13500000,12693
OFZ 29021,D1,2026-01-30,00:00:00,97.39900000,97.39900000,97.05400000,97.19100000,46691
OFZ 29021,D1,2026-02-02,00:00:00,97.47800000,97.50300000,97.19100000,97.40000000,75776
OFZ 29021,D1,2026-02-03,00:00:00,97.48700000,97.48900000,97.03000000,97.34000000,251867
OFZ 29021,D1,2026-02-04,00:00:00,97.46900000,97.46900000,97.00200000,97.40800000,2125
OFZ 29021,D1,2026-02-05,00:00:00,97.40800000,97.46800000,97.22800000,97.34900000,2164
OFZ 29021,D1,2026-02-06,00:00:00,97.23900000,97.45800000,97.19300000,97.43100000,19225
OFZ 29021,D1,2026-02-09,00:00:00,97.24900000,97.45900000,97.03300000,97.30200000,52048
OFZ 29021,D1,2026-02-10,00:00:00,97.10500000,97.39100000,97.10500000,97.34300000,7854
OFZ 29021,D1,2026-02-11,00:00:00,97.34600000,97.34600000,97.06800000,97.14500000,3748
OFZ 29021,D1,2026-02-12,00:00:00,97.34300000,97.34800000,97.14800000,97.29800000,5734
OFZ 29021,D1,2026-02-13,00:00:00,97.34700000,97.34800000,97.15700000,97.34700000,52539
OFZ 29021,D1,2026-02-16,00:00:00,97.07500000,97.47000000,97.07500000,97.39000000,202187
OFZ 29021,D1,2026-02-17,00:00:00,97.39000000,97.47000000,97.25000000,97.37400000,354341
OFZ 29021,D1,2026-02-18,00:00:00,97.51700000,97.53000000,97.25000000,97.38800000,198752
OFZ 29021,D1,2026-02-19,00:00:00,97.52800000,97.52800000,97.18000000,97.38900000,1755
OFZ 29021,D1,2026-02-20,00:00:00,97.52900000,97.57200000,97.06000000,97.20000000,3129
OFZ 29021,D1,2026-02-24,00:00:00,97.47500000,97.47500000,97.22700000,97.39800000,52345
OFZ 29021,D1,2026-02-25,00:00:00,97.41600000,97.41600000,97.24100000,97.24600000,2684
OFZ 29021,D1,2026-02-26,00:00:00,97.41500000,97.53400000,97.27300000,97.39800000,2116
OFZ 29021,D1,2026-02-27,00:00:00,97.50900000,97.50900000,97.21800000,97.48600000,1796
OFZ 29021,D1,2026-03-02,00:00:00,97.53500000,97.53500000,97.21100000,97.21100000,2278
OFZ 29021,D1,2026-03-03,00:00:00,97.25300000,97.47200000,97.24900000,97.43100000,3481
OFZ 29021,D1,2026-03-04,00:00:00,97.47000000,97.48500000,97.22200000,97.40000000,5401
OFZ 29021,D1,2026-03-05,00:00:00,97.39900000,97.56000000,96.95100000,97.17000000,17737
OFZ 29021,D1,2026-03-06,00:00:00,97.40800000,97.45000000,97.21100000,97.45000000,1128
OFZ 29021,D1,2026-03-09,00:00:00,97.45000000,97.45200000,97.00000000,97.24800000,1400
OFZ 29021,D1,2026-03-10,00:00:00,97.15800000,97.41500000,97.15700000,97.38000000,1210
OFZ 29021,D1,2026-03-11,00:00:00,97.38000000,97.41500000,97.19000000,97.40800000,217
OFZ 29021,D1,2026-03-12,00:00:00,97.24300000,97.48700000,97.24300000,97.48700000,383
OFZ 29021,D1,2026-03-13,00:00:00,97.49000000,97.53900000,97.35100000,97.53300000,43737
OFZ 29021,D1,2026-03-16,00:00:00,97.53000000,97.65700000,97.35400000,97.65700000,25538
OFZ 29021,D1,2026-03-17,00:00:00,97.55400000,97.55400000,97.40400000,97.41300000,436
OFZ 29021,D1,2026-03-18,00:00:00,97.59800000,97.63000000,97.41700000,97.63000000,3291
OFZ 29021,D1,2026-03-19,00:00:00,97.65000000,97.65500000,97.41000000,97.41000000,3088
OFZ 29021,D1,2026-03-20,00:00:00,97.66000000,97.72300000,97.55000000,97.58900000,2979
OFZ 29021,D1,2026-03-23,00:00:00,97.69800000,97.81100000,97.39500000,97.80000000,6272
OFZ 29021,D1,2026-03-24,00:00:00,97.52800000,97.77900000,97.52700000,97.64900000,6208
OFZ 29021,D1,2026-03-25,00:00:00,97.65400000,97.97200000,97.60000000,97.79000000,24959
OFZ 29021,D1,2026-03-26,00:00:00,97.63300000,98.02000000,97.63300000,97.93000000,9476
OFZ 29021,D1,2026-03-27,00:00:00,97.99500000,98.04800000,97.80000000,97.84900000,11408
OFZ 29021,D1,2026-03-28,00:00:00,97.84900000,97.99900000,97.60200000,97.99900000,168
OFZ 29021,D1,2026-03-29,00:00:00,97.90100000,98.00000000,97.90000000,97.90000000,287
OFZ 29021,D1,2026-03-30,00:00:00,97.84900000,98.13200000,97.60200000,97.90200000,7568
OFZ 29021,D1,2026-03-31,00:00:00,97.85100000,98.07900000,97.61900000,97.99800000,271
OFZ 29021,D1,2026-04-01,00:00:00,98.00000000,98.00000000,97.78100000,97.99600000,1163
OFZ 29021,D1,2026-04-02,00:00:00,97.99500000,98.00000000,97.70200000,97.99800000,1216
OFZ 29021,D1,2026-04-03,00:00:00,97.99800000,98.00000000,97.81300000,97.98000000,125526
OFZ 29021,D1,2026-04-04,00:00:00,97.90000000,98.02200000,97.76600000,98.01000000,86
OFZ 29021,D1,2026-04-05,00:00:00,97.76700000,98.01000000,97.76600000,97.76800000,38
OFZ 29021,D1,2026-04-06,00:00:00,97.90000000,98.02200000,97.75800000,97.89800000,53683
OFZ 29021,D1,2026-04-07,00:00:00,97.80100000,98.02200000,97.80000000,97.98900000,45611
OFZ 29021,D1,2026-04-08,00:00:00,98.02200000,98.02200000,97.80000000,97.99300000,40281
OFZ 29021,D1,2026-04-09,00:00:00,98.12300000,98.12300000,97.80000000,97.97100000,59027
OFZ 29021,D1,2026-04-10,00:00:00,97.97900000,97.97900000,97.78100000,97.97000000,2091
OFZ 29021,D1,2026-04-11,00:00:00,97.97000000,98.02200000,97.86000000,98.00000000,349
OFZ 29021,D1,2026-04-12,00:00:00,98.02200000,98.02200000,97.77900000,98.02200000,1551
OFZ 29021,D1,2026-04-13,00:00:00,97.97000000,98.02200000,97.77900000,98.01300000,2305
OFZ 29021,D1,2026-04-14,00:00:00,98.01000000,98.02000000,97.84000000,98.01900000,281274
OFZ 29021,D1,2026-04-15,00:00:00,98.02100000,98.02200000,97.86000000,97.99900000,950469
OFZ 29021,D1,2026-04-16,00:00:00,97.99900000,98.01800000,97.81100000,98.01100000,1026
OFZ 29021,D1,2026-04-17,00:00:00,97.81600000,97.99900000,97.81500000,97.99900000,1091
OFZ 29021,D1,2026-04-18,00:00:00,98.02200000,98.02200000,97.81200000,98.02200000,212
OFZ 29021,D1,2026-04-19,00:00:00,98.02200000,98.02200000,98.00000000,98.02200000,74
OFZ 29021,D1,2026-04-20,00:00:00,98.02200000,98.02200000,97.81200000,97.90000000,878
OFZ 29021,D1,2026-04-21,00:00:00,98.02200000,98.02200000,97.80100000,98.02200000,438
OFZ 29021,D1,2026-04-22,00:00:00,98.00100000,98.02200000,97.80300000,98.01900000,841
OFZ 29021,D1,2026-04-23,00:00:00,97.88000000,98.02200000,97.88000000,98.02200000,750
OFZ 29021,D1,2026-04-24,00:00:00,98.09900000,98.09900000,97.80000000,98.00000000,13159
OFZ 29021,D1,2026-04-25,00:00:00,97.95300000,98.02200000,97.76800000,97.84800000,96
OFZ 29021,D1,2026-04-26,00:00:00,98.01800000,98.02000000,97.65100000,97.66600000,137
OFZ 29021,D1,2026-04-27,00:00:00,97.95300000,98.02200000,97.65100000,97.80100000,2059
OFZ 29021,D1,2026-04-28,00:00:00,97.99900000,98.00000000,97.80300000,97.99800000,381
OFZ 29021,D1,2026-04-29,00:00:00,98.00500000,98.00500000,97.78100000,97.78100000,583
OFZ 29021,D1,2026-04-30,00:00:00,97.99000000,98.02200000,97.75100000,98.01800000,3540
OFZ 29021,D1,2026-05-02,00:00:00,98.07200000,98.07200000,97.80100000,97.86300000,85
OFZ 29021,D1,2026-05-03,00:00:00,98.07000000,98.07100000,97.77500000,97.98900000,410
OFZ 29021,D1,2026-05-04,00:00:00,98.03600000,98.07200000,97.76600000,98.05900000,102556
OFZ 29021,D1,2026-05-05,00:00:00,98.07200000,98.07200000,97.98900000,98.07100000,552
OFZ 29021,D1,2026-05-06,00:00:00,98.07200000,98.07200000,97.98900000,98.05900000,3104
OFZ 29021,D1,2026-05-07,00:00:00,97.99200000,98.10000000,97.99100000,98.10000000,224
OFZ 29021,D1,2026-05-08,00:00:00,98.10000000,98.20000000,97.99000000,98.20000000,8058
OFZ 29021,D1,2026-05-11,00:00:00,98.20000000,98.20000000,97.93400000,98.20000000,1553
OFZ 29021,D1,2026-05-12,00:00:00,98.20000000,98.22200000,98.01100000,98.18800000,519
OFZ 29021,D1,2026-05-13,00:00:00,98.21500000,98.21500000,97.97600000,98.14700000,1996
OFZ 29021,D1,2026-05-14,00:00:00,98.15000000,98.15100000,97.94900000,98.15100000,273
OFZ 29021,D1,2026-05-15,00:00:00,98.15100000,98.15100000,97.96000000,98.14900000,509
OFZ 29021,D1,2026-05-16,00:00:00,98.00000000,98.14000000,97.95500000,98.12500000,126
OFZ 29021,D1,2026-05-17,00:00:00,98.12500000,98.16300000,97.95300000,98.16300000,139
OFZ 29021,D1,2026-05-18,00:00:00,98.00000000,98.20000000,97.95300000,98.17900000,1304
OFZ 29021,D1,2026-05-19,00:00:00,98.20000000,98.20000000,97.95100000,98.00000000,1268
OFZ 29021,D1,2026-05-20,00:00:00,98.20000000,98.22200000,98.00100000,98.02100000,1284
OFZ 29021,D1,2026-05-21,00:00:00,98.21500000,98.21500000,97.97600000,98.05000000,1030
OFZ 29021,D1,2026-05-22,00:00:00,97.77200000,98.20000000,97.77200000,98.14800000,1146
OFZ 29021,D1,2026-05-23,00:00:00,98.14900000,98.21900000,97.91700000,97.93500000,99
OFZ 29021,D1,2026-05-24,00:00:00,98.21000000,98.21000000,97.91200000,98.13200000,398
OFZ 29021,D1,2026-05-25,00:00:00,98.14900000,98.21900000,97.91200000,98.20900000,1402
OFZ 29021,D1,2026-05-26,00:00:00,98.22000000,98.22000000,97.95100000,97.95200000,609
OFZ 29021,D1,2026-05-27,00:00:00,98.22000000,98.22100000,97.93400000,97.94700000,2195
OFZ 29021,D1,2026-05-28,00:00:00,98.20000000,98.20000000,97.84000000,97.90000000,7384
OFZ 29021,D1,2026-05-29,00:00:00,97.90900000,98.08400000,97.88000000,97.88000000,2254
OFZ 29021,D1,2026-05-30,00:00:00,97.85500000,98.07100000,97.85500000,98.07000000,113
OFZ 29021,D1,2026-05-31,00:00:00,98.07000000,98.22200000,97.88100000,97.88300000,523
OFZ 29021,MN1,2025-12-31,00:00:00,97.20000000,97.83300000,96.60000000,97.76900000,2481796
OFZ 29021,MN1,2026-01-31,00:00:00,97.17400000,97.92500000,96.90600000,97.19100000,1006005
OFZ 29021,MN1,2026-02-28,00:00:00,97.47800000,97.57200000,97.00200000,97.48600000,1292185
OFZ 29021,MN1,2026-03-31,00:00:00,97.53500000,98.13200000,96.95100000,97.99800000,178921
OFZ 29021,MN1,2026-04-30,00:00:00,98.00000000,98.12300000,97.65100000,98.01800000,1589935
OFZ 29021,W1,2025-12-07,00:00:00,97.20000000,97.22800000,96.60000000,96.89900000,73206
OFZ 29021,W1,2025-12-14,00:00:00,96.90100000,97.45000000,96.73300000,97.29900000,1383252
OFZ 29021,W1,2025-12-21,00:00:00,97.27100000,97.60100000,97.00100000,97.28000000,238413
OFZ 29021,W1,2025-12-28,00:00:00,97.42500000,97.83300000,97.16700000,97.46700000,633571
OFZ 29021,W1,2026-01-04,00:00:00,97.46600000,97.76900000,97.21000000,97.76900000,153354
OFZ 29021,W1,2026-01-11,00:00:00,97.17400000,97.92500000,97.10200000,97.53400000,2025
OFZ 29021,W1,2026-01-18,00:00:00,97.53600000,97.53600000,97.10000000,97.41300000,56820
OFZ 29021,W1,2026-01-25,00:00:00,97.40000000,97.67000000,97.05000000,97.14600000,128886
OFZ 29021,W1,2026-02-01,00:00:00,97.14500000,97.52100000,96.90600000,97.19100000,818274
OFZ 29021,W1,2026-02-08,00:00:00,97.47800000,97.50300000,97.00200000,97.43100000,351157
OFZ 29021,W1,2026-02-15,00:00:00,97.24900000,97.45900000,97.03300000,97.34700000,121923
OFZ 29021,W1,2026-02-22,00:00:00,97.07500000,97.57200000,97.06000000,97.20000000,760164
OFZ 29021,W1,2026-03-01,00:00:00,97.47500000,97.53400000,97.21800000,97.48600000,58941
OFZ 29021,W1,2026-03-08,00:00:00,97.53500000,97.56000000,96.95100000,97.45000000,30025
OFZ 29021,W1,2026-03-15,00:00:00,97.45000000,97.53900000,97.00000000,97.53300000,46947
OFZ 29021,W1,2026-03-22,00:00:00,97.53000000,97.72300000,97.35400000,97.58900000,35332
OFZ 29021,W1,2026-03-29,00:00:00,97.69800000,98.04800000,97.39500000,97.90000000,58778
OFZ 29021,W1,2026-04-05,00:00:00,97.84900000,98.13200000,97.60200000,97.76800000,135868
OFZ 29021,W1,2026-04-12,00:00:00,97.90000000,98.12300000,97.75800000,98.02200000,202593
OFZ 29021,W1,2026-04-19,00:00:00,97.97000000,98.02200000,97.77900000,98.02200000,1236451
OFZ 29021,W1,2026-04-26,00:00:00,98.02200000,98.09900000,97.65100000,97.66600000,16299
OFZ 29021,W1,2026-05-03,00:00:00,97.95300000,98.07200000,97.65100000,97.98900000,7058
OFZ 29021,W1,2026-05-10,00:00:00,98.03600000,98.20000000,97.76600000,98.20000000,114494
OFZ 29021,W1,2026-05-17,00:00:00,98.20000000,98.22200000,97.93400000,98.16300000,5115
OFZ 29021,W1,2026-05-24,00:00:00,98.00000000,98.22200000,97.77200000,98.13200000,6529
OFZ 29022,D1,2025-12-01,00:00:00,96.67100000,96.70000000,96.50200000,96.70000000,10584
OFZ 29022,D1,2025-12-02,00:00:00,96.73500000,96.73700000,96.55000000,96.68800000,10429
OFZ 29022,D1,2025-12-03,00:00:00,96.68000000,96.83000000,96.60000000,96.65200000,10760
OFZ 29022,D1,2025-12-04,00:00:00,96.69900000,96.79000000,96.50100000,96.62800000,10568
OFZ 29022,D1,2025-12-05,00:00:00,96.72400000,96.87900000,96.51300000,96.84100000,23774
OFZ 29022,D1,2025-12-08,00:00:00,96.91400000,96.91400000,96.54400000,96.68700000,185826
OFZ 29022,D1,2025-12-09,00:00:00,97.02800000,97.02800000,96.64700000,96.69900000,410882
OFZ 29022,D1,2025-12-10,00:00:00,96.76500000,96.99400000,96.56400000,96.99400000,551040
OFZ 29022,D1,2025-12-11,00:00:00,96.83200000,97.03000000,96.83200000,96.99700000,570696
OFZ 29022,D1,2025-12-12,00:00:00,97.01700000,97.06900000,96.61000000,96.82000000,210114
OFZ 29022,D1,2025-12-15,00:00:00,96.83400000,97.50000000,96.75100000,96.75400000,41248
OFZ 29022,D1,2025-12-16,00:00:00,96.94200000,97.10100000,96.94200000,97.09700000,30300
OFZ 29022,D1,2025-12-17,00:00:00,96.95700000,97.10000000,96.80000000,96.95300000,42067
OFZ 29022,D1,2025-12-18,00:00:00,96.95400000,97.21100000,96.87800000,97.07000000,20813
OFZ 29022,D1,2025-12-19,00:00:00,97.02200000,97.20000000,96.85900000,97.07000000,10830
OFZ 29022,D1,2025-12-22,00:00:00,97.11000000,97.20000000,96.80100000,97.05300000,33263
OFZ 29022,D1,2025-12-23,00:00:00,97.19500000,98.00000000,97.04500000,97.06100000,21822
OFZ 29022,D1,2025-12-24,00:00:00,97.52100000,97.76700000,97.10000000,97.10000000,282
OFZ 29022,D1,2025-12-25,00:00:00,97.10000000,97.22000000,97.10000000,97.19600000,2363467
OFZ 29022,D1,2025-12-26,00:00:00,97.24200000,97.46600000,97.01000000,97.19000000,483208
OFZ 29022,D1,2025-12-29,00:00:00,97.46100000,98.00000000,96.81000000,97.25000000,563964
OFZ 29022,D1,2025-12-30,00:00:00,101.56400000,101.56400000,97.25100000,98.33400000,890
OFZ 29022,D1,2026-01-05,00:00:00,97.49500000,98.40000000,97.00100000,98.37500000,1150
OFZ 29022,D1,2026-01-06,00:00:00,98.37500000,99.00000000,98.00000000,98.00000000,1336
OFZ 29022,D1,2026-01-08,00:00:00,98.31300000,98.39900000,98.06900000,98.39900000,442
OFZ 29022,D1,2026-01-09,00:00:00,98.20400000,98.49900000,98.20400000,98.49900000,673
OFZ 29022,D1,2026-01-12,00:00:00,98.48000000,98.48000000,97.74300000,97.74400000,12985
OFZ 29022,D1,2026-01-13,00:00:00,97.72800000,97.96600000,97.34700000,97.68800000,26479
OFZ 29022,D1,2026-01-14,00:00:00,98.04300000,98.04300000,97.20000000,97.30000000,22364
OFZ 29022,D1,2026-01-15,00:00:00,97.48900000,97.54100000,97.35000000,97.53900000,15863
OFZ 29022,D1,2026-01-16,00:00:00,97.60500000,97.69000000,97.15000000,97.39400000,15394
OFZ 29022,D1,2026-01-19,00:00:00,97.45600000,97.45600000,97.22300000,97.40000000,8933
OFZ 29022,D1,2026-01-20,00:00:00,97.30200000,97.47400000,97.11200000,97.34900000,10973
OFZ 29022,D1,2026-01-21,00:00:00,97.43100000,97.43100000,97.00000000,97.22900000,12722
OFZ 29022,D1,2026-01-22,00:00:00,97.36800000,97.37900000,97.01300000,97.26400000,2820
OFZ 29022,D1,2026-01-23,00:00:00,97.36600000,97.36800000,96.95000000,96.95000000,3625
OFZ 29022,D1,2026-01-26,00:00:00,96.95200000,97.31500000,96.80200000,97.15000000,23965
OFZ 29022,D1,2026-01-27,00:00:00,96.85200000,97.25200000,96.85200000,97.25000000,2682
OFZ 29022,D1,2026-01-28,00:00:00,97.31300000,97.53800000,97.00700000,97.01300000,4073
OFZ 29022,D1,2026-01-29,00:00:00,97.28800000,97.39400000,96.80800000,96.99200000,10143
OFZ 29022,D1,2026-01-30,00:00:00,97.24700000,97.29900000,96.90800000,97.00700000,7845
OFZ 29022,D1,2026-02-02,00:00:00,97.09800000,97.31100000,96.96300000,97.09700000,2391
OFZ 29022,D1,2026-02-03,00:00:00,96.94600000,97.39200000,96.94500000,97.09900000,1945
OFZ 29022,D1,2026-02-04,00:00:00,97.38900000,97.39000000,96.93000000,96.93000000,2047
OFZ 29022,D1,2026-02-05,00:00:00,97.39800000,97.39800000,96.95200000,96.97000000,2768
OFZ 29022,D1,2026-02-06,00:00:00,96.96100000,97.19400000,96.93200000,97.04400000,1927
OFZ 29022,D1,2026-02-09,00:00:00,96.93100000,97.30300000,96.92100000,97.04800000,2415
OFZ 29022,D1,2026-02-10,00:00:00,96.95700000,97.30000000,96.86200000,96.86200000,2290
OFZ 29022,D1,2026-02-11,00:00:00,97.04600000,97.04900000,97.00000000,97.00100000,1033
OFZ 29022,D1,2026-02-12,00:00:00,97.04900000,97.30900000,97.00800000,97.03300000,258
OFZ 29022,D1,2026-02-13,00:00:00,97.33800000,97.44300000,97.00000000,97.04700000,1082
OFZ 29022,D1,2026-02-16,00:00:00,97.37900000,97.37900000,97.00800000,97.02500000,907
OFZ 29022,D1,2026-02-17,00:00:00,96.99300000,97.02500000,96.99300000,97.02000000,533
OFZ 29022,D1,2026-02-18,00:00:00,96.97500000,97.02400000,96.87800000,97.02100000,983
OFZ 29022,D1,2026-02-19,00:00:00,97.02200000,97.03000000,96.87600000,96.89800000,1605
OFZ 29022,D1,2026-02-20,00:00:00,97.27700000,97.27700000,96.80600000,96.98900000,934
OFZ 29022,D1,2026-02-24,00:00:00,96.91900000,97.21300000,96.90100000,96.96200000,1081
OFZ 29022,D1,2026-02-25,00:00:00,96.95200000,97.18700000,96.89000000,96.89000000,986
OFZ 29022,D1,2026-02-26,00:00:00,96.88900000,96.97800000,96.82600000,96.96000000,1463
OFZ 29022,D1,2026-02-27,00:00:00,97.19700000,97.24100000,96.82800000,96.95900000,306
OFZ 29022,D1,2026-03-02,00:00:00,96.95100000,97.58600000,96.89000000,96.95000000,2673
OFZ 29022,D1,2026-03-03,00:00:00,97.19600000,97.21800000,96.92000000,96.99700000,34384
OFZ 29022,D1,2026-03-04,00:00:00,96.92100000,96.98700000,96.91100000,96.95000000,1727
OFZ 29022,D1,2026-03-05,00:00:00,97.23600000,97.23600000,96.90100000,96.99400000,1214
OFZ 29022,D1,2026-03-06,00:00:00,96.90600000,97.30900000,96.89000000,96.99800000,576
OFZ 29022,D1,2026-03-09,00:00:00,96.83800000,97.40500000,96.83800000,97.18700000,305
OFZ 29022,D1,2026-03-10,00:00:00,97.10000000,97.18400000,96.90100000,96.95000000,1127
OFZ 29022,D1,2026-03-11,00:00:00,97.18800000,97.54400000,96.90100000,96.94900000,606
OFZ 29022,D1,2026-03-12,00:00:00,96.95000000,97.24200000,96.84000000,96.84000000,8541
OFZ 29022,D1,2026-03-13,00:00:00,97.11900000,97.12000000,96.84000000,96.84000000,2355
OFZ 29022,D1,2026-03-16,00:00:00,96.87900000,97.16700000,96.75000000,96.82000000,2541
OFZ 29022,D1,2026-03-17,00:00:00,96.93000000,97.00000000,96.76100000,96.85000000,593
OFZ 29022,D1,2026-03-18,00:00:00,97.09900000,97.10000000,96.76500000,97.04800000,108953
OFZ 29022,D1,2026-03-19,00:00:00,97.17700000,97.17700000,96.93300000,97.04900000,10323
OFZ 29022,D1,2026-03-20,00:00:00,97.20000000,97.20000000,96.81400000,96.84200000,126986
OFZ 29022,D1,2026-03-23,00:00:00,97.00000000,97.26000000,96.84200000,97.06100000,158680
OFZ 29022,D1,2026-03-24,00:00:00,97.06100000,97.30100000,96.92500000,97.17000000,112071
OFZ 29022,D1,2026-03-25,00:00:00,97.28200000,97.34400000,97.15000000,97.30000000,262785
OFZ 29022,D1,2026-03-26,00:00:00,97.35000000,97.39900000,97.00900000,97.20000000,12137
OFZ 29022,D1,2026-03-27,00:00:00,97.39600000,97.39600000,97.11000000,97.20000000,90932
OFZ 29022,D1,2026-03-28,00:00:00,97.34400000,97.34400000,97.11000000,97.34400000,107
OFZ 29022,D1,2026-03-29,00:00:00,97.39800000,97.39800000,97.02300000,97.02300000,110
OFZ 29022,D1,2026-03-30,00:00:00,97.34400000,97.39800000,97.00100000,97.19900000,6592
OFZ 29022,D1,2026-03-31,00:00:00,96.86800000,97.34200000,96.84100000,97.15000000,6111
OFZ 29022,D1,2026-04-01,00:00:00,97.13900000,97.23900000,96.94800000,96.94800000,771
OFZ 29022,D1,2026-04-02,00:00:00,97.21200000,97.21200000,96.82000000,97.08600000,202302
OFZ 29022,D1,2026-04-03,00:00:00,97.13000000,97.13000000,96.84100000,97.00000000,6025
OFZ 29022,D1,2026-04-04,00:00:00,97.12000000,97.15100000,96.93200000,97.15100000,49
OFZ 29022,D1,2026-04-05,00:00:00,97.15200000,97.34400000,96.88000000,96.88100000,506
OFZ 29022,D1,2026-04-06,00:00:00,97.12000000,97.34400000,96.86100000,96.89100000,1254
OFZ 29022,D1,2026-04-07,00:00:00,97.04100000,97.34400000,96.86300000,96.86400000,4663
OFZ 29022,D1,2026-04-08,00:00:00,96.88000000,97.32300000,96.88000000,97.00000000,3430
OFZ 29022,D1,2026-04-09,00:00:00,97.10000000,97.10000000,96.80000000,96.80000000,4112
OFZ 29022,D1,2026-04-10,00:00:00,96.99800000,97.00200000,96.80600000,96.99500000,900
OFZ 29022,D1,2026-04-11,00:00:00,97.00000000,97.34400000,97.00000000,97.34000000,446
OFZ 29022,D1,2026-04-12,00:00:00,97.34400000,97.34400000,97.34300000,97.34300000,2081
OFZ 29022,D1,2026-04-13,00:00:00,97.00000000,97.34400000,96.85300000,96.99800000,3499
OFZ 29022,D1,2026-04-14,00:00:00,97.38300000,97.38300000,96.83100000,96.89900000,9464
OFZ 29022,D1,2026-04-15,00:00:00,97.03900000,97.25000000,96.84200000,96.98200000,6043
OFZ 29022,D1,2026-04-16,00:00:00,97.24800000,97.25000000,96.90100000,96.90100000,1214
OFZ 29022,D1,2026-04-17,00:00:00,96.90200000,97.18600000,96.83000000,97.00000000,3115
OFZ 29022,D1,2026-04-18,00:00:00,97.33900000,97.34000000,96.82700000,97.19900000,94
OFZ 29022,D1,2026-04-19,00:00:00,96.91000000,97.17500000,96.84300000,97.15300000,43
OFZ 29022,D1,2026-04-20,00:00:00,97.33900000,97.34000000,96.82700000,97.00000000,1221
OFZ 29022,D1,2026-04-21,00:00:00,97.20000000,97.25000000,96.98000000,96.99900000,493
OFZ 29022,D1,2026-04-22,00:00:00,96.99900000,97.39000000,96.86200000,96.99300000,5759
OFZ 29022,D1,2026-04-23,00:00:00,97.20700000,98.28400000,96.85300000,97.00000000,1082
OFZ 29022,D1,2026-04-24,00:00:00,97.12000000,97.12000000,96.80200000,96.80200000,2404
OFZ 29022,D1,2026-04-25,00:00:00,97.06900000,97.07600000,96.75200000,97.07600000,248
OFZ 29022,D1,2026-04-26,00:00:00,97.07700000,97.39300000,96.90100000,97.20200000,551
OFZ 29022,D1,2026-04-27,00:00:00,97.06900000,98.00000000,96.75200000,97.00000000,23358
OFZ 29022,D1,2026-04-28,00:00:00,97.00900000,97.24600000,96.81000000,97.09700000,6107
OFZ 29022,D1,2026-04-29,00:00:00,97.09900000,97.66000000,96.55600000,97.08300000,7338
OFZ 29022,D1,2026-04-30,00:00:00,96.89000000,97.12000000,96.59100000,96.75400000,13871
OFZ 29022,D1,2026-05-02,00:00:00,97.18400000,97.18500000,96.89300000,96.89300000,127
OFZ 29022,D1,2026-05-03,00:00:00,96.90000000,97.25000000,96.86700000,96.86700000,579
OFZ 29022,D1,2026-05-04,00:00:00,97.08300000,97.27000000,96.86600000,97.09000000,3206
OFZ 29022,D1,2026-05-05,00:00:00,97.24300000,97.24300000,96.85400000,97.09900000,2265
OFZ 29022,D1,2026-05-06,00:00:00,97.24900000,97.25000000,96.89400000,97.09800000,1470
OFZ 29022,D1,2026-05-07,00:00:00,97.25000000,97.25000000,97.00100000,97.02700000,637
OFZ 29022,D1,2026-05-08,00:00:00,97.00100000,97.23700000,97.00000000,97.00100000,1103
OFZ 29022,D1,2026-05-11,00:00:00,96.91100000,97.34400000,96.70000000,97.01800000,2105
OFZ 29022,D1,2026-05-12,00:00:00,97.01700000,97.34300000,97.00300000,97.09900000,272
OFZ 29022,D1,2026-05-13,00:00:00,97.55300000,97.55300000,97.00100000,97.10000000,1308
OFZ 29022,D1,2026-05-14,00:00:00,96.90600000,97.25600000,96.85100000,97.10000000,375
OFZ 29022,D1,2026-05-15,00:00:00,96.96500000,97.34400000,96.96500000,97.10000000,2163
OFZ 29022,D1,2026-05-16,00:00:00,97.31100000,97.34400000,96.98600000,97.34400000,202
OFZ 29022,D1,2026-05-17,00:00:00,97.34400000,97.34400000,96.96100000,97.34000000,225
OFZ 29022,D1,2026-05-18,00:00:00,97.31100000,97.46700000,96.96100000,97.09700000,2441
OFZ 29022,D1,2026-05-19,00:00:00,96.98300000,97.34400000,96.95600000,96.96100000,5933
OFZ 29022,D1,2026-05-20,00:00:00,96.99500000,97.10000000,96.95400000,96.98100000,373
OFZ 29022,D1,2026-05-21,00:00:00,96.98100000,97.10000000,96.90000000,97.10000000,82
OFZ 29022,D1,2026-05-22,00:00:00,97.10000000,97.34200000,96.90000000,96.90200000,7397
OFZ 29022,D1,2026-05-23,00:00:00,97.33200000,97.34400000,96.90000000,96.90000000,111
OFZ 29022,D1,2026-05-24,00:00:00,97.31200000,97.34400000,97.05800000,97.07200000,27
OFZ 29022,D1,2026-05-25,00:00:00,97.33200000,97.34400000,96.90000000,97.10000000,1258
OFZ 29022,D1,2026-05-26,00:00:00,97.34300000,97.34300000,96.94000000,97.09900000,1110
OFZ 29022,D1,2026-05-27,00:00:00,97.09900000,97.10000000,96.80000000,97.10000000,16044
OFZ 29022,D1,2026-05-28,00:00:00,97.14800000,97.15000000,96.73000000,96.95000000,8858
OFZ 29022,D1,2026-05-29,00:00:00,97.12100000,97.12100000,96.95000000,97.10000000,458
OFZ 29022,D1,2026-05-30,00:00:00,97.14300000,97.14300000,96.97200000,97.14200000,136
OFZ 29022,D1,2026-05-31,00:00:00,97.14200000,97.14300000,96.95500000,96.97100000,103
OFZ 29022,MN1,2025-12-31,00:00:00,96.67100000,101.56400000,96.50100000,98.33400000,5606827
OFZ 29022,MN1,2026-01-31,00:00:00,97.49500000,99.00000000,96.80200000,97.00700000,184467
OFZ 29022,MN1,2026-02-28,00:00:00,97.09800000,97.44300000,96.80600000,96.95900000,26954
OFZ 29022,MN1,2026-03-31,00:00:00,96.95100000,97.58600000,96.75000000,97.15000000,952429
OFZ 29022,MN1,2026-04-30,00:00:00,97.13900000,98.28400000,96.55600000,96.75400000,312443
OFZ 29022,W1,2025-12-07,00:00:00,96.67100000,96.87900000,96.50100000,96.84100000,66115
OFZ 29022,W1,2025-12-14,00:00:00,96.91400000,97.06900000,96.54400000,96.82000000,1928558
OFZ 29022,W1,2025-12-21,00:00:00,96.83400000,97.50000000,96.75100000,97.07000000,145258
OFZ 29022,W1,2025-12-28,00:00:00,97.11000000,98.00000000,96.80100000,97.19000000,2902042
OFZ 29022,W1,2026-01-04,00:00:00,97.46100000,101.56400000,96.81000000,98.33400000,564854
OFZ 29022,W1,2026-01-11,00:00:00,97.49500000,99.00000000,97.00100000,98.49900000,3601
OFZ 29022,W1,2026-01-18,00:00:00,98.48000000,98.48000000,97.15000000,97.39400000,93085
OFZ 29022,W1,2026-01-25,00:00:00,97.45600000,97.47400000,96.95000000,96.95000000,39073
OFZ 29022,W1,2026-02-01,00:00:00,96.95200000,97.53800000,96.80200000,97.00700000,48708
OFZ 29022,W1,2026-02-08,00:00:00,97.09800000,97.39800000,96.93000000,97.04400000,11078
OFZ 29022,W1,2026-02-15,00:00:00,96.93100000,97.44300000,96.86200000,97.04700000,7078
OFZ 29022,W1,2026-02-22,00:00:00,97.37900000,97.37900000,96.80600000,96.98900000,4962
OFZ 29022,W1,2026-03-01,00:00:00,96.91900000,97.24100000,96.82600000,96.95900000,3836
OFZ 29022,W1,2026-03-08,00:00:00,96.95100000,97.58600000,96.89000000,96.99800000,40574
OFZ 29022,W1,2026-03-15,00:00:00,96.83800000,97.54400000,96.83800000,96.84000000,12934
OFZ 29022,W1,2026-03-22,00:00:00,96.87900000,97.20000000,96.75000000,96.84200000,249396
OFZ 29022,W1,2026-03-29,00:00:00,97.00000000,97.39900000,96.84200000,97.02300000,636822
OFZ 29022,W1,2026-04-05,00:00:00,97.34400000,97.39800000,96.82000000,96.88100000,222356
OFZ 29022,W1,2026-04-12,00:00:00,97.12000000,97.34400000,96.80000000,97.34300000,16886
OFZ 29022,W1,2026-04-19,00:00:00,97.00000000,97.38300000,96.82700000,97.15300000,23472
OFZ 29022,W1,2026-04-26,00:00:00,97.33900000,98.28400000,96.75200000,97.20200000,11758
OFZ 29022,W1,2026-05-03,00:00:00,97.06900000,98.00000000,96.55600000,96.86700000,51380
OFZ 29022,W1,2026-05-10,00:00:00,97.08300000,97.27000000,96.85400000,97.00100000,8681
OFZ 29022,W1,2026-05-17,00:00:00,96.91100000,97.55300000,96.70000000,97.34000000,6650
OFZ 29022,W1,2026-05-24,00:00:00,97.31100000,97.46700000,96.90000000,97.07200000,16364
OFZ 29023,D1,2025-12-01,00:00:00,96.54400000,96.61100000,96.43100000,96.55000000,684
OFZ 29023,D1,2025-12-02,00:00:00,96.58600000,97.24900000,96.45000000,96.50000000,1930
OFZ 29023,D1,2025-12-03,00:00:00,96.64400000,96.68500000,96.40000000,96.49800000,4445
OFZ 29023,D1,2025-12-04,00:00:00,96.46200000,96.62900000,96.36000000,96.36100000,4266
OFZ 29023,D1,2025-12-05,00:00:00,96.56400000,96.56400000,96.35100000,96.48000000,999
OFZ 29023,D1,2025-12-08,00:00:00,96.77400000,96.78800000,96.36700000,96.55900000,3408
OFZ 29023,D1,2025-12-09,00:00:00,96.55400000,96.58700000,96.36100000,96.53900000,273653
OFZ 29023,D1,2025-12-10,00:00:00,96.55000000,96.64600000,96.43300000,96.57700000,502221
OFZ 29023,D1,2025-12-11,00:00:00,96.55800000,96.80100000,96.34400000,96.70000000,652115
OFZ 29023,D1,2025-12-12,00:00:00,96.71000000,96.86000000,96.65400000,96.84100000,206303
OFZ 29023,D1,2025-12-15,00:00:00,96.76000000,97.35200000,96.71600000,96.82100000,44412
OFZ 29023,D1,2025-12-16,00:00:00,96.80400000,96.90100000,96.71600000,96.85000000,20335
OFZ 29023,D1,2025-12-17,00:00:00,96.71300000,96.90200000,96.65000000,96.75100000,232174
OFZ 29023,D1,2025-12-18,00:00:00,96.89700000,96.90000000,96.71200000,96.76600000,22643
OFZ 29023,D1,2025-12-19,00:00:00,96.91000000,97.02600000,96.69300000,96.84500000,12557
OFZ 29023,D1,2025-12-22,00:00:00,96.68500000,97.01000000,96.50300000,96.84400000,12379
OFZ 29023,D1,2025-12-23,00:00:00,96.76800000,97.00000000,96.68000000,96.84500000,45348
OFZ 29023,D1,2025-12-24,00:00:00,97.18100000,99.01200000,96.80000000,96.90000000,2136
OFZ 29023,D1,2025-12-25,00:00:00,96.91000000,97.15000000,96.86200000,97.15000000,800402
OFZ 29023,D1,2025-12-26,00:00:00,97.16100000,97.24900000,96.93000000,97.00300000,255380
OFZ 29023,D1,2025-12-29,00:00:00,96.96900000,97.05000000,96.61100000,96.85000000,688032
OFZ 29023,D1,2025-12-30,00:00:00,96.85100000,97.86900000,96.53100000,97.41900000,379
OFZ 29023,D1,2026-01-05,00:00:00,97.10200000,97.44800000,96.68100000,97.21800000,488
OFZ 29023,D1,2026-01-06,00:00:00,97.00900000,97.40800000,97.00900000,97.38100000,186
OFZ 29023,D1,2026-01-08,00:00:00,97.38200000,97.60000000,97.18500000,97.34900000,786
OFZ 29023,D1,2026-01-09,00:00:00,97.62400000,97.70200000,97.55600000,97.68900000,111
OFZ 29023,D1,2026-01-12,00:00:00,97.50400000,97.50400000,97.00200000,97.39900000,10629
OFZ 29023,D1,2026-01-13,00:00:00,97.42700000,97.47500000,97.11800000,97.36100000,23464
OFZ 29023,D1,2026-01-14,00:00:00,97.45900000,97.45900000,97.00000000,97.29200000,25650
OFZ 29023,D1,2026-01-15,00:00:00,97.19000000,97.29800000,97.00000000,97.27700000,15546
OFZ 29023,D1,2026-01-16,00:00:00,97.32500000,97.34000000,97.01100000,97.24700000,8785
OFZ 29023,D1,2026-01-19,00:00:00,97.31800000,97.31800000,96.90000000,97.20800000,7914
OFZ 29023,D1,2026-01-20,00:00:00,97.19700000,97.20000000,96.94700000,97.19900000,4060
OFZ 29023,D1,2026-01-21,00:00:00,97.20000000,97.20000000,97.00200000,97.19100000,2733
OFZ 29023,D1,2026-01-22,00:00:00,97.20200000,97.20500000,96.95100000,96.95900000,5275
OFZ 29023,D1,2026-01-23,00:00:00,97.17800000,97.20100000,97.09800000,97.15000000,2943
OFZ 29023,D1,2026-01-26,00:00:00,97.09900000,97.19500000,96.51000000,97.10600000,60262
OFZ 29023,D1,2026-01-27,00:00:00,97.08700000,97.17900000,96.95800000,97.09900000,2675
OFZ 29023,D1,2026-01-28,00:00:00,97.16400000,97.16500000,96.91700000,96.91700000,5100
OFZ 29023,D1,2026-01-29,00:00:00,97.15100000,97.15100000,96.93800000,97.09700000,7147
OFZ 29023,D1,2026-01-30,00:00:00,97.04900000,97.15100000,96.96400000,97.07000000,3924
OFZ 29023,D1,2026-02-02,00:00:00,97.04900000,97.19000000,96.95000000,97.06000000,3283
OFZ 29023,D1,2026-02-03,00:00:00,97.15700000,97.15700000,96.90900000,96.94000000,2737
OFZ 29023,D1,2026-02-04,00:00:00,97.12000000,97.14900000,96.90500000,97.00400000,2636
OFZ 29023,D1,2026-02-05,00:00:00,96.88400000,97.05200000,96.88400000,96.97000000,2836
OFZ 29023,D1,2026-02-06,00:00:00,97.05100000,97.05200000,96.93400000,96.99800000,2801
OFZ 29023,D1,2026-02-09,00:00:00,96.95000000,97.19900000,96.85100000,96.85200000,2776
OFZ 29023,D1,2026-02-10,00:00:00,97.19500000,97.19500000,96.85000000,96.90000000,3301
OFZ 29023,D1,2026-02-11,00:00:00,97.19400000,97.19500000,96.85000000,96.85100000,2781
OFZ 29023,D1,2026-02-12,00:00:00,97.10500000,97.10600000,96.89100000,96.89400000,346
OFZ 29023,D1,2026-02-13,00:00:00,97.10400000,97.14900000,96.85000000,96.85000000,1415
OFZ 29023,D1,2026-02-16,00:00:00,97.20800000,97.20800000,96.88200000,96.98900000,1044
OFZ 29023,D1,2026-02-17,00:00:00,97.19700000,97.19700000,96.85100000,96.99700000,924
OFZ 29023,D1,2026-02-18,00:00:00,97.21300000,97.21300000,96.85300000,96.85300000,307
OFZ 29023,D1,2026-02-19,00:00:00,97.18900000,97.18900000,96.81100000,96.85000000,10110
OFZ 29023,D1,2026-02-20,00:00:00,97.15300000,97.18900000,96.81500000,96.99500000,12397
OFZ 29023,D1,2026-02-24,00:00:00,97.14500000,97.18000000,96.88200000,97.00000000,627
OFZ 29023,D1,2026-02-25,00:00:00,97.17600000,97.19900000,96.83500000,96.96700000,11560
OFZ 29023,D1,2026-02-26,00:00:00,97.01300000,97.01400000,96.81500000,96.85200000,3401
OFZ 29023,D1,2026-02-27,00:00:00,96.99300000,96.99600000,96.81100000,96.86000000,4483
OFZ 29023,D1,2026-03-02,00:00:00,96.81500000,97.34200000,96.80000000,96.85000000,7658
OFZ 29023,D1,2026-03-03,00:00:00,96.91900000,97.20100000,96.73100000,96.85000000,2169
OFZ 29023,D1,2026-03-04,00:00:00,96.85100000,96.93100000,96.80100000,96.85000000,3348
OFZ 29023,D1,2026-03-05,00:00:00,96.85000000,97.34400000,96.83000000,96.84800000,4106
OFZ 29023,D1,2026-03-06,00:00:00,97.14800000,97.17000000,96.80000000,96.83000000,885
OFZ 29023,D1,2026-03-09,00:00:00,97.18000000,97.18000000,96.83500000,97.07900000,666
OFZ 29023,D1,2026-03-10,00:00:00,97.18900000,97.23100000,96.80000000,96.83900000,2381
OFZ 29023,D1,2026-03-11,00:00:00,96.88600000,97.09600000,96.80300000,96.84900000,711
OFZ 29023,D1,2026-03-12,00:00:00,96.98600000,97.23700000,96.81100000,96.82900000,3269
OFZ 29023,D1,2026-03-13,00:00:00,97.18100000,97.18200000,96.76100000,96.80000000,5358
OFZ 29023,D1,2026-03-16,00:00:00,97.12600000,97.12600000,96.67000000,96.79900000,4255
OFZ 29023,D1,2026-03-17,00:00:00,96.82000000,96.87200000,96.67100000,96.73700000,54374
OFZ 29023,D1,2026-03-18,00:00:00,96.85600000,96.95000000,96.79800000,96.90000000,65369
OFZ 29023,D1,2026-03-19,00:00:00,97.09000000,97.09000000,96.76600000,96.95000000,62140
OFZ 29023,D1,2026-03-20,00:00:00,96.73400000,97.09900000,96.73400000,97.00000000,2062057
OFZ 29023,D1,2026-03-23,00:00:00,96.72900000,97.10000000,96.61100000,96.80100000,47115
OFZ 29023,D1,2026-03-24,00:00:00,96.79800000,97.06200000,96.79800000,97.00000000,8513
OFZ 29023,D1,2026-03-25,00:00:00,97.00000000,97.19800000,96.80800000,97.00000000,1669
OFZ 29023,D1,2026-03-26,00:00:00,96.90100000,97.30700000,96.90100000,96.96000000,77746
OFZ 29023,D1,2026-03-27,00:00:00,97.14900000,97.14900000,96.85200000,97.14900000,9753
OFZ 29023,D1,2026-03-28,00:00:00,96.86200000,97.18800000,96.86200000,97.18800000,38
OFZ 29023,D1,2026-03-29,00:00:00,96.86100000,97.25700000,96.86100000,97.25700000,67
OFZ 29023,D1,2026-03-30,00:00:00,96.86200000,97.25700000,96.86100000,97.08900000,1214
OFZ 29023,D1,2026-03-31,00:00:00,97.13300000,97.14300000,96.91800000,97.04900000,2205
OFZ 29023,D1,2026-04-01,00:00:00,97.09900000,97.10000000,96.90100000,96.93300000,2270
OFZ 29023,D1,2026-04-02,00:00:00,97.08300000,97.09700000,96.80200000,97.00000000,3094
OFZ 29023,D1,2026-04-03,00:00:00,96.81100000,97.08700000,96.81100000,96.96000000,1579
OFZ 29023,D1,2026-04-04,00:00:00,96.85700000,97.07100000,96.85700000,97.06400000,145
OFZ 29023,D1,2026-04-05,00:00:00,97.07200000,97.07200000,96.80200000,96.85800000,49
OFZ 29023,D1,2026-04-06,00:00:00,96.85700000,97.07200000,96.80200000,96.95000000,1327
OFZ 29023,D1,2026-04-07,00:00:00,97.02300000,97.02300000,96.76900000,96.76900000,6609
OFZ 29023,D1,2026-04-08,00:00:00,96.78000000,96.99300000,96.73000000,96.91500000,6280
OFZ 29023,D1,2026-04-09,00:00:00,96.97600000,96.97600000,96.80200000,96.85000000,4373
OFZ 29023,D1,2026-04-10,00:00:00,96.96100000,97.35000000,96.75000000,96.84900000,1304
OFZ 29023,D1,2026-04-11,00:00:00,96.74700000,97.13900000,96.74600000,96.96200000,225
OFZ 29023,D1,2026-04-12,00:00:00,96.96200000,97.20000000,96.96200000,97.20000000,55
OFZ 29023,D1,2026-04-13,00:00:00,96.74700000,97.20000000,96.74600000,96.75000000,1616
OFZ 29023,D1,2026-04-14,00:00:00,96.92800000,96.92800000,96.81100000,96.81300000,1963
OFZ 29023,D1,2026-04-15,00:00:00,96.92800000,96.93000000,96.70900000,96.85000000,349
OFZ 29023,D1,2026-04-16,00:00:00,96.90100000,97.28600000,96.70000000,96.71800000,2589
OFZ 29023,D1,2026-04-17,00:00:00,96.83900000,97.00900000,96.80000000,96.83500000,1252
OFZ 29023,D1,2026-04-18,00:00:00,97.14300000,97.25000000,96.88700000,97.16000000,29
OFZ 29023,D1,2026-04-19,00:00:00,97.25000000,97.25000000,96.80700000,97.21000000,35
OFZ 29023,D1,2026-04-20,00:00:00,97.14300000,97.25000000,96.80700000,96.83500000,2506
OFZ 29023,D1,2026-04-21,00:00:00,97.19900000,97.20000000,96.81100000,96.83400000,1429
OFZ 29023,D1,2026-04-22,00:00:00,96.99900000,96.99900000,96.81000000,96.83400000,1331
OFZ 29023,D1,2026-04-23,00:00:00,97.14600000,97.14900000,96.75000000,96.83400000,1472
OFZ 29023,D1,2026-04-24,00:00:00,97.14900000,97.14900000,96.75000000,96.75000000,1605
OFZ 29023,D1,2026-04-25,00:00:00,96.75000000,97.24300000,96.75000000,97.17200000,566
OFZ 29023,D1,2026-04-26,00:00:00,97.15000000,97.19900000,96.75100000,96.75100000,65
OFZ 29023,D1,2026-04-27,00:00:00,96.75000000,97.24300000,96.75000000,96.75300000,2471
OFZ 29023,D1,2026-04-28,00:00:00,96.81300000,96.89900000,96.80000000,96.80000000,1585
OFZ 29023,D1,2026-04-29,00:00:00,96.83500000,96.83500000,96.75000000,96.83400000,2117
OFZ 29023,D1,2026-04-30,00:00:00,97.12400000,97.29400000,96.75100000,96.75100000,5714
OFZ 29023,D1,2026-05-02,00:00:00,97.14900000,97.19900000,97.14900000,97.19900000,635
OFZ 29023,D1,2026-05-03,00:00:00,97.19900000,97.32000000,96.81900000,96.99900000,11
OFZ 29023,D1,2026-05-04,00:00:00,97.23700000,97.32000000,96.76000000,96.83500000,4439
OFZ 29023,D1,2026-05-05,00:00:00,97.15000000,97.15000000,96.81000000,96.83500000,2133
OFZ 29023,D1,2026-05-06,00:00:00,96.95000000,97.15000000,96.81100000,96.83400000,1318
OFZ 29023,D1,2026-05-07,00:00:00,96.84200000,97.12000000,96.83000000,96.83500000,1173
OFZ 29023,D1,2026-05-08,00:00:00,97.09800000,97.10000000,96.82200000,96.82200000,678
OFZ 29023,D1,2026-05-11,00:00:00,97.15000000,97.20300000,96.82500000,96.88100000,738
OFZ 29023,D1,2026-05-12,00:00:00,97.19600000,97.20300000,96.82200000,96.83500000,1507
OFZ 29023,D1,2026-05-13,00:00:00,97.14700000,97.14700000,96.79000000,96.83500000,1739
OFZ 29023,D1,2026-05-14,00:00:00,97.11800000,97.20300000,96.81000000,96.83500000,1009
OFZ 29023,D1,2026-05-15,00:00:00,97.12000000,97.14900000,96.83000000,96.83500000,755
OFZ 29023,D1,2026-05-16,00:00:00,96.94900000,97.29700000,96.81300000,97.28000000,298
OFZ 29023,D1,2026-05-17,00:00:00,97.26900000,97.27000000,97.26900000,97.27000000,15
OFZ 29023,D1,2026-05-18,00:00:00,96.94900000,97.35000000,96.81000000,96.83300000,3510
OFZ 29023,D1,2026-05-19,00:00:00,96.85200000,96.85200000,96.78000000,96.78000000,1522
OFZ 29023,D1,2026-05-20,00:00:00,96.78000000,97.12500000,96.66500000,96.69900000,11232
OFZ 29023,D1,2026-05-21,00:00:00,96.81100000,96.81100000,96.55100000,96.68800000,3612
OFZ 29023,D1,2026-05-22,00:00:00,96.99500000,96.99700000,96.58100000,96.83500000,1223
OFZ 29023,D1,2026-05-23,00:00:00,96.85600000,96.85600000,96.64200000,96.85600000,91
OFZ 29023,D1,2026-05-24,00:00:00,96.66100000,96.70000000,96.66000000,96.66000000,15
OFZ 29023,D1,2026-05-25,00:00:00,96.85600000,96.85600000,96.61100000,96.62500000,19076
OFZ 29023,D1,2026-05-26,00:00:00,96.84800000,96.84900000,96.51200000,96.55000000,56364
OFZ 29023,D1,2026-05-27,00:00:00,96.48400000,96.83500000,96.48300000,96.83500000,1834
OFZ 29023,D1,2026-05-28,00:00:00,96.84000000,96.84000000,96.47800000,96.78400000,3363
OFZ 29023,D1,2026-05-29,00:00:00,96.78400000,96.83500000,96.60100000,96.83500000,917
OFZ 29023,D1,2026-05-30,00:00:00,96.99800000,96.99800000,96.86000000,96.99800000,492
OFZ 29023,D1,2026-05-31,00:00:00,97.05000000,97.07400000,96.50000000,96.78700000,1213
OFZ 29023,MN1,2025-12-31,00:00:00,96.54400000,99.01200000,96.34400000,97.41900000,3786201
OFZ 29023,MN1,2026-01-31,00:00:00,97.10200000,97.70200000,96.51000000,97.07000000,187678
OFZ 29023,MN1,2026-02-28,00:00:00,97.04900000,97.21300000,96.81100000,96.86000000,69765
OFZ 29023,MN1,2026-03-31,00:00:00,96.81500000,97.34400000,96.61100000,97.04900000,2427066
OFZ 29023,MN1,2026-04-30,00:00:00,97.09900000,97.35000000,96.70000000,96.75100000,56004
OFZ 29023,W1,2025-12-07,00:00:00,96.54400000,97.24900000,96.35100000,96.48000000,12324
OFZ 29023,W1,2025-12-14,00:00:00,96.77400000,96.86000000,96.34400000,96.84100000,1637700
OFZ 29023,W1,2025-12-21,00:00:00,96.76000000,97.35200000,96.65000000,96.84500000,332121
OFZ 29023,W1,2025-12-28,00:00:00,96.68500000,99.01200000,96.50300000,97.00300000,1115645
OFZ 29023,W1,2026-01-04,00:00:00,96.96900000,97.86900000,96.53100000,97.41900000,688411
OFZ 29023,W1,2026-01-11,00:00:00,97.10200000,97.70200000,96.68100000,97.68900000,1571
OFZ 29023,W1,2026-01-18,00:00:00,97.50400000,97.50400000,97.00000000,97.24700000,84074
OFZ 29023,W1,2026-01-25,00:00:00,97.31800000,97.31800000,96.90000000,97.15000000,22925
OFZ 29023,W1,2026-02-01,00:00:00,97.09900000,97.19500000,96.51000000,97.07000000,79108
OFZ 29023,W1,2026-02-08,00:00:00,97.04900000,97.19000000,96.88400000,96.99800000,14293
OFZ 29023,W1,2026-02-15,00:00:00,96.95000000,97.19900000,96.85000000,96.85000000,10619
OFZ 29023,W1,2026-02-22,00:00:00,97.20800000,97.21300000,96.81100000,96.99500000,24782
OFZ 29023,W1,2026-03-01,00:00:00,97.14500000,97.19900000,96.81100000,96.86000000,20071
OFZ 29023,W1,2026-03-08,00:00:00,96.81500000,97.34400000,96.73100000,96.83000000,18166
OFZ 29023,W1,2026-03-15,00:00:00,97.18000000,97.23700000,96.76100000,96.80000000,12385
OFZ 29023,W1,2026-03-22,00:00:00,97.12600000,97.12600000,96.67000000,97.00000000,2248195
OFZ 29023,W1,2026-03-29,00:00:00,96.72900000,97.30700000,96.61100000,97.25700000,144901
OFZ 29023,W1,2026-04-05,00:00:00,96.86200000,97.25700000,96.80200000,96.85800000,10556
OFZ 29023,W1,2026-04-12,00:00:00,96.85700000,97.35000000,96.73000000,97.20000000,20173
OFZ 29023,W1,2026-04-19,00:00:00,96.74700000,97.28600000,96.70000000,97.21000000,7833
OFZ 29023,W1,2026-04-26,00:00:00,97.14300000,97.25000000,96.75000000,96.75100000,8974
OFZ 29023,W1,2026-05-03,00:00:00,96.75000000,97.32000000,96.75000000,96.99900000,12533
OFZ 29023,W1,2026-05-10,00:00:00,97.23700000,97.32000000,96.76000000,96.82200000,9741
OFZ 29023,W1,2026-05-17,00:00:00,97.15000000,97.29700000,96.79000000,97.27000000,6061
OFZ 29023,W1,2026-05-24,00:00:00,96.94900000,97.35000000,96.55100000,96.66000000,21205
OFZ 29024,D1,2025-12-01,00:00:00,95.73000000,95.80900000,95.55000000,95.79600000,7904
OFZ 29024,D1,2025-12-02,00:00:00,95.81000000,95.81000000,95.70000000,95.74000000,11870
OFZ 29024,D1,2025-12-03,00:00:00,95.80400000,95.80500000,95.55800000,95.75000000,14071
OFZ 29024,D1,2025-12-04,00:00:00,95.75000000,95.82000000,95.68900000,95.79800000,8201
OFZ 29024,D1,2025-12-05,00:00:00,95.82200000,95.94900000,95.75000000,95.80300000,3285
OFZ 29024,D1,2025-12-08,00:00:00,95.89700000,95.99700000,95.63200000,95.71600000,16183
OFZ 29024,D1,2025-12-09,00:00:00,95.81500000,95.81700000,95.64100000,95.70300000,254698
OFZ 29024,D1,2025-12-10,00:00:00,95.78700000,96.00400000,95.55300000,95.94300000,1060653
OFZ 29024,D1,2025-12-11,00:00:00,96.01300000,96.20000000,95.61200000,96.15000000,850758
OFZ 29024,D1,2025-12-12,00:00:00,96.26900000,96.43300000,96.08600000,96.24400000,221268
OFZ 29024,D1,2025-12-15,00:00:00,96.27100000,96.41000000,96.14400000,96.26000000,44855
OFZ 29024,D1,2025-12-16,00:00:00,96.27200000,96.40000000,95.95900000,96.11900000,24530
OFZ 29024,D1,2025-12-17,00:00:00,96.25900000,96.35000000,96.06200000,96.29200000,448268
OFZ 29024,D1,2025-12-18,00:00:00,96.38100000,96.44900000,96.20400000,96.27500000,40555
OFZ 29024,D1,2025-12-19,00:00:00,96.41100000,96.45000000,95.90000000,96.23400000,136356
OFZ 29024,D1,2025-12-22,00:00:00,96.29900000,96.50200000,96.07500000,96.21000000,39625
OFZ 29024,D1,2025-12-23,00:00:00,96.12200000,96.49800000,96.10000000,96.22600000,89102
OFZ 29024,D1,2025-12-24,00:00:00,96.18700000,96.38000000,96.11100000,96.27300000,21789
OFZ 29024,D1,2025-12-25,00:00:00,96.27300000,96.35000000,96.06000000,96.16300000,40916
OFZ 29024,D1,2025-12-26,00:00:00,96.29900000,96.42200000,96.15000000,96.23100000,237771
OFZ 29024,D1,2025-12-29,00:00:00,96.23100000,96.50000000,96.17000000,96.28400000,616330
OFZ 29024,D1,2025-12-30,00:00:00,96.48600000,96.99900000,96.21400000,96.90000000,2414524
OFZ 29024,D1,2026-01-05,00:00:00,96.50000000,97.30000000,96.02300000,96.95400000,4289
OFZ 29024,D1,2026-01-06,00:00:00,96.87200000,96.96800000,96.51100000,96.51900000,4921
OFZ 29024,D1,2026-01-08,00:00:00,96.71600000,96.80800000,96.22600000,96.40000000,11438
OFZ 29024,D1,2026-01-09,00:00:00,96.44900000,96.45000000,96.31200000,96.44000000,1440
OFZ 29024,D1,2026-01-12,00:00:00,96.44000000,96.49600000,95.90000000,96.10200000,18935
OFZ 29024,D1,2026-01-13,00:00:00,96.28300000,96.39900000,96.00000000,96.21300000,25439
OFZ 29024,D1,2026-01-14,00:00:00,96.22000000,96.35100000,94.71500000,96.29200000,28795
OFZ 29024,D1,2026-01-15,00:00:00,96.32100000,96.34900000,96.25000000,96.34400000,25152
OFZ 29024,D1,2026-01-16,00:00:00,96.34300000,96.87400000,96.24000000,96.32800000,19185
OFZ 29024,D1,2026-01-19,00:00:00,96.36600000,96.36600000,96.01500000,96.11800000,16912
OFZ 29024,D1,2026-01-20,00:00:00,96.22300000,96.30000000,95.96000000,96.15500000,52932
OFZ 29024,D1,2026-01-21,00:00:00,96.05500000,96.37400000,96.00000000,96.26400000,17614
OFZ 29024,D1,2026-01-22,00:00:00,96.22900000,96.33500000,95.95100000,96.24800000,10762
OFZ 29024,D1,2026-01-23,00:00:00,96.24900000,96.29700000,96.02600000,96.22800000,9939
OFZ 29024,D1,2026-01-26,00:00:00,96.20000000,96.37300000,96.05100000,96.25700000,19125
OFZ 29024,D1,2026-01-27,00:00:00,96.17500000,96.35700000,96.10600000,96.20000000,20138
OFZ 29024,D1,2026-01-28,00:00:00,96.10000000,96.34600000,95.90000000,96.24100000,17520
OFZ 29024,D1,2026-01-29,00:00:00,96.19600000,96.75700000,95.97500000,96.20700000,14963
OFZ 29024,D1,2026-01-30,00:00:00,96.09300000,96.52500000,96.09300000,96.20900000,8577
OFZ 29024,D1,2026-02-02,00:00:00,96.55700000,96.55700000,95.80400000,96.10100000,23207
OFZ 29024,D1,2026-02-03,00:00:00,96.10100000,96.20000000,95.76000000,96.14400000,6039
OFZ 29024,D1,2026-02-04,00:00:00,96.08700000,96.24100000,95.70000000,95.95300000,35309
OFZ 29024,D1,2026-02-05,00:00:00,95.96700000,96.19800000,95.87500000,95.96400000,8931
OFZ 29024,D1,2026-02-06,00:00:00,95.99900000,96.20100000,95.70900000,95.86400000,10651
OFZ 29024,D1,2026-02-09,00:00:00,96.32800000,96.32800000,95.66700000,95.84400000,17608
OFZ 29024,D1,2026-02-10,00:00:00,95.84500000,96.00100000,95.80500000,95.87000000,8670
OFZ 29024,D1,2026-02-11,00:00:00,96.09900000,96.09900000,95.83200000,95.87800000,12365
OFZ 29024,D1,2026-02-12,00:00:00,96.29500000,96.29500000,95.83300000,95.87800000,11641
OFZ 29024,D1,2026-02-13,00:00:00,96.12800000,96.13000000,95.71800000,95.87700000,12087
OFZ 29024,D1,2026-02-16,00:00:00,95.90000000,95.95000000,95.69800000,95.94500000,10110
OFZ 29024,D1,2026-02-17,00:00:00,95.92000000,95.99800000,95.72000000,95.78200000,9884
OFZ 29024,D1,2026-02-18,00:00:00,95.60000000,95.93400000,95.60000000,95.76300000,11025
OFZ 29024,D1,2026-02-19,00:00:00,95.88900000,95.89900000,95.67300000,95.73100000,11707
OFZ 29024,D1,2026-02-20,00:00:00,95.89800000,95.89800000,95.71100000,95.84000000,28638
OFZ 29024,D1,2026-02-24,00:00:00,95.84000000,96.10800000,95.62600000,95.74300000,41922
OFZ 29024,D1,2026-02-25,00:00:00,95.87700000,95.87700000,95.59600000,95.75000000,26637
OFZ 29024,D1,2026-02-26,00:00:00,95.76900000,95.77000000,95.50000000,95.66000000,33182
OFZ 29024,D1,2026-02-27,00:00:00,95.65700000,95.66100000,95.52500000,95.59900000,155174
OFZ 29024,D1,2026-03-02,00:00:00,95.66000000,96.10900000,95.56100000,95.66100000,188350
OFZ 29024,D1,2026-03-03,00:00:00,95.76800000,95.93000000,95.57100000,95.61500000,254087
OFZ 29024,D1,2026-03-04,00:00:00,95.88900000,95.88900000,95.50000000,95.62200000,21183
OFZ 29024,D1,2026-03-05,00:00:00,95.62200000,95.69900000,95.62200000,95.68400000,3739
OFZ 29024,D1,2026-03-06,00:00:00,95.69200000,95.96400000,95.60000000,95.60100000,4670
OFZ 29024,D1,2026-03-09,00:00:00,95.80100000,95.80100000,95.51000000,95.70800000,1522
OFZ 29024,D1,2026-03-10,00:00:00,95.61700000,95.75400000,95.40000000,95.64800000,25371
OFZ 29024,D1,2026-03-11,00:00:00,95.56300000,95.64200000,95.29000000,95.54900000,32732
OFZ 29024,D1,2026-03-12,00:00:00,95.53900000,95.64200000,95.25100000,95.44000000,35072
OFZ 29024,D1,2026-03-13,00:00:00,95.62500000,95.62500000,95.33000000,95.47900000,8631
OFZ 29024,D1,2026-03-16,00:00:00,95.60400000,95.60400000,95.00000000,95.50000000,9878
OFZ 29024,D1,2026-03-17,00:00:00,95.51800000,95.54000000,95.36000000,95.40000000,7957
OFZ 29024,D1,2026-03-18,00:00:00,95.40000000,95.62000000,95.33100000,95.59800000,103604
OFZ 29024,D1,2026-03-19,00:00:00,95.56100000,95.75000000,95.56000000,95.64800000,35779
OFZ 29024,D1,2026-03-20,00:00:00,95.56800000,95.75000000,95.50000000,95.60000000,31723
OFZ 29024,D1,2026-03-23,00:00:00,95.43000000,95.75400000,95.26000000,95.61400000,141094
OFZ 29024,D1,2026-03-24,00:00:00,95.69700000,95.79800000,95.44500000,95.68200000,67049
OFZ 29024,D1,2026-03-25,00:00:00,95.70000000,95.72500000,95.52000000,95.72000000,479388
OFZ 29024,D1,2026-03-26,00:00:00,95.70100000,95.95000000,95.70100000,95.91400000,73364
OFZ 29024,D1,2026-03-27,00:00:00,95.96000000,96.03600000,95.85200000,95.91900000,8065
OFZ 29024,D1,2026-03-28,00:00:00,95.88400000,96.00000000,95.76500000,95.97600000,1221
OFZ 29024,D1,2026-03-29,00:00:00,95.95700000,96.08000000,95.76700000,96.01400000,881
OFZ 29024,D1,2026-03-30,00:00:00,95.88400000,96.08000000,95.76500000,95.87300000,6297
OFZ 29024,D1,2026-03-31,00:00:00,95.81000000,95.97700000,95.60100000,95.89700000,4266
OFZ 29024,D1,2026-04-01,00:00:00,96.03400000,96.03400000,95.76200000,95.90000000,515801
OFZ 29024,D1,2026-04-02,00:00:00,95.94800000,95.94900000,95.80100000,95.87900000,8128
OFZ 29024,D1,2026-04-03,00:00:00,95.80000000,95.90000000,95.75100000,95.88000000,12013
OFZ 29024,D1,2026-04-04,00:00:00,95.89900000,95.90000000,95.82100000,95.88000000,415
OFZ 29024,D1,2026-04-05,00:00:00,95.90000000,95.90000000,95.81000000,95.90000000,527
OFZ 29024,D1,2026-04-06,00:00:00,95.89900000,95.90000000,95.75200000,95.85900000,6885
OFZ 29024,D1,2026-04-07,00:00:00,95.75100000,95.86000000,95.75000000,95.83700000,10432
OFZ 29024,D1,2026-04-08,00:00:00,95.75000000,95.83900000,95.71100000,95.79500000,13012
OFZ 29024,D1,2026-04-09,00:00:00,95.62600000,95.91000000,95.41000000,95.76000000,16446
OFZ 29024,D1,2026-04-10,00:00:00,95.66000000,95.83500000,95.41000000,95.74900000,9357
OFZ 29024,D1,2026-04-11,00:00:00,95.85600000,95.97500000,95.70100000,95.89800000,724
OFZ 29024,D1,2026-04-12,00:00:00,95.76200000,96.03000000,95.76200000,95.98400000,816
OFZ 29024,D1,2026-04-13,00:00:00,95.85600000,96.13000000,95.67800000,95.67800000,8554
OFZ 29024,D1,2026-04-14,00:00:00,95.70500000,95.97700000,95.70500000,95.75000000,3459
OFZ 29024,D1,2026-04-15,00:00:00,95.79000000,95.84800000,95.67400000,95.74900000,3805
OFZ 29024,D1,2026-04-16,00:00:00,95.76500000,95.95600000,95.70100000,95.74900000,3500
OFZ 29024,D1,2026-04-17,00:00:00,95.97800000,95.98300000,95.70000000,95.78800000,102279
OFZ 29024,D1,2026-04-18,00:00:00,95.74100000,96.07000000,95.73100000,95.88800000,1374
OFZ 29024,D1,2026-04-19,00:00:00,96.20000000,96.20600000,95.75900000,95.90800000,387
OFZ 29024,D1,2026-04-20,00:00:00,95.74100000,96.20600000,95.73100000,95.84900000,507713
OFZ 29024,D1,2026-04-21,00:00:00,96.12900000,96.12900000,95.65000000,95.89900000,13677
OFZ 29024,D1,2026-04-22,00:00:00,96.16100000,96.16100000,95.71200000,95.78000000,10872
OFZ 29024,D1,2026-04-23,00:00:00,96.09700000,96.26000000,95.76100000,95.80600000,102569
OFZ 29024,D1,2026-04-24,00:00:00,95.96700000,95.96700000,95.79800000,95.87000000,105598
OFZ 29024,D1,2026-04-25,00:00:00,95.78000000,96.05300000,95.78000000,95.99000000,1472
OFZ 29024,D1,2026-04-26,00:00:00,96.03400000,96.10000000,95.78100000,96.01100000,1601
OFZ 29024,D1,2026-04-27,00:00:00,95.78000000,96.10000000,95.78000000,95.87900000,10841
OFZ 29024,D1,2026-04-28,00:00:00,95.87800000,96.08600000,95.61900000,95.89900000,24212
OFZ 29024,D1,2026-04-29,00:00:00,95.78500000,96.08600000,95.61900000,95.65700000,14313
OFZ 29024,D1,2026-04-30,00:00:00,95.66000000,95.89900000,95.60000000,95.82100000,9001
OFZ 29024,D1,2026-05-02,00:00:00,95.93000000,95.98000000,95.79900000,95.97700000,887
OFZ 29024,D1,2026-05-03,00:00:00,95.97600000,96.00000000,95.72700000,95.88800000,760
OFZ 29024,D1,2026-05-04,00:00:00,95.89700000,96.00000000,95.70000000,95.82000000,7306
OFZ 29024,D1,2026-05-05,00:00:00,95.89800000,96.16000000,95.69100000,95.85500000,5471
OFZ 29024,D1,2026-05-06,00:00:00,95.77800000,96.16400000,95.72000000,95.89800000,3775
OFZ 29024,D1,2026-05-07,00:00:00,95.89800000,96.04900000,95.86500000,95.88800000,3728
OFZ 29024,D1,2026-05-08,00:00:00,95.85900000,96.04800000,95.75500000,95.89900000,3972
OFZ 29024,D1,2026-05-11,00:00:00,96.10000000,96.16400000,95.88600000,96.14400000,4201
OFZ 29024,D1,2026-05-12,00:00:00,95.88600000,96.17100000,95.88600000,95.90000000,5718
OFZ 29024,D1,2026-05-13,00:00:00,95.89500000,96.09900000,95.85000000,95.90000000,4353
OFZ 29024,D1,2026-05-14,00:00:00,95.90000000,96.24900000,95.80000000,95.89900000,19000
OFZ 29024,D1,2026-05-15,00:00:00,96.22300000,96.22300000,95.77800000,95.86500000,1965
OFZ 29024,D1,2026-05-16,00:00:00,95.99900000,96.16000000,95.78100000,96.12300000,229
OFZ 29024,D1,2026-05-17,00:00:00,96.25000000,96.25000000,96.02100000,96.12400000,283
OFZ 29024,D1,2026-05-18,00:00:00,95.99900000,96.25000000,95.78100000,95.82400000,15069
OFZ 29024,D1,2026-05-19,00:00:00,95.73900000,96.08900000,95.73900000,95.89700000,27048
OFZ 29024,D1,2026-05-20,00:00:00,96.08900000,96.25000000,95.76400000,95.89800000,7939
OFZ 29024,D1,2026-05-21,00:00:00,96.21000000,96.21000000,95.89800000,95.90000000,3678
OFZ 29024,D1,2026-05-22,00:00:00,96.23700000,96.23700000,95.77700000,95.90000000,13894
OFZ 29024,D1,2026-05-23,00:00:00,96.13600000,96.16700000,95.90100000,96.14000000,263
OFZ 29024,D1,2026-05-24,00:00:00,96.11000000,96.17000000,95.79600000,96.09500000,699
OFZ 29024,D1,2026-05-25,00:00:00,96.13600000,96.19800000,95.74000000,95.99800000,7574
OFZ 29024,D1,2026-05-26,00:00:00,95.99900000,96.00000000,95.83500000,95.95100000,4557
OFZ 29024,D1,2026-05-27,00:00:00,95.95100000,96.17800000,95.90000000,95.94000000,504206
OFZ 29024,D1,2026-05-28,00:00:00,96.13400000,96.13400000,95.90000000,95.98200000,353668
OFZ 29024,D1,2026-05-29,00:00:00,96.10400000,96.10400000,95.81000000,95.99900000,7248
OFZ 29024,D1,2026-05-30,00:00:00,96.12000000,96.12000000,95.88300000,95.98900000,917
OFZ 29024,D1,2026-05-31,00:00:00,96.11900000,96.12000000,95.85700000,95.89300000,752
OFZ 29024,MN1,2025-12-31,00:00:00,95.73000000,96.99900000,95.55000000,96.90000000,6603512
OFZ 29024,MN1,2026-01-31,00:00:00,96.50000000,97.30000000,94.71500000,96.20900000,328076
OFZ 29024,MN1,2026-02-28,00:00:00,96.55700000,96.55700000,95.50000000,95.59900000,474787
OFZ 29024,MN1,2026-03-31,00:00:00,95.66000000,96.10900000,95.00000000,95.89700000,1545923
OFZ 29024,MN1,2026-04-30,00:00:00,96.03400000,96.26000000,95.41000000,95.82100000,1519783
OFZ 29024,W1,2025-12-07,00:00:00,95.73000000,95.94900000,95.55000000,95.80300000,45331
OFZ 29024,W1,2025-12-14,00:00:00,95.89700000,96.43300000,95.55300000,96.24400000,2403560
OFZ 29024,W1,2025-12-21,00:00:00,96.27100000,96.45000000,95.90000000,96.23400000,694564
OFZ 29024,W1,2025-12-28,00:00:00,96.29900000,96.50200000,96.06000000,96.23100000,429203
OFZ 29024,W1,2026-01-04,00:00:00,96.23100000,96.99900000,96.17000000,96.90000000,3030854
OFZ 29024,W1,2026-01-11,00:00:00,96.50000000,97.30000000,96.02300000,96.44000000,22088
OFZ 29024,W1,2026-01-18,00:00:00,96.44000000,96.87400000,94.71500000,96.32800000,117506
OFZ 29024,W1,2026-01-25,00:00:00,96.36600000,96.37400000,95.95100000,96.22800000,108159
OFZ 29024,W1,2026-02-01,00:00:00,96.20000000,96.75700000,95.90000000,96.20900000,80323
OFZ 29024,W1,2026-02-08,00:00:00,96.55700000,96.55700000,95.70000000,95.86400000,84137
OFZ 29024,W1,2026-02-15,00:00:00,96.32800000,96.32800000,95.66700000,95.87700000,62371
OFZ 29024,W1,2026-02-22,00:00:00,95.90000000,95.99800000,95.60000000,95.84000000,71364
OFZ 29024,W1,2026-03-01,00:00:00,95.84000000,96.10800000,95.50000000,95.59900000,256915
OFZ 29024,W1,2026-03-08,00:00:00,95.66000000,96.10900000,95.50000000,95.60100000,472029
OFZ 29024,W1,2026-03-15,00:00:00,95.80100000,95.80100000,95.25100000,95.47900000,103328
OFZ 29024,W1,2026-03-22,00:00:00,95.60400000,95.75000000,95.00000000,95.60000000,188941
OFZ 29024,W1,2026-03-29,00:00:00,95.43000000,96.08000000,95.26000000,96.01400000,771062
OFZ 29024,W1,2026-04-05,00:00:00,95.88400000,96.08000000,95.60100000,95.90000000,547447
OFZ 29024,W1,2026-04-12,00:00:00,95.89900000,96.03000000,95.41000000,95.98400000,57672
OFZ 29024,W1,2026-04-19,00:00:00,95.85600000,96.20600000,95.67400000,95.90800000,123358
OFZ 29024,W1,2026-04-26,00:00:00,95.74100000,96.26000000,95.65000000,96.01100000,743502
OFZ 29024,W1,2026-05-03,00:00:00,95.78000000,96.10000000,95.60000000,95.88800000,60014
OFZ 29024,W1,2026-05-10,00:00:00,95.89700000,96.16400000,95.69100000,95.89900000,24252
OFZ 29024,W1,2026-05-17,00:00:00,96.10000000,96.25000000,95.77800000,96.12400000,35749
OFZ 29024,W1,2026-05-24,00:00:00,95.99900000,96.25000000,95.73900000,96.09500000,68590
OFZ 29025,D1,2025-12-01,00:00:00,94.51100000,94.77300000,94.49700000,94.58700000,19646
OFZ 29025,D1,2025-12-02,00:00:00,94.69700000,94.90000000,94.40100000,94.55400000,23359
OFZ 29025,D1,2025-12-03,00:00:00,94.56100000,94.69000000,94.43700000,94.60000000,23298
OFZ 29025,D1,2025-12-04,00:00:00,94.69800000,94.69900000,94.51700000,94.63300000,14658
OFZ 29025,D1,2025-12-05,00:00:00,94.60400000,94.69800000,94.59500000,94.64200000,6299
OFZ 29025,D1,2025-12-08,00:00:00,94.86300000,94.86300000,94.30000000,94.45000000,22935
OFZ 29025,D1,2025-12-09,00:00:00,94.49000000,94.75100000,94.36000000,94.49800000,270852
OFZ 29025,D1,2025-12-10,00:00:00,94.58700000,94.79000000,94.37200000,94.62000000,284685
OFZ 29025,D1,2025-12-11,00:00:00,94.62000000,94.84300000,94.50000000,94.67700000,214814
OFZ 29025,D1,2025-12-12,00:00:00,94.67600000,94.97100000,94.63500000,94.84200000,66302
OFZ 29025,D1,2025-12-15,00:00:00,94.84200000,95.01500000,94.60000000,94.83400000,29427
OFZ 29025,D1,2025-12-16,00:00:00,95.07900000,95.08700000,94.71200000,94.84400000,34296
OFZ 29025,D1,2025-12-17,00:00:00,94.73000000,94.98900000,94.69400000,94.80000000,299351
OFZ 29025,D1,2025-12-18,00:00:00,94.85100000,95.06000000,94.66100000,94.72400000,51536
OFZ 29025,D1,2025-12-19,00:00:00,94.87000000,95.15000000,94.59700000,94.77300000,47134
OFZ 29025,D1,2025-12-22,00:00:00,94.80000000,95.18000000,94.60300000,94.80000000,16214
OFZ 29025,D1,2025-12-23,00:00:00,94.96300000,95.15300000,94.80000000,94.84500000,33543
OFZ 29025,D1,2025-12-24,00:00:00,95.09800000,95.09800000,94.80100000,94.89700000,10863
OFZ 29025,D1,2025-12-25,00:00:00,94.90200000,94.90200000,94.72700000,94.85800000,25728
OFZ 29025,D1,2025-12-26,00:00:00,94.87800000,95.01000000,94.75500000,94.88300000,217583
OFZ 29025,D1,2025-12-29,00:00:00,95.07200000,95.09500000,94.72200000,94.84900000,116600
OFZ 29025,D1,2025-12-30,00:00:00,94.66100000,95.01100000,94.63200000,94.98400000,1063317
OFZ 29025,D1,2026-01-05,00:00:00,95.33500000,95.33500000,94.50100000,95.15100000,8376
OFZ 29025,D1,2026-01-06,00:00:00,95.12300000,95.35000000,94.91300000,94.97000000,11859
OFZ 29025,D1,2026-01-08,00:00:00,95.12100000,95.34900000,94.57600000,94.95200000,13534
OFZ 29025,D1,2026-01-09,00:00:00,94.92300000,95.19300000,94.91000000,95.16500000,2417
OFZ 29025,D1,2026-01-12,00:00:00,95.16100000,95.29100000,95.05000000,95.19900000,15293
OFZ 29025,D1,2026-01-13,00:00:00,95.18900000,95.28100000,94.96400000,95.14900000,8899
OFZ 29025,D1,2026-01-14,00:00:00,95.03200000,95.27600000,94.45000000,95.19300000,18274
OFZ 29025,D1,2026-01-15,00:00:00,95.20000000,95.30000000,95.08300000,95.20100000,4686
OFZ 29025,D1,2026-01-16,00:00:00,95.29600000,95.29600000,95.03300000,95.26000000,5937
OFZ 29025,D1,2026-01-19,00:00:00,95.25900000,95.32900000,95.10000000,95.19600000,12464
OFZ 29025,D1,2026-01-20,00:00:00,95.19500000,95.30100000,95.09100000,95.21100000,27384
OFZ 29025,D1,2026-01-21,00:00:00,95.10100000,95.29900000,95.03500000,95.17000000,13037
OFZ 29025,D1,2026-01-22,00:00:00,95.06400000,95.32900000,94.93400000,95.16900000,10406
OFZ 29025,D1,2026-01-23,00:00:00,95.21900000,95.24900000,95.00700000,95.24800000,4918
OFZ 29025,D1,2026-01-26,00:00:00,95.24900000,95.29700000,95.01200000,95.24400000,8187
OFZ 29025,D1,2026-01-27,00:00:00,95.24400000,95.32300000,95.17800000,95.21900000,10749
OFZ 29025,D1,2026-01-28,00:00:00,95.29800000,95.35000000,95.03000000,95.19700000,15857
OFZ 29025,D1,2026-01-29,00:00:00,95.34200000,95.34200000,95.03400000,95.13500000,8242
OFZ 29025,D1,2026-01-30,00:00:00,95.13400000,95.34300000,95.13400000,95.21000000,18673
OFZ 29025,D1,2026-02-02,00:00:00,95.21000000,95.34400000,95.16100000,95.21000000,20366
OFZ 29025,D1,2026-02-03,00:00:00,95.34400000,95.34400000,95.17000000,95.17100000,35283
OFZ 29025,D1,2026-02-04,00:00:00,95.34400000,95.63000000,95.10000000,95.20800000,14656
OFZ 29025,D1,2026-02-05,00:00:00,95.22000000,95.31400000,95.11500000,95.15900000,29848
OFZ 29025,D1,2026-02-06,00:00:00,95.31400000,95.31400000,95.00700000,95.09900000,9885
OFZ 29025,D1,2026-02-09,00:00:00,95.29900000,95.29900000,95.10000000,95.15000000,12918
OFZ 29025,D1,2026-02-10,00:00:00,95.27700000,95.27700000,95.00000000,95.09900000,9044
OFZ 29025,D1,2026-02-11,00:00:00,95.27600000,95.27600000,94.95300000,95.07300000,20125
OFZ 29025,D1,2026-02-12,00:00:00,95.07800000,95.21900000,95.00000000,95.09000000,8541
OFZ 29025,D1,2026-02-13,00:00:00,95.09700000,95.20000000,95.01300000,95.07400000,10295
OFZ 29025,D1,2026-02-16,00:00:00,95.10000000,95.19400000,94.93100000,95.10100000,12798
OFZ 29025,D1,2026-02-17,00:00:00,95.10100000,95.19700000,94.87700000,94.90000000,8980
OFZ 29025,D1,2026-02-18,00:00:00,95.13200000,95.14900000,94.96200000,95.03200000,21096
OFZ 29025,D1,2026-02-19,00:00:00,95.14500000,95.20000000,94.85000000,94.88000000,50819
OFZ 29025,D1,2026-02-20,00:00:00,95.10500000,95.10800000,94.79000000,95.07000000,169118
OFZ 29025,D1,2026-02-24,00:00:00,95.10000000,95.12300000,94.92100000,94.94100000,37726
OFZ 29025,D1,2026-02-25,00:00:00,95.00000000,95.00000000,94.80000000,94.80000000,57765
OFZ 29025,D1,2026-02-26,00:00:00,94.80000000,94.84900000,94.70000000,94.76900000,42092
OFZ 29025,D1,2026-02-27,00:00:00,94.70200000,94.79900000,94.65000000,94.77400000,15199
OFZ 29025,D1,2026-03-02,00:00:00,94.79900000,94.82200000,94.65000000,94.77000000,11793
OFZ 29025,D1,2026-03-03,00:00:00,94.75000000,94.80000000,94.53200000,94.79900000,180392
OFZ 29025,D1,2026-03-04,00:00:00,94.79000000,94.84800000,94.70500000,94.84800000,12551
OFZ 29025,D1,2026-03-05,00:00:00,94.90900000,94.91000000,94.77000000,94.84900000,8742
OFZ 29025,D1,2026-03-06,00:00:00,94.82600000,94.84900000,94.65400000,94.80500000,7363
OFZ 29025,D1,2026-03-09,00:00:00,94.65300000,95.01900000,94.60000000,95.00000000,18336
OFZ 29025,D1,2026-03-10,00:00:00,94.71500000,95.02000000,94.71500000,94.77200000,24549
OFZ 29025,D1,2026-03-11,00:00:00,94.80000000,94.80000000,94.75000000,94.80000000,30337
OFZ 29025,D1,2026-03-12,00:00:00,94.80000000,94.80000000,94.71100000,94.78000000,108610
OFZ 29025,D1,2026-03-13,00:00:00,94.90100000,95.00000000,94.78000000,94.80000000,194046
OFZ 29025,D1,2026-03-16,00:00:00,94.79800000,94.80000000,94.71500000,94.79900000,39651
OFZ 29025,D1,2026-03-17,00:00:00,94.79900000,94.82700000,94.75000000,94.75000000,463913
OFZ 29025,D1,2026-03-18,00:00:00,94.75100000,94.97900000,94.75100000,94.81500000,71469
OFZ 29025,D1,2026-03-19,00:00:00,94.95200000,94.95300000,94.76100000,94.81700000,56561
OFZ 29025,D1,2026-03-20,00:00:00,94.78400000,95.03500000,94.78400000,94.80600000,34191
OFZ 29025,D1,2026-03-23,00:00:00,95.04800000,95.04800000,94.80000000,94.80400000,10405
OFZ 29025,D1,2026-03-24,00:00:00,94.93800000,94.93800000,94.70500000,94.70500000,45443
OFZ 29025,D1,2026-03-25,00:00:00,94.78300000,94.90000000,94.68800000,94.85100000,125477
OFZ 29025,D1,2026-03-26,00:00:00,94.89900000,94.95100000,94.81000000,94.89000000,41893
OFZ 29025,D1,2026-03-27,00:00:00,95.03300000,95.03700000,94.86600000,95.02000000,81195
OFZ 29025,D1,2026-03-28,00:00:00,95.04900000,95.20000000,94.83600000,95.01400000,1477
OFZ 29025,D1,2026-03-29,00:00:00,95.10000000,95.10000000,94.90000000,94.90000000,1791
OFZ 29025,D1,2026-03-30,00:00:00,95.04900000,95.20000000,94.83500000,94.90200000,9034
OFZ 29025,D1,2026-03-31,00:00:00,94.83700000,95.01300000,94.83700000,94.94700000,12464
OFZ 29025,D1,2026-04-01,00:00:00,95.01000000,95.01000000,94.90000000,94.90300000,406565
OFZ 29025,D1,2026-04-02,00:00:00,95.00800000,95.00800000,94.85000000,94.88000000,509647
OFZ 29025,D1,2026-04-03,00:00:00,95.00000000,95.01300000,94.80000000,94.81000000,11744
OFZ 29025,D1,2026-04-04,00:00:00,95.01200000,95.02000000,94.81000000,94.93100000,1343
OFZ 29025,D1,2026-04-05,00:00:00,94.82300000,95.04800000,94.82300000,94.95600000,598
OFZ 29025,D1,2026-04-06,00:00:00,95.01200000,95.04900000,94.80000000,94.88000000,177817
OFZ 29025,D1,2026-04-07,00:00:00,94.84800000,95.02000000,94.82300000,94.88100000,8865
OFZ 29025,D1,2026-04-08,00:00:00,94.88000000,95.02800000,94.80000000,94.80000000,17151
OFZ 29025,D1,2026-04-09,00:00:00,94.80200000,95.00100000,94.80200000,94.87100000,525610
OFZ 29025,D1,2026-04-10,00:00:00,94.80900000,95.04900000,94.80000000,94.80000000,53233
OFZ 29025,D1,2026-04-11,00:00:00,95.03900000,95.03900000,94.80000000,94.93600000,891
OFZ 29025,D1,2026-04-12,00:00:00,94.95000000,94.99900000,94.80300000,94.99900000,1399
OFZ 29025,D1,2026-04-13,00:00:00,95.03900000,95.03900000,94.80000000,94.87000000,10922
OFZ 29025,D1,2026-04-14,00:00:00,94.99900000,94.99900000,94.86100000,94.88900000,9321
OFZ 29025,D1,2026-04-15,00:00:00,94.86600000,94.90700000,94.80000000,94.85000000,11503
OFZ 29025,D1,2026-04-16,00:00:00,94.94900000,94.94900000,94.76100000,94.83900000,30267
OFZ 29025,D1,2026-04-17,00:00:00,94.99900000,94.99900000,94.80000000,94.88300000,101505
OFZ 29025,D1,2026-04-18,00:00:00,94.88300000,95.05900000,94.81000000,94.97700000,1490
OFZ 29025,D1,2026-04-19,00:00:00,95.00000000,95.08700000,94.80000000,94.95400000,3144
OFZ 29025,D1,2026-04-20,00:00:00,94.88300000,95.08900000,94.80000000,94.93600000,510562
OFZ 29025,D1,2026-04-21,00:00:00,94.99900000,94.99900000,94.86300000,94.93900000,111320
OFZ 29025,D1,2026-04-22,00:00:00,94.93900000,94.98000000,94.89500000,94.97900000,5310
OFZ 29025,D1,2026-04-23,00:00:00,95.10000000,95.11700000,94.80300000,94.96700000,104576
OFZ 29025,D1,2026-04-24,00:00:00,94.87000000,95.02300000,94.80100000,94.90900000,6616
OFZ 29025,D1,2026-04-25,00:00:00,94.80200000,95.01600000,94.80200000,95.00000000,1240
OFZ 29025,D1,2026-04-26,00:00:00,95.00000000,95.06900000,94.92200000,94.96200000,566
OFZ 29025,D1,2026-04-27,00:00:00,94.80200000,95.11500000,94.80200000,95.00000000,8889
OFZ 29025,D1,2026-04-28,00:00:00,95.00000000,95.00000000,94.84800000,94.92900000,14067
OFZ 29025,D1,2026-04-29,00:00:00,95.09300000,95.09300000,94.85100000,94.94100000,5138
OFZ 29025,D1,2026-04-30,00:00:00,94.81500000,95.05200000,94.81500000,94.91200000,7581
OFZ 29025,D1,2026-05-02,00:00:00,95.01600000,95.07000000,94.82200000,94.96300000,1302
OFZ 29025,D1,2026-05-03,00:00:00,94.98400000,95.11700000,94.96600000,95.07000000,530
OFZ 29025,D1,2026-05-04,00:00:00,95.11700000,95.11800000,94.82200000,94.95000000,11512
OFZ 29025,D1,2026-05-05,00:00:00,95.10900000,95.10900000,94.83600000,94.94600000,8386
OFZ 29025,D1,2026-05-06,00:00:00,95.09800000,95.09800000,94.89000000,94.92500000,10542
OFZ 29025,D1,2026-05-07,00:00:00,94.91300000,95.11000000,94.87800000,94.95000000,507466
OFZ 29025,D1,2026-05-08,00:00:00,95.10900000,95.10900000,94.85100000,94.94900000,3146
OFZ 29025,D1,2026-05-11,00:00:00,95.10900000,95.12200000,94.95000000,95.02000000,6018
OFZ 29025,D1,2026-05-12,00:00:00,95.05700000,95.12000000,94.91100000,94.95000000,6315
OFZ 29025,D1,2026-05-13,00:00:00,95.03200000,95.03200000,94.88000000,94.94900000,10235
OFZ 29025,D1,2026-05-14,00:00:00,95.09800000,95.12100000,94.82100000,94.94600000,5900
OFZ 29025,D1,2026-05-15,00:00:00,94.94600000,95.04900000,94.90000000,94.95000000,3217
OFZ 29025,D1,2026-05-16,00:00:00,95.10000000,95.12100000,94.90100000,95.12000000,2904
OFZ 29025,D1,2026-05-17,00:00:00,95.12100000,95.12200000,94.98000000,95.12100000,1074
OFZ 29025,D1,2026-05-18,00:00:00,95.10000000,95.13000000,94.90100000,94.94900000,265665
OFZ 29025,D1,2026-05-19,00:00:00,94.95000000,95.10100000,94.90000000,94.94800000,28922
OFZ 29025,D1,2026-05-20,00:00:00,94.90000000,95.11000000,94.83200000,94.84100000,3657
OFZ 29025,D1,2026-05-21,00:00:00,94.94900000,94.99900000,94.83500000,94.97500000,605554
OFZ 29025,D1,2026-05-22,00:00:00,94.97500000,95.00000000,94.87600000,94.99300000,14014
OFZ 29025,D1,2026-05-23,00:00:00,94.99300000,95.12900000,94.82100000,95.12800000,1958
OFZ 29025,D1,2026-05-24,00:00:00,95.12800000,95.13000000,95.00400000,95.12900000,2299
OFZ 29025,D1,2026-05-25,00:00:00,94.99300000,95.25000000,94.82100000,95.01400000,107370
OFZ 29025,D1,2026-05-26,00:00:00,95.20800000,95.34500000,94.85000000,95.12000000,17942
OFZ 29025,D1,2026-05-27,00:00:00,95.10000000,95.12000000,94.90200000,95.01700000,518704
OFZ 29025,D1,2026-05-28,00:00:00,94.95100000,95.17000000,94.72800000,95.11600000,20346
OFZ 29025,D1,2026-05-29,00:00:00,95.11500000,95.12000000,94.87100000,95.11900000,9166
OFZ 29025,D1,2026-05-30,00:00:00,95.11900000,95.15000000,95.02700000,95.14800000,2563
OFZ 29025,D1,2026-05-31,00:00:00,95.16600000,95.17800000,94.90000000,94.90000000,2056
OFZ 29025,MN1,2025-12-31,00:00:00,94.51100000,95.18000000,94.30000000,94.98400000,2892440
OFZ 29025,MN1,2026-01-31,00:00:00,95.33500000,95.35000000,94.45000000,95.21000000,219192
OFZ 29025,MN1,2026-02-28,00:00:00,95.21000000,95.63000000,94.65000000,94.77400000,586554
OFZ 29025,MN1,2026-03-31,00:00:00,94.79900000,95.20000000,94.53200000,94.94700000,1591683
OFZ 29025,MN1,2026-04-30,00:00:00,95.01000000,95.11700000,94.76100000,94.91200000,2658880
OFZ 29025,W1,2025-12-07,00:00:00,94.51100000,94.90000000,94.40100000,94.64200000,87260
OFZ 29025,W1,2025-12-14,00:00:00,94.86300000,94.97100000,94.30000000,94.84200000,859588
OFZ 29025,W1,2025-12-21,00:00:00,94.84200000,95.15000000,94.59700000,94.77300000,461744
OFZ 29025,W1,2025-12-28,00:00:00,94.80000000,95.18000000,94.60300000,94.88300000,303931
OFZ 29025,W1,2026-01-04,00:00:00,95.07200000,95.09500000,94.63200000,94.98400000,1179917
OFZ 29025,W1,2026-01-11,00:00:00,95.33500000,95.35000000,94.50100000,95.16500000,36186
OFZ 29025,W1,2026-01-18,00:00:00,95.16100000,95.30000000,94.45000000,95.26000000,53089
OFZ 29025,W1,2026-01-25,00:00:00,95.25900000,95.32900000,94.93400000,95.24800000,68209
OFZ 29025,W1,2026-02-01,00:00:00,95.24900000,95.35000000,95.01200000,95.21000000,61708
OFZ 29025,W1,2026-02-08,00:00:00,95.21000000,95.63000000,95.00700000,95.09900000,110038
OFZ 29025,W1,2026-02-15,00:00:00,95.29900000,95.29900000,94.95300000,95.07400000,60923
OFZ 29025,W1,2026-02-22,00:00:00,95.10000000,95.20000000,94.79000000,95.07000000,262811
OFZ 29025,W1,2026-03-01,00:00:00,95.10000000,95.12300000,94.65000000,94.77400000,152782
OFZ 29025,W1,2026-03-08,00:00:00,94.79900000,94.91000000,94.53200000,94.80500000,220841
OFZ 29025,W1,2026-03-15,00:00:00,94.65300000,95.02000000,94.60000000,94.80000000,375878
OFZ 29025,W1,2026-03-22,00:00:00,94.79800000,95.03500000,94.71500000,94.80600000,665785
OFZ 29025,W1,2026-03-29,00:00:00,95.04800000,95.20000000,94.68800000,94.90000000,307681
OFZ 29025,W1,2026-04-05,00:00:00,95.04900000,95.20000000,94.80000000,94.95600000,951395
OFZ 29025,W1,2026-04-12,00:00:00,95.01200000,95.04900000,94.80000000,94.99900000,784966
OFZ 29025,W1,2026-04-19,00:00:00,95.03900000,95.08700000,94.76100000,94.95400000,168152
OFZ 29025,W1,2026-04-26,00:00:00,94.88300000,95.11700000,94.80000000,94.96200000,740190
OFZ 29025,W1,2026-05-03,00:00:00,94.80200000,95.11700000,94.80200000,95.07000000,37507
OFZ 29025,W1,2026-05-10,00:00:00,95.11700000,95.11800000,94.82200000,94.94900000,541052
OFZ 29025,W1,2026-05-17,00:00:00,95.10900000,95.12200000,94.82100000,95.12100000,35663
OFZ 29025,W1,2026-05-24,00:00:00,95.10000000,95.13000000,94.82100000,95.12900000,922069
OFZ 29026,D1,2025-12-01,00:00:00,95.78300000,95.80000000,95.27000000,95.66600000,4416
OFZ 29026,D1,2025-12-02,00:00:00,95.72900000,95.74400000,95.39500000,95.60000000,5110
OFZ 29026,D1,2025-12-03,00:00:00,95.41000000,95.80000000,95.36500000,95.56200000,9956
OFZ 29026,D1,2025-12-04,00:00:00,95.53000000,95.77800000,94.91000000,95.22600000,6846
OFZ 29026,D1,2025-12-05,00:00:00,95.36800000,95.43900000,95.09500000,95.31200000,6255
OFZ 29026,D1,2025-12-08,00:00:00,95.35700000,95.42800000,95.03600000,95.35300000,92774
OFZ 29026,D1,2025-12-09,00:00:00,95.21100000,95.42300000,95.13500000,95.30100000,5888
OFZ 29026,D1,2025-12-10,00:00:00,95.34600000,95.35300000,95.14000000,95.34600000,3930
OFZ 29026,D1,2025-12-11,00:00:00,95.32600000,95.37500000,95.04000000,95.23200000,3699
OFZ 29026,D1,2025-12-12,00:00:00,95.22100000,95.37800000,95.15300000,95.37700000,11834
OFZ 29026,D1,2025-12-15,00:00:00,95.20300000,95.37900000,95.11500000,95.14800000,22965
OFZ 29026,D1,2025-12-16,00:00:00,95.34900000,95.51000000,95.19100000,95.19100000,2950
OFZ 29026,D1,2025-12-17,00:00:00,95.54600000,95.78600000,95.17700000,95.69900000,8633
OFZ 29026,D1,2025-12-18,00:00:00,95.72700000,95.78900000,95.44200000,95.60500000,4424
OFZ 29026,D1,2025-12-19,00:00:00,95.60200000,95.67500000,95.45000000,95.64000000,2008
OFZ 29026,D1,2025-12-22,00:00:00,95.69800000,95.69800000,95.40400000,95.59000000,2122
OFZ 29026,D1,2025-12-23,00:00:00,95.51200000,95.63600000,95.40000000,95.45800000,1843
OFZ 29026,D1,2025-12-24,00:00:00,95.40200000,95.60700000,95.40100000,95.54900000,13938
OFZ 29026,D1,2025-12-25,00:00:00,95.41700000,95.60000000,95.39100000,95.57400000,39159
OFZ 29026,D1,2025-12-26,00:00:00,95.52700000,95.91500000,95.43400000,95.74900000,104664
OFZ 29026,D1,2025-12-29,00:00:00,95.89100000,95.94900000,95.43700000,95.61100000,163140
OFZ 29026,D1,2025-12-30,00:00:00,95.64900000,96.10200000,95.29900000,95.57000000,1578357
OFZ 29026,D1,2026-01-05,00:00:00,95.55500000,96.15000000,95.20100000,96.15000000,3881
OFZ 29026,D1,2026-01-06,00:00:00,96.15000000,96.24900000,95.70100000,96.00000000,5025
OFZ 29026,D1,2026-01-08,00:00:00,96.00100000,96.25000000,95.24800000,95.90300000,5993
OFZ 29026,D1,2026-01-09,00:00:00,95.74600000,95.99900000,95.74100000,95.85100000,922
OFZ 29026,D1,2026-01-12,00:00:00,95.99100000,96.20000000,95.95000000,96.08400000,1889
OFZ 29026,D1,2026-01-13,00:00:00,96.24800000,96.25200000,95.63000000,95.63100000,2333
OFZ 29026,D1,2026-01-14,00:00:00,95.90200000,95.98900000,95.54600000,95.97900000,6388
OFZ 29026,D1,2026-01-15,00:00:00,95.99700000,96.06000000,95.81900000,95.87800000,1183
OFZ 29026,D1,2026-01-16,00:00:00,95.85500000,96.45200000,95.80000000,96.45200000,6545
OFZ 29026,D1,2026-01-19,00:00:00,96.08000000,96.80300000,95.60100000,95.80000000,6348
OFZ 29026,D1,2026-01-20,00:00:00,95.87600000,96.02900000,95.65000000,95.89500000,5024
OFZ 29026,D1,2026-01-21,00:00:00,95.86100000,95.99600000,95.70100000,95.70100000,1730
OFZ 29026,D1,2026-01-22,00:00:00,95.81800000,96.03900000,95.62000000,95.75000000,4266
OFZ 29026,D1,2026-01-23,00:00:00,95.88200000,95.98600000,95.50000000,95.75600000,7041
OFZ 29026,D1,2026-01-26,00:00:00,95.52100000,95.84800000,95.52100000,95.58100000,4470
OFZ 29026,D1,2026-01-27,00:00:00,95.70000000,95.84500000,95.45000000,95.77300000,9956
OFZ 29026,D1,2026-01-28,00:00:00,95.80700000,96.04800000,95.50200000,95.80500000,4718
OFZ 29026,D1,2026-01-29,00:00:00,95.97400000,96.04700000,95.46700000,95.58100000,4925
OFZ 29026,D1,2026-01-30,00:00:00,95.73500000,96.00100000,95.73500000,96.00000000,2489
OFZ 29026,D1,2026-02-02,00:00:00,96.19900000,96.27700000,95.75100000,96.04100000,2610
OFZ 29026,D1,2026-02-03,00:00:00,95.75400000,96.45000000,95.75000000,96.16200000,1769
OFZ 29026,D1,2026-02-04,00:00:00,96.33300000,96.44600000,95.81900000,96.28800000,1325
OFZ 29026,D1,2026-02-05,00:00:00,96.44000000,96.44000000,95.90500000,96.23000000,4942
OFZ 29026,D1,2026-02-06,00:00:00,96.26100000,96.39900000,95.70000000,95.96900000,2209
OFZ 29026,D1,2026-02-09,00:00:00,96.11400000,96.19600000,95.50100000,95.93900000,4617
OFZ 29026,D1,2026-02-10,00:00:00,95.93500000,95.93500000,95.51200000,95.92600000,1479
OFZ 29026,D1,2026-02-11,00:00:00,95.89900000,95.95800000,95.70800000,95.77700000,2328
OFZ 29026,D1,2026-02-12,00:00:00,95.90300000,95.97900000,95.75100000,95.95700000,1289
OFZ 29026,D1,2026-02-13,00:00:00,95.90100000,95.97800000,95.64000000,95.81700000,1773
OFZ 29026,D1,2026-02-16,00:00:00,95.82000000,96.13000000,95.53000000,95.93000000,3444
OFZ 29026,D1,2026-02-17,00:00:00,96.10300000,96.24500000,95.83000000,95.94100000,2391
OFZ 29026,D1,2026-02-18,00:00:00,95.99900000,96.21000000,95.85100000,96.21000000,1031
OFZ 29026,D1,2026-02-19,00:00:00,96.23900000,96.45100000,95.63000000,95.85400000,5268
OFZ 29026,D1,2026-02-20,00:00:00,96.00200000,96.21000000,95.70600000,96.21000000,1866
OFZ 29026,D1,2026-02-24,00:00:00,96.21100000,96.41200000,95.62100000,95.93300000,7254
OFZ 29026,D1,2026-02-25,00:00:00,95.93800000,95.99000000,95.60500000,95.71700000,15426
OFZ 29026,D1,2026-02-26,00:00:00,95.82100000,96.17400000,95.63000000,95.92500000,3730
OFZ 29026,D1,2026-02-27,00:00:00,96.10000000,96.50200000,95.75000000,96.15800000,5758
OFZ 29026,D1,2026-03-02,00:00:00,96.50000000,96.50000000,95.80100000,96.39900000,4208
OFZ 29026,D1,2026-03-03,00:00:00,96.47700000,96.49900000,95.93000000,96.21000000,3539
OFZ 29026,D1,2026-03-04,00:00:00,96.20900000,96.20900000,95.50000000,95.90500000,13386
OFZ 29026,D1,2026-03-05,00:00:00,95.89900000,95.89900000,95.65900000,95.88500000,7315
OFZ 29026,D1,2026-03-06,00:00:00,95.85900000,95.89900000,95.56100000,95.83100000,1810
OFZ 29026,D1,2026-03-09,00:00:00,95.65400000,95.95900000,95.54500000,95.95900000,1931
OFZ 29026,D1,2026-03-10,00:00:00,95.95900000,96.09000000,95.75000000,96.05900000,2812
OFZ 29026,D1,2026-03-11,00:00:00,96.02200000,96.02200000,95.69900000,95.98200000,2219
OFZ 29026,D1,2026-03-12,00:00:00,95.81700000,95.98600000,95.74000000,95.90400000,1698
OFZ 29026,D1,2026-03-13,00:00:00,95.90300000,95.96800000,95.74000000,95.96200000,1877
OFZ 29026,D1,2026-03-16,00:00:00,95.96200000,96.32700000,95.73200000,96.16000000,3022
OFZ 29026,D1,2026-03-17,00:00:00,95.90300000,96.44300000,95.90000000,96.12700000,1708
OFZ 29026,D1,2026-03-18,00:00:00,95.95100000,96.12700000,95.90100000,96.09900000,1898
OFZ 29026,D1,2026-03-19,00:00:00,96.08800000,96.08800000,95.74100000,95.87100000,3160
OFZ 29026,D1,2026-03-20,00:00:00,95.87100000,96.09500000,95.81000000,96.01200000,995
OFZ 29026,D1,2026-03-23,00:00:00,95.96700000,96.10700000,95.85600000,95.85600000,763
OFZ 29026,D1,2026-03-24,00:00:00,95.81000000,96.01800000,95.80100000,95.85100000,4851
OFZ 29026,D1,2026-03-25,00:00:00,96.01600000,96.29000000,95.79400000,96.16800000,2154
OFZ 29026,D1,2026-03-26,00:00:00,96.36700000,96.50200000,95.87100000,96.49900000,2913
OFZ 29026,D1,2026-03-27,00:00:00,96.30000000,96.54000000,96.12500000,96.53100000,1336
OFZ 29026,D1,2026-03-28,00:00:00,96.55800000,96.55800000,96.14100000,96.39000000,51
OFZ 29026,D1,2026-03-29,00:00:00,96.39400000,96.42200000,96.10000000,96.15000000,1157
OFZ 29026,D1,2026-03-30,00:00:00,96.55800000,96.55800000,96.00000000,96.29900000,2431
OFZ 29026,D1,2026-03-31,00:00:00,96.33100000,96.55000000,96.06200000,96.48900000,6766
OFZ 29026,D1,2026-04-01,00:00:00,96.48900000,96.55000000,96.19100000,96.30000000,1350
OFZ 29026,D1,2026-04-02,00:00:00,96.39800000,96.55000000,96.16400000,96.52600000,4679
OFZ 29026,D1,2026-04-03,00:00:00,96.55500000,96.60000000,96.40200000,96.60000000,3430
OFZ 29026,D1,2026-04-04,00:00:00,96.61000000,96.61600000,96.40300000,96.61500000,587
OFZ 29026,D1,2026-04-05,00:00:00,96.61500000,96.61600000,96.10100000,96.61500000,222
OFZ 29026,D1,2026-04-06,00:00:00,96.61000000,96.62300000,96.10100000,96.50000000,3052
OFZ 29026,D1,2026-04-07,00:00:00,96.47600000,96.53600000,96.27000000,96.35100000,696
OFZ 29026,D1,2026-04-08,00:00:00,96.62200000,96.62300000,96.23200000,96.55400000,945
OFZ 29026,D1,2026-04-09,00:00:00,96.28100000,96.65000000,96.28100000,96.44900000,963
OFZ 29026,D1,2026-04-10,00:00:00,96.62300000,96.70000000,96.39100000,96.53400000,2662
OFZ 29026,D1,2026-04-11,00:00:00,96.41400000,96.69800000,96.41100000,96.69500000,163
OFZ 29026,D1,2026-04-12,00:00:00,96.69400000,96.69500000,96.45400000,96.69400000,240
OFZ 29026,D1,2026-04-13,00:00:00,96.41400000,96.71400000,96.10000000,96.24800000,2401
OFZ 29026,D1,2026-04-14,00:00:00,96.33600000,96.53800000,96.20100000,96.48800000,698
OFZ 29026,D1,2026-04-15,00:00:00,96.47100000,96.48800000,96.21100000,96.48800000,564
OFZ 29026,D1,2026-04-16,00:00:00,96.48700000,96.60000000,96.15000000,96.15900000,1483
OFZ 29026,D1,2026-04-17,00:00:00,96.44400000,96.44400000,96.08500000,96.10400000,2004
OFZ 29026,D1,2026-04-18,00:00:00,96.22400000,96.44300000,96.22400000,96.44300000,661
OFZ 29026,D1,2026-04-19,00:00:00,96.28300000,96.42000000,96.24800000,96.42000000,245
OFZ 29026,D1,2026-04-20,00:00:00,96.22400000,96.70000000,96.22400000,96.69500000,3369
OFZ 29026,D1,2026-04-21,00:00:00,96.69500000,96.70000000,96.30700000,96.50800000,2362
OFZ 29026,D1,2026-04-22,00:00:00,96.50900000,96.53900000,96.13000000,96.49900000,1824
OFZ 29026,D1,2026-04-23,00:00:00,96.49600000,96.49600000,96.10000000,96.46800000,7674
OFZ 29026,D1,2026-04-24,00:00:00,96.23200000,96.48500000,96.12000000,96.46800000,1977
OFZ 29026,D1,2026-04-25,00:00:00,96.12600000,96.52500000,96.12200000,96.47500000,352
OFZ 29026,D1,2026-04-26,00:00:00,96.58400000,96.59500000,96.15900000,96.16200000,450
OFZ 29026,D1,2026-04-27,00:00:00,96.12600000,96.59500000,96.12000000,96.39900000,1730
OFZ 29026,D1,2026-04-28,00:00:00,96.40900000,96.54000000,96.13800000,96.33000000,9987
OFZ 29026,D1,2026-04-29,00:00:00,96.46800000,96.69000000,96.13800000,96.29900000,2576
OFZ 29026,D1,2026-04-30,00:00:00,96.29900000,96.40400000,96.15000000,96.40400000,1999
OFZ 29026,D1,2026-05-02,00:00:00,96.21300000,96.38600000,96.16200000,96.38600000,519
OFZ 29026,D1,2026-05-03,00:00:00,96.38500000,96.40900000,96.30100000,96.40800000,523
OFZ 29026,D1,2026-05-04,00:00:00,96.40200000,96.40900000,96.16200000,96.39800000,2443
OFZ 29026,D1,2026-05-05,00:00:00,96.39800000,96.39800000,96.13900000,96.32200000,3718
OFZ 29026,D1,2026-05-06,00:00:00,96.21000000,96.32700000,96.10000000,96.18900000,820
OFZ 29026,D1,2026-05-07,00:00:00,96.13400000,96.28000000,96.13400000,96.24700000,833
OFZ 29026,D1,2026-05-08,00:00:00,96.26400000,96.40000000,96.11700000,96.40000000,1163
OFZ 29026,D1,2026-05-11,00:00:00,96.12000000,96.53900000,96.12000000,96.49900000,1534
OFZ 29026,D1,2026-05-12,00:00:00,96.53600000,96.53900000,96.17300000,96.17300000,1680
OFZ 29026,D1,2026-05-13,00:00:00,96.52900000,96.53300000,96.20000000,96.47700000,745
OFZ 29026,D1,2026-05-14,00:00:00,96.49600000,96.53900000,96.18700000,96.53900000,2909
OFZ 29026,D1,2026-05-15,00:00:00,96.28700000,96.53900000,96.28700000,96.41200000,1087
OFZ 29026,D1,2026-05-16,00:00:00,96.53900000,96.53900000,96.30500000,96.53000000,337
OFZ 29026,D1,2026-05-17,00:00:00,96.53700000,96.53900000,96.36400000,96.36400000,74
OFZ 29026,D1,2026-05-18,00:00:00,96.53900000,96.53900000,96.30000000,96.40100000,251846
OFZ 29026,D1,2026-05-19,00:00:00,96.40100000,96.53600000,96.16300000,96.42500000,1603
OFZ 29026,D1,2026-05-20,00:00:00,96.16300000,96.39000000,95.80000000,96.16100000,1393
OFZ 29026,D1,2026-05-21,00:00:00,96.39900000,96.42000000,96.05000000,96.41900000,7889
OFZ 29026,D1,2026-05-22,00:00:00,96.34900000,96.42100000,96.00000000,96.38600000,159706
OFZ 29026,D1,2026-05-23,00:00:00,96.20800000,96.53900000,96.07700000,96.53900000,566
OFZ 29026,D1,2026-05-24,00:00:00,96.53900000,96.55000000,96.43000000,96.55000000,408
OFZ 29026,D1,2026-05-25,00:00:00,96.20800000,96.57000000,96.07700000,96.53800000,3642
OFZ 29026,D1,2026-05-26,00:00:00,96.53800000,96.70000000,96.14300000,96.41000000,3854
OFZ 29026,D1,2026-05-27,00:00:00,96.20200000,96.45000000,96.20000000,96.45000000,102683
OFZ 29026,D1,2026-05-28,00:00:00,96.44900000,96.55000000,96.16000000,96.41300000,3192
OFZ 29026,D1,2026-05-29,00:00:00,96.35500000,96.45000000,96.15000000,96.45000000,2010
OFZ 29026,D1,2026-05-30,00:00:00,96.46000000,96.74200000,96.20300000,96.50000000,205
OFZ 29026,D1,2026-05-31,00:00:00,96.50000000,96.55000000,96.37100000,96.54900000,265
OFZ 29026,MN1,2025-12-31,00:00:00,95.78300000,96.10200000,94.91000000,95.57000000,2094911
OFZ 29026,MN1,2026-01-31,00:00:00,95.55500000,96.80300000,95.20100000,96.00000000,85126
OFZ 29026,MN1,2026-02-28,00:00:00,96.19900000,96.50200000,95.50100000,96.15800000,70509
OFZ 29026,MN1,2026-03-31,00:00:00,96.50000000,96.55800000,95.50000000,96.48900000,74000
OFZ 29026,MN1,2026-04-30,00:00:00,96.48900000,96.71400000,96.08500000,96.40400000,61345
OFZ 29026,W1,2025-12-07,00:00:00,95.78300000,95.80000000,94.91000000,95.31200000,32583
OFZ 29026,W1,2025-12-14,00:00:00,95.35700000,95.42800000,95.03600000,95.37700000,118125
OFZ 29026,W1,2025-12-21,00:00:00,95.20300000,95.78900000,95.11500000,95.64000000,40980
OFZ 29026,W1,2025-12-28,00:00:00,95.69800000,95.91500000,95.39100000,95.74900000,161726
OFZ 29026,W1,2026-01-04,00:00:00,95.89100000,96.10200000,95.29900000,95.57000000,1741497
OFZ 29026,W1,2026-01-11,00:00:00,95.55500000,96.25000000,95.20100000,95.85100000,15821
OFZ 29026,W1,2026-01-18,00:00:00,95.99100000,96.45200000,95.54600000,96.45200000,18338
OFZ 29026,W1,2026-01-25,00:00:00,96.08000000,96.80300000,95.50000000,95.75600000,24409
OFZ 29026,W1,2026-02-01,00:00:00,95.52100000,96.04800000,95.45000000,96.00000000,26558
OFZ 29026,W1,2026-02-08,00:00:00,96.19900000,96.45000000,95.70000000,95.96900000,12855
OFZ 29026,W1,2026-02-15,00:00:00,96.11400000,96.19600000,95.50100000,95.81700000,11486
OFZ 29026,W1,2026-02-22,00:00:00,95.82000000,96.45100000,95.53000000,96.21000000,14000
OFZ 29026,W1,2026-03-01,00:00:00,96.21100000,96.50200000,95.60500000,96.15800000,32168
OFZ 29026,W1,2026-03-08,00:00:00,96.50000000,96.50000000,95.50000000,95.83100000,30258
OFZ 29026,W1,2026-03-15,00:00:00,95.65400000,96.09000000,95.54500000,95.96200000,10537
OFZ 29026,W1,2026-03-22,00:00:00,95.96200000,96.44300000,95.73200000,96.01200000,10783
OFZ 29026,W1,2026-03-29,00:00:00,95.96700000,96.55800000,95.79400000,96.15000000,13225
OFZ 29026,W1,2026-04-05,00:00:00,96.55800000,96.61600000,96.00000000,96.61500000,19465
OFZ 29026,W1,2026-04-12,00:00:00,96.61000000,96.70000000,96.10100000,96.69400000,8721
OFZ 29026,W1,2026-04-19,00:00:00,96.41400000,96.71400000,96.08500000,96.42000000,8056
OFZ 29026,W1,2026-04-26,00:00:00,96.22400000,96.70000000,96.10000000,96.16200000,18008
OFZ 29026,W1,2026-05-03,00:00:00,96.12600000,96.69000000,96.12000000,96.40800000,17334
OFZ 29026,W1,2026-05-10,00:00:00,96.40200000,96.40900000,96.10000000,96.40000000,8977
OFZ 29026,W1,2026-05-17,00:00:00,96.12000000,96.53900000,96.12000000,96.36400000,8366
OFZ 29026,W1,2026-05-24,00:00:00,96.53900000,96.55000000,95.80000000,96.55000000,423411
OFZ 29027,D1,2025-12-01,00:00:00,95.06600000,95.14800000,94.85100000,95.11100000,4788
OFZ 29027,D1,2025-12-02,00:00:00,95.20600000,95.57900000,94.94400000,95.26800000,8698
OFZ 29027,D1,2025-12-03,00:00:00,95.12800000,95.55800000,95.02100000,95.20000000,154489
OFZ 29027,D1,2025-12-04,00:00:00,95.46200000,95.55500000,95.21200000,95.34500000,279981
OFZ 29027,D1,2025-12-05,00:00:00,95.45900000,95.54900000,95.13000000,95.40200000,77874
OFZ 29027,D1,2025-12-08,00:00:00,95.46700000,96.00000000,95.25200000,95.34500000,178722
OFZ 29027,D1,2025-12-09,00:00:00,95.35700000,95.55500000,95.29800000,95.50100000,417889
OFZ 29027,D1,2025-12-10,00:00:00,95.60200000,95.65000000,95.39700000,95.65000000,73169
OFZ 29027,D1,2025-12-11,00:00:00,95.55800000,95.73800000,95.43800000,95.58900000,282799
OFZ 29027,D1,2025-12-12,00:00:00,95.51800000,95.79900000,95.35800000,95.76200000,198909
OFZ 29027,D1,2025-12-15,00:00:00,95.76200000,96.10000000,95.48200000,95.70000000,77615
OFZ 29027,D1,2025-12-16,00:00:00,95.81400000,95.94000000,95.64000000,95.72400000,17360
OFZ 29027,D1,2025-12-17,00:00:00,95.88500000,95.97400000,95.67600000,95.80100000,13184
OFZ 29027,D1,2025-12-18,00:00:00,95.66800000,96.10000000,95.64400000,95.88000000,12977
OFZ 29027,D1,2025-12-19,00:00:00,95.89700000,96.00200000,95.56100000,95.63900000,36099
OFZ 29027,D1,2025-12-22,00:00:00,95.63900000,96.00000000,95.51100000,95.67200000,72062
OFZ 29027,D1,2025-12-23,00:00:00,95.51600000,96.04800000,95.51000000,95.71300000,26827
OFZ 29027,D1,2025-12-24,00:00:00,95.97100000,96.05900000,95.36200000,95.79400000,47528
OFZ 29027,D1,2025-12-25,00:00:00,95.79400000,95.86200000,95.63000000,95.75200000,14252
OFZ 29027,D1,2025-12-26,00:00:00,95.82100000,95.97900000,95.74100000,95.86700000,260246
OFZ 29027,D1,2025-12-29,00:00:00,95.76100000,95.95400000,95.00000000,95.40500000,161776
OFZ 29027,D1,2025-12-30,00:00:00,95.39900000,95.78700000,95.24700000,95.76800000,128528
OFZ 29027,D1,2026-01-05,00:00:00,95.31500000,95.99700000,95.30400000,95.90000000,4375
OFZ 29027,D1,2026-01-06,00:00:00,95.99900000,96.49800000,95.76500000,95.92100000,2098
OFZ 29027,D1,2026-01-08,00:00:00,95.92100000,96.49600000,95.87600000,96.19000000,1518
OFZ 29027,D1,2026-01-09,00:00:00,96.14200000,96.26000000,95.82100000,95.82500000,2195
OFZ 29027,D1,2026-01-12,00:00:00,96.29400000,96.29400000,95.62200000,95.66700000,15458
OFZ 29027,D1,2026-01-13,00:00:00,95.98300000,95.98300000,94.11900000,95.74900000,26900
OFZ 29027,D1,2026-01-14,00:00:00,95.75000000,95.84700000,94.55000000,95.67100000,24206
OFZ 29027,D1,2026-01-15,00:00:00,95.71900000,95.81600000,95.58900000,95.77100000,16902
OFZ 29027,D1,2026-01-16,00:00:00,95.76900000,95.81800000,95.65600000,95.70000000,7152
OFZ 29027,D1,2026-01-19,00:00:00,95.70100000,96.12600000,95.56100000,95.73500000,18889
OFZ 29027,D1,2026-01-20,00:00:00,95.80900000,96.39400000,95.50000000,95.69400000,10806
OFZ 29027,D1,2026-01-21,00:00:00,95.67700000,95.76100000,95.52000000,95.54200000,8712
OFZ 29027,D1,2026-01-22,00:00:00,95.73400000,95.75000000,95.50000000,95.69400000,11514
OFZ 29027,D1,2026-01-23,00:00:00,95.67500000,95.78300000,95.57300000,95.69400000,7518
OFZ 29027,D1,2026-01-26,00:00:00,96.08700000,96.08700000,95.44900000,95.71700000,437720
OFZ 29027,D1,2026-01-27,00:00:00,95.71400000,95.98300000,95.50000000,95.54200000,12527
OFZ 29027,D1,2026-01-28,00:00:00,95.68800000,96.00000000,95.16000000,95.71700000,200083
OFZ 29027,D1,2026-01-29,00:00:00,95.96900000,95.96900000,95.76100000,95.76200000,12748
OFZ 29027,D1,2026-01-30,00:00:00,95.96600000,95.96600000,95.74100000,95.84400000,18339
OFZ 29027,D1,2026-02-02,00:00:00,95.96900000,95.98900000,95.74600000,95.80000000,61608
OFZ 29027,D1,2026-02-03,00:00:00,95.91500000,95.92300000,95.78600000,95.84200000,1671422
OFZ 29027,D1,2026-02-04,00:00:00,95.98300000,98.19000000,95.79700000,95.91400000,14100
OFZ 29027,D1,2026-02-05,00:00:00,96.01600000,96.03600000,95.81200000,95.93600000,1572
OFZ 29027,D1,2026-02-06,00:00:00,96.37500000,96.37500000,95.50000000,95.87100000,5367
OFZ 29027,D1,2026-02-09,00:00:00,95.50100000,97.88500000,95.26200000,95.95000000,21139
OFZ 29027,D1,2026-02-10,00:00:00,95.95000000,96.00000000,95.93100000,95.95000000,7321
OFZ 29027,D1,2026-02-11,00:00:00,95.99900000,95.99900000,95.84100000,95.94800000,6392
OFZ 29027,D1,2026-02-12,00:00:00,95.99500000,96.02400000,95.70200000,95.80200000,7477
OFZ 29027,D1,2026-02-13,00:00:00,96.00400000,96.11900000,95.70100000,95.91000000,8712
OFZ 29027,D1,2026-02-16,00:00:00,95.95000000,96.17500000,95.56000000,95.82000000,17309
OFZ 29027,D1,2026-02-17,00:00:00,95.94600000,95.94900000,95.80700000,95.85000000,208974
OFZ 29027,D1,2026-02-18,00:00:00,95.94800000,95.94800000,95.81000000,95.88000000,308634
OFZ 29027,D1,2026-02-19,00:00:00,95.94200000,95.94800000,95.66200000,95.69000000,8414
OFZ 29027,D1,2026-02-20,00:00:00,95.90400000,95.90400000,95.76200000,95.80000000,2937
OFZ 29027,D1,2026-02-24,00:00:00,95.86800000,96.44200000,95.66400000,95.75000000,116664
OFZ 29027,D1,2026-02-25,00:00:00,95.85300000,96.00000000,95.60200000,95.69900000,13710
OFZ 29027,D1,2026-02-26,00:00:00,95.81900000,95.85400000,95.74000000,95.79900000,1452
OFZ 29027,D1,2026-02-27,00:00:00,95.79900000,95.87000000,95.73900000,95.74900000,2664
OFZ 29027,D1,2026-03-02,00:00:00,95.76600000,96.04900000,95.59900000,95.59900000,8277
OFZ 29027,D1,2026-03-03,00:00:00,95.81500000,96.20700000,95.57700000,95.57900000,213760
OFZ 29027,D1,2026-03-04,00:00:00,95.76600000,95.77000000,95.50000000,95.54800000,386704
OFZ 29027,D1,2026-03-05,00:00:00,95.54800000,95.82000000,95.48900000,95.61700000,506554
OFZ 29027,D1,2026-03-06,00:00:00,95.70700000,95.99900000,95.48500000,95.48700000,11498
OFZ 29027,D1,2026-03-09,00:00:00,95.65600000,95.94500000,95.54900000,95.67900000,12133
OFZ 29027,D1,2026-03-10,00:00:00,95.74100000,95.74100000,95.45000000,95.52700000,17262
OFZ 29027,D1,2026-03-11,00:00:00,95.74000000,95.77900000,95.50000000,95.56400000,21620
OFZ 29027,D1,2026-03-12,00:00:00,95.56400000,95.74900000,95.45000000,95.70800000,14736
OFZ 29027,D1,2026-03-13,00:00:00,95.68900000,95.84900000,95.45500000,95.84900000,775665
OFZ 29027,D1,2026-03-16,00:00:00,95.80000000,95.93000000,95.51500000,95.84900000,10164
OFZ 29027,D1,2026-03-17,00:00:00,95.80000000,95.86500000,95.75100000,95.81500000,5100
OFZ 29027,D1,2026-03-18,00:00:00,95.80000000,95.85700000,95.66800000,95.78000000,20171
OFZ 29027,D1,2026-03-19,00:00:00,95.78000000,95.85000000,95.65800000,95.75400000,33861
OFZ 29027,D1,2026-03-20,00:00:00,95.66000000,96.00400000,95.66000000,96.00400000,319063
OFZ 29027,D1,2026-03-23,00:00:00,96.00500000,96.03300000,95.82000000,95.99800000,202162
OFZ 29027,D1,2026-03-24,00:00:00,95.93000000,96.12000000,95.71100000,96.00900000,596027
OFZ 29027,D1,2026-03-25,00:00:00,96.00900000,96.13700000,96.00900000,96.10000000,2178215
OFZ 29027,D1,2026-03-26,00:00:00,96.14900000,96.35300000,95.60000000,96.28200000,1162329
OFZ 29027,D1,2026-03-27,00:00:00,96.34200000,96.37100000,96.11700000,96.14900000,1994995
OFZ 29027,D1,2026-03-28,00:00:00,96.15000000,96.28000000,95.95100000,96.06300000,1108
OFZ 29027,D1,2026-03-29,00:00:00,96.18900000,96.18900000,95.85500000,96.11700000,1396
OFZ 29027,D1,2026-03-30,00:00:00,96.15000000,96.39900000,95.85500000,96.32800000,20959
OFZ 29027,D1,2026-03-31,00:00:00,96.41000000,96.52100000,96.01000000,96.42600000,1492560
OFZ 29027,D1,2026-04-01,00:00:00,96.23800000,96.79000000,96.18200000,96.38700000,202917
OFZ 29027,D1,2026-04-02,00:00:00,96.53700000,96.53700000,96.16000000,96.16000000,254288
OFZ 29027,D1,2026-04-03,00:00:00,96.04600000,96.24900000,96.04600000,96.24200000,7916
OFZ 29027,D1,2026-04-04,00:00:00,96.46100000,96.46100000,95.90500000,96.28300000,584
OFZ 29027,D1,2026-04-05,00:00:00,96.27000000,96.27700000,95.90100000,96.09000000,267
OFZ 29027,D1,2026-04-06,00:00:00,96.46100000,96.46100000,95.90100000,96.34900000,23455
OFZ 29027,D1,2026-04-07,00:00:00,96.25700000,96.55400000,96.10000000,96.19700000,3525
OFZ 29027,D1,2026-04-08,00:00:00,96.29000000,96.29900000,96.05300000,96.28100000,3006
OFZ 29027,D1,2026-04-09,00:00:00,96.20000000,96.31000000,96.10100000,96.24700000,2748
OFZ 29027,D1,2026-04-10,00:00:00,96.08600000,96.49000000,96.08500000,96.22100000,1055
OFZ 29027,D1,2026-04-11,00:00:00,96.16700000,96.54400000,96.16700000,96.46900000,208
OFZ 29027,D1,2026-04-12,00:00:00,96.67900000,96.67900000,96.09800000,96.09800000,439
OFZ 29027,D1,2026-04-13,00:00:00,96.16700000,96.67900000,96.09800000,96.10000000,11222
OFZ 29027,D1,2026-04-14,00:00:00,96.15800000,96.42400000,96.00100000,96.01000000,11578
OFZ 29027,D1,2026-04-15,00:00:00,96.11500000,96.28800000,96.00900000,96.28800000,5031
OFZ 29027,D1,2026-04-16,00:00:00,96.22100000,96.45000000,96.21000000,96.33800000,8222
OFZ 29027,D1,2026-04-17,00:00:00,96.64000000,96.64000000,96.22400000,96.25600000,50424
OFZ 29027,D1,2026-04-18,00:00:00,96.56500000,96.56500000,96.20300000,96.35100000,195
OFZ 29027,D1,2026-04-19,00:00:00,96.55000000,96.55000000,96.35100000,96.35100000,191
OFZ 29027,D1,2026-04-20,00:00:00,96.56500000,96.56500000,96.20300000,96.29500000,3543
OFZ 29027,D1,2026-04-21,00:00:00,96.20800000,96.55700000,96.10900000,96.11600000,36959
OFZ 29027,D1,2026-04-22,00:00:00,96.31300000,96.34800000,95.92000000,95.92000000,59068
OFZ 29027,D1,2026-04-23,00:00:00,96.26800000,96.31600000,95.53200000,96.31600000,964292
OFZ 29027,D1,2026-04-24,00:00:00,96.19200000,96.31100000,96.00000000,96.13000000,6611
OFZ 29027,D1,2026-04-25,00:00:00,96.00900000,96.30400000,96.00000000,96.29000000,1726
OFZ 29027,D1,2026-04-26,00:00:00,96.28900000,96.29100000,96.15000000,96.15000000,215
OFZ 29027,D1,2026-04-27,00:00:00,96.00900000,96.30400000,96.00000000,96.19100000,4684
OFZ 29027,D1,2026-04-28,00:00:00,96.24400000,96.26000000,96.00100000,96.00100000,7708
OFZ 29027,D1,2026-04-29,00:00:00,96.24700000,96.24700000,96.01300000,96.15400000,3895
OFZ 29027,D1,2026-04-30,00:00:00,96.01600000,96.25000000,96.01600000,96.14600000,1807
OFZ 29027,D1,2026-05-02,00:00:00,96.23300000,96.42900000,96.23300000,96.39200000,586
OFZ 29027,D1,2026-05-03,00:00:00,96.39200000,96.39200000,96.17500000,96.23200000,220
OFZ 29027,D1,2026-05-04,00:00:00,96.23000000,96.42900000,96.01400000,96.32000000,8211
OFZ 29027,D1,2026-05-05,00:00:00,96.34800000,96.40500000,96.17000000,96.30000000,7340
OFZ 29027,D1,2026-05-06,00:00:00,96.30000000,96.44900000,95.96100000,96.00000000,106139
OFZ 29027,D1,2026-05-07,00:00:00,96.20900000,96.20900000,95.92000000,95.99500000,12709
OFZ 29027,D1,2026-05-08,00:00:00,96.19500000,96.19900000,96.04900000,96.18400000,1052
OFZ 29027,D1,2026-05-11,00:00:00,96.18400000,96.21300000,95.80000000,96.08500000,3110
OFZ 29027,D1,2026-05-12,00:00:00,96.06100000,96.18000000,95.90700000,96.17400000,1694
OFZ 29027,D1,2026-05-13,00:00:00,96.25000000,96.33000000,95.93700000,96.27300000,2546
OFZ 29027,D1,2026-05-14,00:00:00,96.27300000,96.27300000,95.95900000,96.19800000,1221
OFZ 29027,D1,2026-05-15,00:00:00,96.19000000,96.19800000,96.09800000,96.18900000,6673
OFZ 29027,D1,2026-05-16,00:00:00,96.36400000,96.36600000,96.01500000,96.14000000,199
OFZ 29027,D1,2026-05-17,00:00:00,96.13900000,96.22700000,96.10200000,96.11400000,110
OFZ 29027,D1,2026-05-18,00:00:00,96.36400000,96.36600000,96.01500000,96.18600000,3042
OFZ 29027,D1,2026-05-19,00:00:00,96.10000000,96.49700000,96.10000000,96.18300000,1855
OFZ 29027,D1,2026-05-20,00:00:00,96.10000000,96.19900000,95.96000000,95.96000000,8782
OFZ 29027,D1,2026-05-21,00:00:00,96.00000000,96.10500000,95.81000000,96.07400000,59292
OFZ 29027,D1,2026-05-22,00:00:00,96.05200000,96.14200000,95.85100000,96.13100000,4943
OFZ 29027,D1,2026-05-23,00:00:00,96.00300000,96.21800000,96.00100000,96.16200000,393
OFZ 29027,D1,2026-05-24,00:00:00,96.16100000,96.16600000,95.90100000,96.16300000,412
OFZ 29027,D1,2026-05-25,00:00:00,96.00300000,96.21800000,95.90100000,96.10500000,6815
OFZ 29027,D1,2026-05-26,00:00:00,96.12800000,96.13200000,95.98000000,95.98000000,7217
OFZ 29027,D1,2026-05-27,00:00:00,95.98000000,96.24800000,95.98000000,96.10000000,10627
OFZ 29027,D1,2026-05-28,00:00:00,96.10000000,96.32500000,96.05000000,96.14000000,8836
OFZ 29027,D1,2026-05-29,00:00:00,96.05600000,96.18900000,95.96200000,96.17200000,2654
OFZ 29027,D1,2026-05-30,00:00:00,96.19800000,96.19900000,96.07900000,96.09200000,437
OFZ 29027,D1,2026-05-31,00:00:00,96.19900000,96.30200000,95.98100000,96.28000000,682
OFZ 29027,MN1,2025-12-31,00:00:00,95.06600000,96.10000000,94.85100000,95.76800000,2545772
OFZ 29027,MN1,2026-01-31,00:00:00,95.31500000,96.49800000,94.11900000,95.84400000,839660
OFZ 29027,MN1,2026-02-28,00:00:00,95.96900000,98.19000000,95.26200000,95.74900000,2485868
OFZ 29027,MN1,2026-03-31,00:00:00,95.76600000,96.52100000,95.45000000,96.42600000,10006319
OFZ 29027,MN1,2026-04-30,00:00:00,96.23800000,96.79000000,95.53200000,96.14600000,1677779
OFZ 29027,W1,2025-12-07,00:00:00,95.06600000,95.57900000,94.85100000,95.40200000,525830
OFZ 29027,W1,2025-12-14,00:00:00,95.46700000,96.00000000,95.25200000,95.76200000,1151488
OFZ 29027,W1,2025-12-21,00:00:00,95.76200000,96.10000000,95.48200000,95.63900000,157235
OFZ 29027,W1,2025-12-28,00:00:00,95.63900000,96.05900000,95.36200000,95.86700000,420915
OFZ 29027,W1,2026-01-04,00:00:00,95.76100000,95.95400000,95.00000000,95.76800000,290304
OFZ 29027,W1,2026-01-11,00:00:00,95.31500000,96.49800000,95.30400000,95.82500000,10186
OFZ 29027,W1,2026-01-18,00:00:00,96.29400000,96.29400000,94.11900000,95.70000000,90618
OFZ 29027,W1,2026-01-25,00:00:00,95.70100000,96.39400000,95.50000000,95.69400000,57439
OFZ 29027,W1,2026-02-01,00:00:00,96.08700000,96.08700000,95.16000000,95.84400000,681417
OFZ 29027,W1,2026-02-08,00:00:00,95.96900000,98.19000000,95.50000000,95.87100000,1754069
OFZ 29027,W1,2026-02-15,00:00:00,95.50100000,97.88500000,95.26200000,95.91000000,51041
OFZ 29027,W1,2026-02-22,00:00:00,95.95000000,96.17500000,95.56000000,95.80000000,546268
OFZ 29027,W1,2026-03-01,00:00:00,95.86800000,96.44200000,95.60200000,95.74900000,134490
OFZ 29027,W1,2026-03-08,00:00:00,95.76600000,96.20700000,95.48500000,95.48700000,1126793
OFZ 29027,W1,2026-03-15,00:00:00,95.65600000,95.94500000,95.45000000,95.84900000,841416
OFZ 29027,W1,2026-03-22,00:00:00,95.80000000,96.00400000,95.51500000,96.00400000,388359
OFZ 29027,W1,2026-03-29,00:00:00,96.00500000,96.37100000,95.60000000,96.11700000,6136232
OFZ 29027,W1,2026-04-05,00:00:00,96.15000000,96.79000000,95.85500000,96.09000000,1979491
OFZ 29027,W1,2026-04-12,00:00:00,96.46100000,96.67900000,95.90100000,96.09800000,34436
OFZ 29027,W1,2026-04-19,00:00:00,96.16700000,96.67900000,96.00100000,96.35100000,86863
OFZ 29027,W1,2026-04-26,00:00:00,96.56500000,96.56500000,95.53200000,96.15000000,1072414
OFZ 29027,W1,2026-05-03,00:00:00,96.00900000,96.42900000,96.00000000,96.23200000,18900
OFZ 29027,W1,2026-05-10,00:00:00,96.23000000,96.44900000,95.92000000,96.18400000,135451
OFZ 29027,W1,2026-05-17,00:00:00,96.18400000,96.36600000,95.80000000,96.11400000,15553
OFZ 29027,W1,2026-05-24,00:00:00,96.36400000,96.49700000,95.81000000,96.16300000,78719
OFZ 29028,D1,2025-12-01,00:00:00,94.10100000,94.15000000,94.00000000,94.13800000,817
OFZ 29028,D1,2025-12-02,00:00:00,94.18900000,94.27000000,94.05000000,94.15000000,1190
OFZ 29028,D1,2025-12-03,00:00:00,94.48400000,94.49700000,94.10000000,94.14900000,27054
OFZ 29028,D1,2025-12-04,00:00:00,94.27300000,94.40400000,94.07000000,94.14900000,5349
OFZ 29028,D1,2025-12-05,00:00:00,94.41700000,94.41700000,94.00000000,94.09500000,237458
OFZ 29028,D1,2025-12-08,00:00:00,94.18400000,94.35900000,94.00200000,94.00500000,101098
OFZ 29028,D1,2025-12-09,00:00:00,94.36900000,94.37000000,94.10000000,94.12000000,424661
OFZ 29028,D1,2025-12-10,00:00:00,94.12800000,94.49900000,94.00000000,94.40000000,13834234
OFZ 29028,D1,2025-12-11,00:00:00,94.30800000,94.69800000,94.27900000,94.40900000,640
OFZ 29028,D1,2025-12-12,00:00:00,94.38400000,94.40000000,94.35100000,94.35500000,1219
OFZ 29028,D1,2025-12-15,00:00:00,94.36200000,94.49600000,94.20600000,94.42800000,12814
OFZ 29028,D1,2025-12-16,00:00:00,94.72100000,94.72100000,94.32400000,94.38900000,1208
OFZ 29028,D1,2025-12-17,00:00:00,94.36500000,94.49600000,94.30200000,94.35000000,1006
OFZ 29028,D1,2025-12-18,00:00:00,94.48000000,94.73500000,94.30000000,94.47600000,808
OFZ 29028,D1,2025-12-19,00:00:00,94.41300000,94.74100000,94.27900000,94.44800000,11225
OFZ 29028,D1,2025-12-22,00:00:00,94.66600000,94.79600000,94.30000000,94.39800000,4133
OFZ 29028,D1,2025-12-23,00:00:00,94.45100000,94.55400000,94.20000000,94.20100000,549539
OFZ 29028,D1,2025-12-24,00:00:00,94.70300000,94.79800000,94.30000000,94.45300000,883429
OFZ 29028,D1,2025-12-25,00:00:00,94.46100000,94.48000000,94.20500000,94.39000000,1603486
OFZ 29028,D1,2025-12-26,00:00:00,94.67100000,94.71900000,94.20500000,94.39700000,119315
OFZ 29028,D1,2025-12-29,00:00:00,94.54300000,94.72500000,94.18200000,94.37900000,31133
OFZ 29028,D1,2025-12-30,00:00:00,94.71600000,94.74700000,93.50000000,94.19900000,287267
OFZ 29028,D1,2026-01-05,00:00:00,94.47400000,97.75500000,94.22900000,95.33900000,1645
OFZ 29028,D1,2026-01-06,00:00:00,95.26500000,95.53900000,94.45000000,94.95000000,7003
OFZ 29028,D1,2026-01-08,00:00:00,94.94800000,95.57900000,94.63000000,94.79200000,927
OFZ 29028,D1,2026-01-09,00:00:00,94.50000000,95.53900000,94.50000000,94.72300000,1510
OFZ 29028,D1,2026-01-12,00:00:00,94.72300000,94.82500000,94.30100000,94.48900000,11097
OFZ 29028,D1,2026-01-13,00:00:00,94.53600000,94.53600000,94.21500000,94.26500000,1109
OFZ 29028,D1,2026-01-14,00:00:00,94.25600000,94.64700000,94.20200000,94.20300000,3245
OFZ 29028,D1,2026-01-15,00:00:00,94.49900000,94.49900000,94.20000000,94.49800000,8138
OFZ 29028,D1,2026-01-16,00:00:00,94.68000000,94.68300000,94.22100000,94.49000000,552169
OFZ 29028,D1,2026-01-19,00:00:00,95.59000000,95.59000000,94.22100000,94.43600000,4520
OFZ 29028,D1,2026-01-20,00:00:00,94.32000000,94.49900000,94.32000000,94.37000000,3497
OFZ 29028,D1,2026-01-21,00:00:00,94.67900000,94.67900000,94.35000000,94.50000000,458830
OFZ 29028,D1,2026-01-22,00:00:00,94.67800000,98.29600000,94.35000000,94.59700000,5004
OFZ 29028,D1,2026-01-23,00:00:00,94.60000000,94.66900000,94.36900000,94.50600000,5516
OFZ 29028,D1,2026-01-26,00:00:00,94.68500000,94.68500000,94.40600000,94.56000000,551128
OFZ 29028,D1,2026-01-27,00:00:00,94.56000000,94.70000000,94.48300000,94.69900000,4610036
OFZ 29028,D1,2026-01-28,00:00:00,95.31100000,95.35000000,94.66300000,94.77900000,1403
OFZ 29028,D1,2026-01-29,00:00:00,94.77900000,94.80000000,94.57700000,94.78900000,8409
OFZ 29028,D1,2026-01-30,00:00:00,94.82100000,95.50500000,94.30100000,94.80700000,106207
OFZ 29028,D1,2026-02-02,00:00:00,95.43700000,95.66100000,94.59100000,94.91800000,52820
OFZ 29028,D1,2026-02-03,00:00:00,95.90300000,96.30000000,94.71100000,94.88900000,215409
OFZ 29028,D1,2026-02-04,00:00:00,95.16500000,95.16600000,94.81000000,94.90000000,1431
OFZ 29028,D1,2026-02-05,00:00:00,95.80000000,95.80000000,94.81100000,94.96900000,345
OFZ 29028,D1,2026-02-06,00:00:00,95.77500000,95.77500000,94.81300000,94.98800000,10479
OFZ 29028,D1,2026-02-09,00:00:00,95.96600000,95.96700000,94.58000000,94.99800000,11502
OFZ 29028,D1,2026-02-10,00:00:00,95.80000000,95.80000000,94.73000000,94.80300000,1546
OFZ 29028,D1,2026-02-11,00:00:00,95.10000000,95.10000000,94.81300000,94.91400000,10454
OFZ 29028,D1,2026-02-12,00:00:00,95.75100000,95.99800000,94.70000000,94.87100000,16926
OFZ 29028,D1,2026-02-13,00:00:00,95.07100000,95.11000000,94.68000000,94.92600000,3507
OFZ 29028,D1,2026-02-16,00:00:00,95.07100000,95.84900000,94.68000000,94.84900000,201059
OFZ 29028,D1,2026-02-17,00:00:00,94.90900000,94.90900000,94.65100000,94.90800000,501047
OFZ 29028,D1,2026-02-18,00:00:00,94.99000000,95.69700000,94.61000000,94.89800000,28123
OFZ 29028,D1,2026-02-19,00:00:00,94.69500000,94.99700000,94.20000000,94.65000000,6115
OFZ 29028,D1,2026-02-20,00:00:00,94.98500000,94.98500000,94.44100000,94.50500000,7406
OFZ 29028,D1,2026-02-24,00:00:00,94.50100000,94.89900000,94.50000000,94.60700000,157406
OFZ 29028,D1,2026-02-25,00:00:00,94.51400000,94.72400000,94.48000000,94.57500000,5124
OFZ 29028,D1,2026-02-26,00:00:00,94.71000000,94.96600000,94.48000000,94.96600000,101942
OFZ 29028,D1,2026-02-27,00:00:00,94.96500000,94.96600000,94.38000000,94.57200000,1461
OFZ 29028,D1,2026-03-02,00:00:00,94.68000000,94.77700000,94.38100000,94.52000000,158837
OFZ 29028,D1,2026-03-03,00:00:00,94.77400000,94.77400000,94.42400000,94.69900000,50306
OFZ 29028,D1,2026-03-04,00:00:00,94.54600000,94.77200000,94.54600000,94.74700000,16306
OFZ 29028,D1,2026-03-05,00:00:00,94.60200000,95.11000000,94.50000000,94.55100000,697752
OFZ 29028,D1,2026-03-06,00:00:00,94.59800000,94.65300000,94.27200000,94.57400000,10891
OFZ 29028,D1,2026-03-09,00:00:00,94.57400000,94.62200000,94.25200000,94.47600000,1134
OFZ 29028,D1,2026-03-10,00:00:00,94.52100000,94.84900000,94.47100000,94.59900000,97235
OFZ 29028,D1,2026-03-11,00:00:00,94.60000000,94.83900000,94.50200000,94.65000000,2587412
OFZ 29028,D1,2026-03-12,00:00:00,94.78600000,95.11000000,94.35000000,94.65000000,10823
OFZ 29028,D1,2026-03-13,00:00:00,94.38800000,94.88300000,94.38700000,94.58400000,296648
OFZ 29028,D1,2026-03-16,00:00:00,94.61300000,95.70000000,94.51500000,94.61100000,108453
OFZ 29028,D1,2026-03-17,00:00:00,94.84800000,95.60000000,94.60200000,94.72100000,1130082
OFZ 29028,D1,2026-03-18,00:00:00,94.71500000,94.97800000,94.64100000,94.79300000,334804
OFZ 29028,D1,2026-03-19,00:00:00,94.67300000,94.95300000,94.59200000,94.91700000,794310
OFZ 29028,D1,2026-03-20,00:00:00,95.09500000,95.09500000,94.50100000,94.95000000,1024515
OFZ 29028,D1,2026-03-23,00:00:00,95.06400000,95.06900000,94.80200000,94.85300000,708796
OFZ 29028,D1,2026-03-24,00:00:00,94.85400000,95.06900000,94.85400000,95.00200000,569490
OFZ 29028,D1,2026-03-25,00:00:00,95.09700000,95.85000000,94.98100000,95.85000000,29483
OFZ 29028,D1,2026-03-26,00:00:00,95.46800000,95.85000000,94.55000000,95.75200000,107120
OFZ 29028,D1,2026-03-27,00:00:00,95.72700000,95.84700000,95.36100000,95.50000000,2049
OFZ 29028,D1,2026-03-28,00:00:00,95.42900000,95.89900000,95.42800000,95.71900000,465
OFZ 29028,D1,2026-03-29,00:00:00,95.53300000,95.73300000,95.53300000,95.57500000,184
OFZ 29028,D1,2026-03-30,00:00:00,95.42900000,95.89900000,95.26500000,95.65200000,33548
OFZ 29028,D1,2026-03-31,00:00:00,95.69200000,95.70100000,94.80000000,95.61500000,1336502
OFZ 29028,D1,2026-04-01,00:00:00,95.33700000,95.98000000,95.33600000,95.89900000,256445
OFZ 29028,D1,2026-04-02,00:00:00,95.90600000,95.90600000,95.20000000,95.30000000,508941
OFZ 29028,D1,2026-04-03,00:00:00,95.58900000,95.60000000,95.16100000,95.30000000,21461
OFZ 29028,D1,2026-04-04,00:00:00,95.55100000,95.55200000,95.15100000,95.55000000,602
OFZ 29028,D1,2026-04-05,00:00:00,95.29700000,95.55100000,95.15300000,95.55000000,284
OFZ 29028,D1,2026-04-06,00:00:00,95.55100000,95.55200000,95.15100000,95.29900000,354238
OFZ 29028,D1,2026-04-07,00:00:00,95.39500000,95.69000000,95.18100000,95.61700000,2247
OFZ 29028,D1,2026-04-08,00:00:00,95.57000000,95.57000000,95.05000000,95.30000000,16944
OFZ 29028,D1,2026-04-09,00:00:00,95.66100000,95.66200000,94.96000000,95.19400000,2409
OFZ 29028,D1,2026-04-10,00:00:00,95.36400000,95.42700000,95.00200000,95.32500000,11750
OFZ 29028,D1,2026-04-11,00:00:00,95.18100000,95.43600000,94.80000000,95.14600000,3924
OFZ 29028,D1,2026-04-12,00:00:00,95.33900000,95.35000000,95.00100000,95.34400000,575
OFZ 29028,D1,2026-04-13,00:00:00,95.18100000,95.43600000,94.80000000,95.27500000,5641
OFZ 29028,D1,2026-04-14,00:00:00,95.10000000,95.34900000,95.00400000,95.12000000,11161
OFZ 29028,D1,2026-04-15,00:00:00,95.30800000,95.30900000,95.00000000,95.20000000,8910
OFZ 29028,D1,2026-04-16,00:00:00,95.27400000,95.27800000,95.14100000,95.14100000,10593
OFZ 29028,D1,2026-04-17,00:00:00,95.26500000,95.27500000,94.80100000,95.18400000,10487
OFZ 29028,D1,2026-04-18,00:00:00,95.26600000,95.26600000,95.02500000,95.24700000,308
OFZ 29028,D1,2026-04-19,00:00:00,95.24700000,95.26700000,95.19700000,95.26700000,84
OFZ 29028,D1,2026-04-20,00:00:00,95.26600000,95.26700000,95.02500000,95.26500000,10137
OFZ 29028,D1,2026-04-21,00:00:00,95.22300000,95.34900000,95.04200000,95.34700000,1003022
OFZ 29028,D1,2026-04-22,00:00:00,95.40000000,95.40000000,94.91100000,95.34500000,157649
OFZ 29028,D1,2026-04-23,00:00:00,95.04700000,95.25000000,95.00000000,95.24900000,2787
OFZ 29028,D1,2026-04-24,00:00:00,95.44000000,95.44000000,94.99800000,95.16300000,2112
OFZ 29028,D1,2026-04-25,00:00:00,95.10000000,95.33900000,95.00400000,95.20200000,606
OFZ 29028,D1,2026-04-26,00:00:00,95.13600000,95.20100000,95.12200000,95.19800000,146
OFZ 29028,D1,2026-04-27,00:00:00,95.10000000,95.33900000,94.99100000,95.18900000,1923
OFZ 29028,D1,2026-04-28,00:00:00,95.24300000,95.34900000,94.82200000,94.99000000,104146
OFZ 29028,D1,2026-04-29,00:00:00,94.97300000,95.65000000,94.81100000,95.01700000,3445
OFZ 29028,D1,2026-04-30,00:00:00,94.95000000,95.38000000,94.94000000,95.36900000,21022
OFZ 29028,D1,2026-05-02,00:00:00,95.23900000,95.44400000,95.20700000,95.44400000,178
OFZ 29028,D1,2026-05-03,00:00:00,95.44000000,95.64900000,95.23500000,95.59700000,205
OFZ 29028,D1,2026-05-04,00:00:00,95.44200000,95.64900000,95.06100000,95.28600000,33130
OFZ 29028,D1,2026-05-05,00:00:00,95.17100000,95.35500000,94.85700000,95.14400000,286608
OFZ 29028,D1,2026-05-06,00:00:00,95.16300000,95.17700000,94.80000000,95.08900000,3737
OFZ 29028,D1,2026-05-07,00:00:00,95.17200000,95.24000000,94.97100000,95.10000000,249995
OFZ 29028,D1,2026-05-08,00:00:00,95.01100000,95.21100000,94.90000000,95.20800000,11365
OFZ 29028,D1,2026-05-11,00:00:00,94.88100000,95.15400000,94.59000000,95.14300000,640
OFZ 29028,D1,2026-05-12,00:00:00,95.12400000,95.15700000,94.92500000,95.10000000,1214
OFZ 29028,D1,2026-05-13,00:00:00,95.00000000,95.15700000,94.95300000,95.09900000,90673
OFZ 29028,D1,2026-05-14,00:00:00,94.95200000,95.14900000,94.66100000,95.14000000,120703
OFZ 29028,D1,2026-05-15,00:00:00,95.14000000,95.20000000,94.94100000,95.14600000,2421
OFZ 29028,D1,2026-05-16,00:00:00,95.14600000,95.30000000,95.07300000,95.29900000,210
OFZ 29028,D1,2026-05-17,00:00:00,95.09700000,95.32100000,95.09600000,95.31900000,185
OFZ 29028,D1,2026-05-18,00:00:00,95.14600000,95.32100000,95.07300000,95.32000000,210785
OFZ 29028,D1,2026-05-19,00:00:00,95.03400000,95.34400000,95.00900000,95.27600000,1090
OFZ 29028,D1,2026-05-20,00:00:00,95.27600000,95.30000000,95.03000000,95.20000000,8624
OFZ 29028,D1,2026-05-21,00:00:00,95.32500000,95.45600000,94.90800000,95.03500000,512332
OFZ 29028,D1,2026-05-22,00:00:00,95.38900000,95.38900000,94.97200000,95.19500000,1106
OFZ 29028,D1,2026-05-23,00:00:00,95.19400000,95.25000000,95.01500000,95.24600000,204
OFZ 29028,D1,2026-05-24,00:00:00,95.24900000,95.25000000,95.01500000,95.24500000,133
OFZ 29028,D1,2026-05-25,00:00:00,95.19400000,95.25000000,95.01500000,95.19800000,9389
OFZ 29028,D1,2026-05-26,00:00:00,95.20000000,95.20000000,94.61000000,94.96500000,474911
OFZ 29028,D1,2026-05-27,00:00:00,95.09800000,95.20000000,94.90600000,95.10400000,4657
OFZ 29028,D1,2026-05-28,00:00:00,95.25000000,95.25000000,94.89600000,95.19900000,713249
OFZ 29028,D1,2026-05-29,00:00:00,95.24900000,95.25000000,94.90900000,95.24300000,1664
OFZ 29028,D1,2026-05-30,00:00:00,95.24700000,95.24800000,94.98900000,95.06300000,176
OFZ 29028,D1,2026-05-31,00:00:00,95.24800000,95.33000000,95.12700000,95.32900000,133
OFZ 29028,MN1,2025-12-31,00:00:00,94.10100000,94.79800000,93.50000000,94.19900000,18139083
OFZ 29028,MN1,2026-01-31,00:00:00,94.47400000,98.29600000,94.20000000,94.80700000,6341393
OFZ 29028,MN1,2026-02-28,00:00:00,95.43700000,96.30000000,94.20000000,94.57200000,1334102
OFZ 29028,MN1,2026-03-31,00:00:00,94.68000000,95.89900000,94.25200000,95.61500000,10107145
OFZ 29028,MN1,2026-04-30,00:00:00,95.33700000,95.98000000,94.80000000,95.36900000,2533999
OFZ 29028,W1,2025-12-07,00:00:00,94.10100000,94.49700000,94.00000000,94.09500000,271868
OFZ 29028,W1,2025-12-14,00:00:00,94.18400000,94.69800000,94.00000000,94.35500000,14361852
OFZ 29028,W1,2025-12-21,00:00:00,94.36200000,94.74100000,94.20600000,94.44800000,27061
OFZ 29028,W1,2025-12-28,00:00:00,94.66600000,94.79800000,94.20000000,94.39700000,3159902
OFZ 29028,W1,2026-01-04,00:00:00,94.54300000,94.74700000,93.50000000,94.19900000,318400
OFZ 29028,W1,2026-01-11,00:00:00,94.47400000,97.75500000,94.22900000,94.72300000,11085
OFZ 29028,W1,2026-01-18,00:00:00,94.72300000,94.82500000,94.20000000,94.49000000,575758
OFZ 29028,W1,2026-01-25,00:00:00,95.59000000,98.29600000,94.22100000,94.50600000,477367
OFZ 29028,W1,2026-02-01,00:00:00,94.68500000,95.50500000,94.30100000,94.80700000,5277183
OFZ 29028,W1,2026-02-08,00:00:00,95.43700000,96.30000000,94.59100000,94.98800000,280484
OFZ 29028,W1,2026-02-15,00:00:00,95.96600000,95.99800000,94.58000000,94.92600000,43935
OFZ 29028,W1,2026-02-22,00:00:00,95.07100000,95.84900000,94.20000000,94.50500000,743750
OFZ 29028,W1,2026-03-01,00:00:00,94.50100000,94.96600000,94.38000000,94.57200000,265933
OFZ 29028,W1,2026-03-08,00:00:00,94.68000000,95.11000000,94.27200000,94.57400000,934092
OFZ 29028,W1,2026-03-15,00:00:00,94.57400000,95.11000000,94.25200000,94.58400000,2993252
OFZ 29028,W1,2026-03-22,00:00:00,94.61300000,95.70000000,94.50100000,94.95000000,3392164
OFZ 29028,W1,2026-03-29,00:00:00,95.06400000,95.89900000,94.55000000,95.57500000,1417587
OFZ 29028,W1,2026-04-05,00:00:00,95.42900000,95.98000000,94.80000000,95.55000000,2157783
OFZ 29028,W1,2026-04-12,00:00:00,95.55100000,95.69000000,94.80000000,95.34400000,392087
OFZ 29028,W1,2026-04-19,00:00:00,95.18100000,95.43600000,94.80000000,95.26700000,47184
OFZ 29028,W1,2026-04-26,00:00:00,95.26600000,95.44000000,94.91100000,95.19800000,1176459
OFZ 29028,W1,2026-05-03,00:00:00,95.10000000,95.65000000,94.81100000,95.59700000,130919
OFZ 29028,W1,2026-05-10,00:00:00,95.44200000,95.64900000,94.80000000,95.20800000,584835
OFZ 29028,W1,2026-05-17,00:00:00,94.88100000,95.32100000,94.59000000,95.31900000,216046
OFZ 29028,W1,2026-05-24,00:00:00,95.14600000,95.45600000,94.90800000,95.24500000,734274
OFZ 29029,D1,2025-12-01,00:00:00,94.49000000,94.49000000,93.85100000,93.99800000,68673
OFZ 29029,D1,2025-12-02,00:00:00,94.00000000,94.10000000,93.91200000,93.95000000,25812
OFZ 29029,D1,2025-12-03,00:00:00,93.95100000,94.74900000,93.92900000,94.00000000,6052
OFZ 29029,D1,2025-12-04,00:00:00,94.14000000,94.39800000,93.90000000,94.09600000,3288
OFZ 29029,D1,2025-12-05,00:00:00,94.33100000,94.33200000,93.92700000,94.04800000,5223
OFZ 29029,D1,2025-12-08,00:00:00,94.09000000,94.14800000,93.95000000,94.09900000,3145
OFZ 29029,D1,2025-12-09,00:00:00,94.15000000,94.15000000,94.00000000,94.00000000,62348
OFZ 29029,D1,2025-12-10,00:00:00,94.00100000,94.20000000,93.80200000,94.19900000,2127788
OFZ 29029,D1,2025-12-11,00:00:00,94.34700000,94.39900000,94.10100000,94.39400000,501908
OFZ 29029,D1,2025-12-12,00:00:00,94.10200000,94.37800000,94.10200000,94.28900000,11157
OFZ 29029,D1,2025-12-15,00:00:00,94.29800000,94.50000000,94.10100000,94.50000000,1921
OFZ 29029,D1,2025-12-16,00:00:00,94.49800000,94.50000000,94.25500000,94.32000000,544
OFZ 29029,D1,2025-12-17,00:00:00,94.39400000,94.51000000,94.00200000,94.32100000,1520
OFZ 29029,D1,2025-12-18,00:00:00,94.54900000,94.59900000,94.10500000,94.58800000,12232
OFZ 29029,D1,2025-12-19,00:00:00,94.30000000,94.58900000,94.25100000,94.55900000,11882
OFZ 29029,D1,2025-12-22,00:00:00,94.67600000,96.94800000,93.90000000,94.43900000,5222
OFZ 29029,D1,2025-12-23,00:00:00,94.25500000,94.47900000,94.07700000,94.10300000,115461
OFZ 29029,D1,2025-12-24,00:00:00,94.15000000,94.47600000,94.00000000,94.37000000,714
OFZ 29029,D1,2025-12-25,00:00:00,94.38300000,94.38300000,94.29400000,94.30000000,204965
OFZ 29029,D1,2025-12-26,00:00:00,94.34400000,94.44900000,94.16600000,94.39900000,853721
OFZ 29029,D1,2025-12-29,00:00:00,94.68500000,94.68600000,93.85000000,93.90000000,1993152
OFZ 29029,D1,2025-12-30,00:00:00,94.06100000,94.20600000,93.89700000,94.08900000,1004224
OFZ 29029,D1,2026-01-05,00:00:00,94.37900000,94.49000000,93.75100000,94.33600000,4417
OFZ 29029,D1,2026-01-06,00:00:00,94.10100000,94.39700000,94.10100000,94.39700000,1042
OFZ 29029,D1,2026-01-08,00:00:00,94.39400000,94.47000000,93.94400000,94.16300000,695
OFZ 29029,D1,2026-01-09,00:00:00,94.16000000,94.44900000,94.14000000,94.41300000,748
OFZ 29029,D1,2026-01-12,00:00:00,94.46900000,94.46900000,94.00100000,94.29200000,1517
OFZ 29029,D1,2026-01-13,00:00:00,94.38800000,94.69000000,94.00000000,94.18800000,31028
OFZ 29029,D1,2026-01-14,00:00:00,94.41700000,94.41700000,94.01000000,94.15200000,260767
OFZ 29029,D1,2026-01-15,00:00:00,94.25400000,94.30000000,94.11800000,94.29900000,550918
OFZ 29029,D1,2026-01-16,00:00:00,94.40900000,94.42000000,94.15200000,94.15200000,7188
OFZ 29029,D1,2026-01-19,00:00:00,94.29600000,94.49900000,94.01800000,94.29000000,1007284
OFZ 29029,D1,2026-01-20,00:00:00,94.29100000,94.90000000,94.18800000,94.28900000,425300
OFZ 29029,D1,2026-01-21,00:00:00,94.20000000,94.49700000,94.00100000,94.30000000,499373
OFZ 29029,D1,2026-01-22,00:00:00,96.01000000,96.01000000,93.94800000,94.29400000,11988
OFZ 29029,D1,2026-01-23,00:00:00,95.84600000,95.84600000,94.06800000,94.31000000,8163
OFZ 29029,D1,2026-01-26,00:00:00,94.36900000,94.54000000,94.18000000,94.50000000,56286
OFZ 29029,D1,2026-01-27,00:00:00,94.50000000,94.79000000,94.30000000,94.44000000,1060299
OFZ 29029,D1,2026-01-28,00:00:00,94.74900000,94.74900000,94.20000000,94.44000000,89371
OFZ 29029,D1,2026-01-29,00:00:00,94.74100000,94.76700000,94.30100000,94.55000000,101717
OFZ 29029,D1,2026-01-30,00:00:00,94.70000000,94.79000000,94.50000000,94.60000000,504270
OFZ 29029,D1,2026-02-02,00:00:00,94.79000000,94.99900000,94.51100000,94.79000000,3421
OFZ 29029,D1,2026-02-03,00:00:00,94.78200000,95.00000000,94.64100000,94.89900000,3218
OFZ 29029,D1,2026-02-04,00:00:00,94.71000000,95.99800000,94.69500000,94.99900000,27521
OFZ 29029,D1,2026-02-05,00:00:00,95.00000000,95.49700000,94.54500000,95.48200000,49248
OFZ 29029,D1,2026-02-06,00:00:00,95.49000000,95.49900000,94.49900000,94.75000000,40642
OFZ 29029,D1,2026-02-09,00:00:00,95.14900000,95.14900000,94.50000000,95.14900000,12107
OFZ 29029,D1,2026-02-10,00:00:00,95.14900000,95.15000000,94.60100000,94.64900000,21873
OFZ 29029,D1,2026-02-11,00:00:00,94.98100000,94.98100000,94.51200000,94.74900000,64692
OFZ 29029,D1,2026-02-12,00:00:00,94.78200000,95.14900000,94.51200000,94.69900000,13753
OFZ 29029,D1,2026-02-13,00:00:00,94.96100000,94.99000000,94.60000000,94.93900000,20293
OFZ 29029,D1,2026-02-16,00:00:00,94.93900000,95.09600000,94.51800000,94.64900000,455047
OFZ 29029,D1,2026-02-17,00:00:00,94.64900000,94.77400000,94.51500000,94.58500000,2294
OFZ 29029,D1,2026-02-18,00:00:00,94.68600000,94.69700000,94.50000000,94.55000000,3593
OFZ 29029,D1,2026-02-19,00:00:00,94.66000000,94.69600000,94.30200000,94.39900000,3282
OFZ 29029,D1,2026-02-20,00:00:00,94.60100000,94.60100000,94.25300000,94.57800000,1059
OFZ 29029,D1,2026-02-24,00:00:00,94.60100000,94.60100000,94.30200000,94.50000000,2253
OFZ 29029,D1,2026-02-25,00:00:00,94.59300000,94.59300000,94.27900000,94.37000000,18980
OFZ 29029,D1,2026-02-26,00:00:00,94.57400000,94.57400000,94.25000000,94.35000000,11101
OFZ 29029,D1,2026-02-27,00:00:00,94.30300000,94.57000000,94.26100000,94.30000000,772075
OFZ 29029,D1,2026-03-02,00:00:00,94.30000000,94.55000000,94.25000000,94.25100000,15525
OFZ 29029,D1,2026-03-03,00:00:00,94.26100000,94.53900000,94.12400000,94.40000000,304276
OFZ 29029,D1,2026-03-04,00:00:00,94.50700000,94.50700000,94.20000000,94.39000000,11241
OFZ 29029,D1,2026-03-05,00:00:00,94.49400000,94.49500000,94.20000000,94.34700000,221392
OFZ 29029,D1,2026-03-06,00:00:00,94.49400000,94.78000000,94.20000000,94.33400000,46164
OFZ 29029,D1,2026-03-09,00:00:00,94.25000000,94.72000000,94.15300000,94.65100000,6671
OFZ 29029,D1,2026-03-10,00:00:00,94.65500000,94.65600000,94.22800000,94.34900000,7566
OFZ 29029,D1,2026-03-11,00:00:00,94.41800000,94.71900000,94.25000000,94.38900000,4626
OFZ 29029,D1,2026-03-12,00:00:00,94.39200000,94.56800000,94.30000000,94.39500000,5911
OFZ 29029,D1,2026-03-13,00:00:00,94.43800000,94.61000000,94.26000000,94.39800000,12081
OFZ 29029,D1,2026-03-16,00:00:00,94.61200000,94.61200000,94.27400000,94.39200000,5787
OFZ 29029,D1,2026-03-17,00:00:00,94.58000000,94.70000000,94.28400000,94.28400000,5697
OFZ 29029,D1,2026-03-18,00:00:00,94.59000000,94.59200000,94.28400000,94.40000000,2558
OFZ 29029,D1,2026-03-19,00:00:00,94.68200000,94.68200000,94.30200000,94.42000000,131851
OFZ 29029,D1,2026-03-20,00:00:00,94.31100000,94.93200000,94.31100000,94.60000000,171840
OFZ 29029,D1,2026-03-23,00:00:00,94.89400000,94.90000000,94.32100000,94.33100000,13175
OFZ 29029,D1,2026-03-24,00:00:00,94.37100000,94.66900000,94.32100000,94.51100000,7124
OFZ 29029,D1,2026-03-25,00:00:00,94.74500000,94.93000000,94.43200000,94.93000000,16952
OFZ 29029,D1,2026-03-26,00:00:00,94.90000000,95.30000000,94.30000000,95.24900000,11425
OFZ 29029,D1,2026-03-27,00:00:00,95.24900000,95.75000000,94.62300000,95.00000000,17359
OFZ 29029,D1,2026-03-28,00:00:00,94.85300000,95.09900000,94.39800000,94.39900000,2422
OFZ 29029,D1,2026-03-29,00:00:00,94.61800000,95.00200000,94.60000000,95.00100000,1239
OFZ 29029,D1,2026-03-30,00:00:00,94.85300000,95.09900000,94.39800000,94.85000000,6728
OFZ 29029,D1,2026-03-31,00:00:00,94.80000000,95.09900000,94.77900000,94.94900000,317286
OFZ 29029,D1,2026-04-01,00:00:00,94.95100000,95.11300000,94.95000000,95.10000000,253466
OFZ 29029,D1,2026-04-02,00:00:00,95.08900000,95.29800000,94.93500000,94.95200000,3088
OFZ 29029,D1,2026-04-03,00:00:00,95.25800000,95.27200000,94.95100000,95.00000000,5294
OFZ 29029,D1,2026-04-04,00:00:00,95.00100000,95.30000000,94.60000000,95.04700000,6358
OFZ 29029,D1,2026-04-05,00:00:00,95.04000000,95.10100000,94.70100000,95.00000000,643
OFZ 29029,D1,2026-04-06,00:00:00,95.00100000,95.30000000,94.60000000,95.09700000,18261
OFZ 29029,D1,2026-04-07,00:00:00,95.45900000,95.45900000,94.97500000,95.14500000,2757
OFZ 29029,D1,2026-04-08,00:00:00,95.49900000,95.49900000,94.90000000,95.10000000,547108
OFZ 29029,D1,2026-04-09,00:00:00,95.47500000,95.47700000,94.81000000,95.20100000,3215
OFZ 29029,D1,2026-04-10,00:00:00,95.49900000,95.89900000,94.74000000,94.99900000,5266
OFZ 29029,D1,2026-04-11,00:00:00,95.29300000,95.30100000,94.93500000,95.30100000,588
OFZ 29029,D1,2026-04-12,00:00:00,95.47800000,95.47800000,94.94100000,95.29400000,388
OFZ 29029,D1,2026-04-13,00:00:00,95.29300000,95.89600000,94.85000000,94.91200000,460296
OFZ 29029,D1,2026-04-14,00:00:00,95.00100000,95.70100000,94.75200000,94.89400000,8694
OFZ 29029,D1,2026-04-15,00:00:00,94.89400000,95.30100000,94.80000000,95.30100000,18928
OFZ 29029,D1,2026-04-16,00:00:00,95.59400000,95.59800000,94.85000000,94.85300000,8904
OFZ 29029,D1,2026-04-17,00:00:00,94.85400000,95.08700000,94.83900000,94.83900000,3555
OFZ 29029,D1,2026-04-18,00:00:00,95.07100000,95.07100000,94.80200000,95.00100000,273
OFZ 29029,D1,2026-04-19,00:00:00,95.06800000,95.21000000,94.96700000,95.20800000,1870
OFZ 29029,D1,2026-04-20,00:00:00,95.07100000,95.78300000,94.80200000,95.19900000,4761
OFZ 29029,D1,2026-04-21,00:00:00,95.19200000,95.39300000,94.88000000,94.89900000,13814
OFZ 29029,D1,2026-04-22,00:00:00,94.91100000,95.24600000,94.79500000,94.79900000,23471
OFZ 29029,D1,2026-04-23,00:00:00,94.99900000,95.00000000,94.61000000,94.84900000,63628
OFZ 29029,D1,2026-04-24,00:00:00,95.02700000,95.19000000,94.65000000,94.99300000,10472
OFZ 29029,D1,2026-04-25,00:00:00,94.67300000,95.15200000,94.66700000,95.10000000,2032
OFZ 29029,D1,2026-04-26,00:00:00,95.10000000,95.10000000,94.64300000,95.01100000,1160
OFZ 29029,D1,2026-04-27,00:00:00,94.67300000,95.15200000,94.64300000,95.04500000,39797
OFZ 29029,D1,2026-04-28,00:00:00,94.93000000,95.13900000,94.75100000,94.80000000,304781
OFZ 29029,D1,2026-04-29,00:00:00,94.74100000,95.12900000,94.74100000,95.12900000,7483
OFZ 29029,D1,2026-04-30,00:00:00,95.12900000,95.12900000,94.87400000,95.04000000,1729
OFZ 29029,D1,2026-05-02,00:00:00,95.15000000,95.15200000,95.01000000,95.15000000,640
OFZ 29029,D1,2026-05-03,00:00:00,95.19800000,95.19800000,94.93700000,95.01900000,838
OFZ 29029,D1,2026-05-04,00:00:00,94.94200000,95.20000000,94.63300000,94.65000000,13446
OFZ 29029,D1,2026-05-05,00:00:00,94.99200000,94.99300000,94.60000000,94.69900000,547279
OFZ 29029,D1,2026-05-06,00:00:00,94.89200000,94.89200000,94.60100000,94.83700000,3622
OFZ 29029,D1,2026-05-07,00:00:00,94.66000000,94.83100000,94.55700000,94.76000000,1762
OFZ 29029,D1,2026-05-08,00:00:00,94.82300000,94.82300000,94.50300000,94.76300000,47443
OFZ 29029,D1,2026-05-11,00:00:00,94.76300000,94.81100000,94.45000000,94.78500000,5472
OFZ 29029,D1,2026-05-12,00:00:00,94.58600000,94.97700000,94.48200000,94.97700000,5133
OFZ 29029,D1,2026-05-13,00:00:00,95.08000000,95.18000000,94.65000000,94.95000000,24755
OFZ 29029,D1,2026-05-14,00:00:00,95.09800000,95.09800000,94.70000000,94.80400000,8757
OFZ 29029,D1,2026-05-15,00:00:00,94.80100000,95.08200000,94.71600000,94.85000000,791
OFZ 29029,D1,2026-05-16,00:00:00,95.03000000,95.03000000,94.68000000,94.77500000,173
OFZ 29029,D1,2026-05-17,00:00:00,94.98000000,94.98100000,94.68500000,94.80000000,148
OFZ 29029,D1,2026-05-18,00:00:00,95.03000000,95.10000000,94.68000000,94.80900000,27211
OFZ 29029,D1,2026-05-19,00:00:00,95.00000000,95.03000000,94.70900000,95.00000000,1118
OFZ 29029,D1,2026-05-20,00:00:00,95.00000000,95.13900000,94.90200000,94.99900000,772
OFZ 29029,D1,2026-05-21,00:00:00,94.99900000,95.15100000,94.70000000,94.91600000,213290
OFZ 29029,D1,2026-05-22,00:00:00,94.91600000,94.95100000,94.76400000,94.91600000,2403
OFZ 29029,D1,2026-05-23,00:00:00,94.76400000,94.96600000,94.76400000,94.96400000,477
OFZ 29029,D1,2026-05-24,00:00:00,94.86700000,94.99900000,94.78700000,94.94300000,575
OFZ 29029,D1,2026-05-25,00:00:00,94.76400000,94.99900000,94.76400000,94.91000000,2447
OFZ 29029,D1,2026-05-26,00:00:00,94.91000000,94.97400000,94.60100000,94.93400000,3881
OFZ 29029,D1,2026-05-27,00:00:00,94.93400000,94.96300000,94.66600000,94.80000000,2683
OFZ 29029,D1,2026-05-28,00:00:00,94.86400000,94.96400000,94.72000000,94.92000000,8202
OFZ 29029,D1,2026-05-29,00:00:00,95.08900000,95.08900000,94.72300000,94.93100000,2419
OFZ 29029,D1,2026-05-30,00:00:00,95.08100000,95.08100000,94.73200000,94.90000000,191
OFZ 29029,D1,2026-05-31,00:00:00,94.90000000,95.04600000,94.81900000,94.95200000,235
OFZ 29029,MN1,2025-12-31,00:00:00,94.49000000,96.94800000,93.80200000,94.08900000,7020952
OFZ 29029,MN1,2026-01-31,00:00:00,94.37900000,96.01000000,93.75100000,94.60000000,4622371
OFZ 29029,MN1,2026-02-28,00:00:00,94.79000000,95.99800000,94.25000000,94.30000000,1526452
OFZ 29029,MN1,2026-03-31,00:00:00,94.30000000,95.75000000,94.12400000,94.94900000,1346896
OFZ 29029,MN1,2026-04-30,00:00:00,94.95100000,95.89900000,94.60000000,95.04000000,1822080
OFZ 29029,W1,2025-12-07,00:00:00,94.49000000,94.74900000,93.85100000,94.04800000,109048
OFZ 29029,W1,2025-12-14,00:00:00,94.09000000,94.39900000,93.80200000,94.28900000,2706346
OFZ 29029,W1,2025-12-21,00:00:00,94.29800000,94.59900000,94.00200000,94.55900000,28099
OFZ 29029,W1,2025-12-28,00:00:00,94.67600000,96.94800000,93.90000000,94.39900000,1180083
OFZ 29029,W1,2026-01-04,00:00:00,94.68500000,94.68600000,93.85000000,94.08900000,2997376
OFZ 29029,W1,2026-01-11,00:00:00,94.37900000,94.49000000,93.75100000,94.41300000,6902
OFZ 29029,W1,2026-01-18,00:00:00,94.46900000,94.69000000,94.00000000,94.15200000,851418
OFZ 29029,W1,2026-01-25,00:00:00,94.29600000,96.01000000,93.94800000,94.31000000,1952108
OFZ 29029,W1,2026-02-01,00:00:00,94.36900000,94.79000000,94.18000000,94.60000000,1811943
OFZ 29029,W1,2026-02-08,00:00:00,94.79000000,95.99800000,94.49900000,94.75000000,124050
OFZ 29029,W1,2026-02-15,00:00:00,95.14900000,95.15000000,94.50000000,94.93900000,132718
OFZ 29029,W1,2026-02-22,00:00:00,94.93900000,95.09600000,94.25300000,94.57800000,465275
OFZ 29029,W1,2026-03-01,00:00:00,94.60100000,94.60100000,94.25000000,94.30000000,804409
OFZ 29029,W1,2026-03-08,00:00:00,94.30000000,94.78000000,94.12400000,94.33400000,598598
OFZ 29029,W1,2026-03-15,00:00:00,94.25000000,94.72000000,94.15300000,94.39800000,36855
OFZ 29029,W1,2026-03-22,00:00:00,94.61200000,94.93200000,94.27400000,94.60000000,317733
OFZ 29029,W1,2026-03-29,00:00:00,94.89400000,95.75000000,94.30000000,95.00100000,69696
OFZ 29029,W1,2026-04-05,00:00:00,94.85300000,95.30000000,94.39800000,95.00000000,592863
OFZ 29029,W1,2026-04-12,00:00:00,95.00100000,95.89900000,94.60000000,95.29400000,577583
OFZ 29029,W1,2026-04-19,00:00:00,95.29300000,95.89600000,94.75200000,95.20800000,502520
OFZ 29029,W1,2026-04-26,00:00:00,95.07100000,95.78300000,94.61000000,95.01100000,119338
OFZ 29029,W1,2026-05-03,00:00:00,94.67300000,95.19800000,94.64300000,95.01900000,355268
OFZ 29029,W1,2026-05-10,00:00:00,94.94200000,95.20000000,94.50300000,94.76300000,613552
OFZ 29029,W1,2026-05-17,00:00:00,94.76300000,95.18000000,94.45000000,94.80000000,45229
OFZ 29029,W1,2026-05-24,00:00:00,95.03000000,95.15100000,94.68000000,94.94300000,245846
